observation,age,value,region,sex
DsFreeSus -> Disability,0_4,0.03882698800602889,Andean Latin America,M
DsFreeSus -> Disability,5_9,0.05161084522100495,Andean Latin America,M
DsFreeSus -> Disability,10_14,0.06439470243598103,Andean Latin America,M
DsFreeSus -> Disability,15_19,0.0771785596509571,Andean Latin America,M
DsFreeSus -> Disability,20_24,0.08996241686593316,Andean Latin America,M
DsFreeSus -> Disability,25_29,0.10274627408090924,Andean Latin America,M
DsFreeSus -> Disability,30_39,0.12192205990337333,Andean Latin America,M
DsFreeSus -> Disability,40_49,0.14748977433332547,Andean Latin America,M
DsFreeSus -> Disability,50_59,0.17305748876327762,Andean Latin America,M
DsFreeSus -> Disability,60_69,0.19862520319322974,Andean Latin America,M
DsFreeSus -> Disability,70_79,0.2241929176231819,Andean Latin America,M
DsFreeSus -> Disability,80_100,0.2561525606606221,Andean Latin America,M
DsFreeSus -> Diabetes,0_4,0.0,Andean Latin America,M
DsFreeSus -> Diabetes,5_9,0.0,Andean Latin America,M
DsFreeSus -> Diabetes,10_14,1e-09,Andean Latin America,M
DsFreeSus -> Diabetes,15_19,0.0002,Andean Latin America,M
DsFreeSus -> Diabetes,20_24,0.0003,Andean Latin America,M
DsFreeSus -> Diabetes,25_29,0.0007,Andean Latin America,M
DsFreeSus -> Diabetes,30_39,0.0013,Andean Latin America,M
DsFreeSus -> Diabetes,40_49,0.0023,Andean Latin America,M
DsFreeSus -> Diabetes,50_59,0.0028,Andean Latin America,M
DsFreeSus -> Diabetes,60_69,0.0019,Andean Latin America,M
DsFreeSus -> Diabetes,70_79,0.0043,Andean Latin America,M
DsFreeSus -> Diabetes,80_100,0.0099,Andean Latin America,M
Diabetes -> Disability,0_4,0.031,Andean Latin America,M
Diabetes -> Disability,5_9,0.031,Andean Latin America,M
Diabetes -> Disability,10_14,0.031,Andean Latin America,M
Diabetes -> Disability,15_19,0.031,Andean Latin America,M
Diabetes -> Disability,20_24,0.031,Andean Latin America,M
Diabetes -> Disability,25_29,0.031,Andean Latin America,M
Diabetes -> Disability,30_39,0.031,Andean Latin America,M
Diabetes -> Disability,40_49,0.031,Andean Latin America,M
Diabetes -> Disability,50_59,0.031,Andean Latin America,M
Diabetes -> Disability,60_69,0.031,Andean Latin America,M
Diabetes -> Disability,70_79,0.031,Andean Latin America,M
Diabetes -> Disability,80_100,0.031,Andean Latin America,M
Diabetes -> Deceased,0_4,0.0,Andean Latin America,M
Diabetes -> Deceased,5_9,0.0,Andean Latin America,M
Diabetes -> Deceased,10_14,0.0,Andean Latin America,M
Diabetes -> Deceased,15_19,0.0,Andean Latin America,M
Diabetes -> Deceased,20_24,0.0002443240469835142,Andean Latin America,M
Diabetes -> Deceased,25_29,0.0009162151761881784,Andean Latin America,M
Diabetes -> Deceased,30_39,0.002198916422851628,Andean Latin America,M
Diabetes -> Deceased,40_49,0.0034205366577691994,Andean Latin America,M
Diabetes -> Deceased,50_59,0.005619453080620828,Andean Latin America,M
Diabetes -> Deceased,60_69,0.007390802421251306,Andean Latin America,M
Diabetes -> Deceased,70_79,0.013132417525363888,Andean Latin America,M
Diabetes -> Deceased,80_100,0.02186700220502452,Andean Latin America,M
Diabetes -> DiabeticRetinopathy,0_4,0.0,Andean Latin America,M
Diabetes -> DiabeticRetinopathy,5_9,0.0,Andean Latin America,M
Diabetes -> DiabeticRetinopathy,10_14,0.0,Andean Latin America,M
Diabetes -> DiabeticRetinopathy,15_19,0.0,Andean Latin America,M
Diabetes -> DiabeticRetinopathy,20_24,0.0003873529269355542,Andean Latin America,M
Diabetes -> DiabeticRetinopathy,25_29,0.0009342619330728725,Andean Latin America,M
Diabetes -> DiabeticRetinopathy,30_39,0.003708532522091844,Andean Latin America,M
Diabetes -> DiabeticRetinopathy,40_49,0.003485838779956427,Andean Latin America,M
Diabetes -> DiabeticRetinopathy,50_59,0.0041346306103418546,Andean Latin America,M
Diabetes -> DiabeticRetinopathy,60_69,0.0061364226009858885,Andean Latin America,M
Diabetes -> DiabeticRetinopathy,70_79,0.004360677273390746,Andean Latin America,M
Diabetes -> DiabeticRetinopathy,80_100,0.004229569942267914,Andean Latin America,M
Diabetes -> LowerExtrmAmpt,0_4,0.0,Andean Latin America,M
Diabetes -> LowerExtrmAmpt,5_9,0.0,Andean Latin America,M
Diabetes -> LowerExtrmAmpt,10_14,5.4135989605889994e-05,Andean Latin America,M
Diabetes -> LowerExtrmAmpt,15_19,0.001223865374808771,Andean Latin America,M
Diabetes -> LowerExtrmAmpt,20_24,0.0036798528058877645,Andean Latin America,M
Diabetes -> LowerExtrmAmpt,25_29,0.005775437404450484,Andean Latin America,M
Diabetes -> LowerExtrmAmpt,30_39,0.0049833405765609155,Andean Latin America,M
Diabetes -> LowerExtrmAmpt,40_49,0.0010234584789988346,Andean Latin America,M
Diabetes -> LowerExtrmAmpt,50_59,0.0007389552580185443,Andean Latin America,M
Diabetes -> LowerExtrmAmpt,60_69,0.00520016694679135,Andean Latin America,M
Diabetes -> LowerExtrmAmpt,70_79,0.011385199240986717,Andean Latin America,M
Diabetes -> LowerExtrmAmpt,80_100,0.01290481923991232,Andean Latin America,M
Diabetes -> DiabeticNephropathy,0_4,0.0,Andean Latin America,M
Diabetes -> DiabeticNephropathy,5_9,0.0,Andean Latin America,M
Diabetes -> DiabeticNephropathy,10_14,0.014,Andean Latin America,M
Diabetes -> DiabeticNephropathy,15_19,0.014,Andean Latin America,M
Diabetes -> DiabeticNephropathy,20_24,0.014,Andean Latin America,M
Diabetes -> DiabeticNephropathy,25_29,0.014,Andean Latin America,M
Diabetes -> DiabeticNephropathy,30_39,0.014,Andean Latin America,M
Diabetes -> DiabeticNephropathy,40_49,0.014,Andean Latin America,M
Diabetes -> DiabeticNephropathy,50_59,0.014,Andean Latin America,M
Diabetes -> DiabeticNephropathy,60_69,0.014,Andean Latin America,M
Diabetes -> DiabeticNephropathy,70_79,0.014,Andean Latin America,M
Diabetes -> DiabeticNephropathy,80_100,0.014,Andean Latin America,M
Prevalence -> Diabetes,0_4,0.0,Andean Latin America,M
Prevalence -> Diabetes,5_9,0.0,Andean Latin America,M
Prevalence -> Diabetes,10_14,0.0044395,Andean Latin America,M
Prevalence -> Diabetes,15_19,0.004849300000000001,Andean Latin America,M
Prevalence -> Diabetes,20_24,0.0055323,Andean Latin America,M
Prevalence -> Diabetes,25_29,0.0071032000000000005,Andean Latin America,M
Prevalence -> Diabetes,30_39,0.012089100000000002,Andean Latin America,M
Prevalence -> Diabetes,40_49,0.023017100000000002,Andean Latin America,M
Prevalence -> Diabetes,50_59,0.038384600000000005,Andean Latin America,M
Prevalence -> Diabetes,60_69,0.0495858,Andean Latin America,M
Prevalence -> Diabetes,70_79,0.0558011,Andean Latin America,M
Prevalence -> Diabetes,80_100,0.0897462,Andean Latin America,M
DiabeticRetinopathy -> Disability,0_4,0.338,Andean Latin America,M
DiabeticRetinopathy -> Disability,5_9,0.338,Andean Latin America,M
DiabeticRetinopathy -> Disability,10_14,0.338,Andean Latin America,M
DiabeticRetinopathy -> Disability,15_19,0.338,Andean Latin America,M
DiabeticRetinopathy -> Disability,20_24,0.338,Andean Latin America,M
DiabeticRetinopathy -> Disability,25_29,0.338,Andean Latin America,M
DiabeticRetinopathy -> Disability,30_39,0.338,Andean Latin America,M
DiabeticRetinopathy -> Disability,40_49,0.338,Andean Latin America,M
DiabeticRetinopathy -> Disability,50_59,0.338,Andean Latin America,M
DiabeticRetinopathy -> Disability,60_69,0.338,Andean Latin America,M
DiabeticRetinopathy -> Disability,70_79,0.338,Andean Latin America,M
DiabeticRetinopathy -> Disability,80_100,0.338,Andean Latin America,M
DiabeticRetinopathy -> Deceased,0_4,0.0,Andean Latin America,M
DiabeticRetinopathy -> Deceased,5_9,0.0,Andean Latin America,M
DiabeticRetinopathy -> Deceased,10_14,0.0,Andean Latin America,M
DiabeticRetinopathy -> Deceased,15_19,0.0,Andean Latin America,M
DiabeticRetinopathy -> Deceased,20_24,0.0004,Andean Latin America,M
DiabeticRetinopathy -> Deceased,25_29,0.0022,Andean Latin America,M
DiabeticRetinopathy -> Deceased,30_39,0.0071,Andean Latin America,M
DiabeticRetinopathy -> Deceased,40_49,0.0112,Andean Latin America,M
DiabeticRetinopathy -> Deceased,50_59,0.0186,Andean Latin America,M
DiabeticRetinopathy -> Deceased,60_69,0.0246,Andean Latin America,M
DiabeticRetinopathy -> Deceased,70_79,0.0423,Andean Latin America,M
DiabeticRetinopathy -> Deceased,80_100,0.0716,Andean Latin America,M
Prevalence -> DiabeticRetinopathy,0_4,0.0,Andean Latin America,M
Prevalence -> DiabeticRetinopathy,5_9,0.0,Andean Latin America,M
Prevalence -> DiabeticRetinopathy,10_14,0.0,Andean Latin America,M
Prevalence -> DiabeticRetinopathy,15_19,0.0,Andean Latin America,M
Prevalence -> DiabeticRetinopathy,20_24,0.0003,Andean Latin America,M
Prevalence -> DiabeticRetinopathy,25_29,0.0003,Andean Latin America,M
Prevalence -> DiabeticRetinopathy,30_39,0.0006,Andean Latin America,M
Prevalence -> DiabeticRetinopathy,40_49,0.0014,Andean Latin America,M
Prevalence -> DiabeticRetinopathy,50_59,0.0027,Andean Latin America,M
Prevalence -> DiabeticRetinopathy,60_69,0.0053,Andean Latin America,M
Prevalence -> DiabeticRetinopathy,70_79,0.0073,Andean Latin America,M
Prevalence -> DiabeticRetinopathy,80_100,0.0075,Andean Latin America,M
LowerExtrmAmpt -> Disability,0_4,0.164,Andean Latin America,M
LowerExtrmAmpt -> Disability,5_9,0.164,Andean Latin America,M
LowerExtrmAmpt -> Disability,10_14,0.164,Andean Latin America,M
LowerExtrmAmpt -> Disability,15_19,0.164,Andean Latin America,M
LowerExtrmAmpt -> Disability,20_24,0.164,Andean Latin America,M
LowerExtrmAmpt -> Disability,25_29,0.164,Andean Latin America,M
LowerExtrmAmpt -> Disability,30_39,0.164,Andean Latin America,M
LowerExtrmAmpt -> Disability,40_49,0.164,Andean Latin America,M
LowerExtrmAmpt -> Disability,50_59,0.164,Andean Latin America,M
LowerExtrmAmpt -> Disability,60_69,0.164,Andean Latin America,M
LowerExtrmAmpt -> Disability,70_79,0.164,Andean Latin America,M
LowerExtrmAmpt -> Disability,80_100,0.164,Andean Latin America,M
LowerExtrmAmpt -> Deceased,0_4,0.0,Andean Latin America,M
LowerExtrmAmpt -> Deceased,5_9,0.0,Andean Latin America,M
LowerExtrmAmpt -> Deceased,10_14,0.0,Andean Latin America,M
LowerExtrmAmpt -> Deceased,15_19,0.0,Andean Latin America,M
LowerExtrmAmpt -> Deceased,20_24,0.0005,Andean Latin America,M
LowerExtrmAmpt -> Deceased,25_29,0.0024,Andean Latin America,M
LowerExtrmAmpt -> Deceased,30_39,0.0071,Andean Latin America,M
LowerExtrmAmpt -> Deceased,40_49,0.011,Andean Latin America,M
LowerExtrmAmpt -> Deceased,50_59,0.0184,Andean Latin America,M
LowerExtrmAmpt -> Deceased,60_69,0.0252,Andean Latin America,M
LowerExtrmAmpt -> Deceased,70_79,0.0437,Andean Latin America,M
LowerExtrmAmpt -> Deceased,80_100,0.0727,Andean Latin America,M
Prevalence -> LowerExtrmAmpt,0_4,0.0,Andean Latin America,M
Prevalence -> LowerExtrmAmpt,5_9,0.0,Andean Latin America,M
Prevalence -> LowerExtrmAmpt,10_14,0.0,Andean Latin America,M
Prevalence -> LowerExtrmAmpt,15_19,0.0,Andean Latin America,M
Prevalence -> LowerExtrmAmpt,20_24,0.0001,Andean Latin America,M
Prevalence -> LowerExtrmAmpt,25_29,0.0003,Andean Latin America,M
Prevalence -> LowerExtrmAmpt,30_39,0.0009,Andean Latin America,M
Prevalence -> LowerExtrmAmpt,40_49,0.0014,Andean Latin America,M
Prevalence -> LowerExtrmAmpt,50_59,0.0015,Andean Latin America,M
Prevalence -> LowerExtrmAmpt,60_69,0.0029,Andean Latin America,M
Prevalence -> LowerExtrmAmpt,70_79,0.0071,Andean Latin America,M
Prevalence -> LowerExtrmAmpt,80_100,0.0151,Andean Latin America,M
Disability -> Disability,0_4,0.0,Andean Latin America,M
Disability -> Disability,5_9,0.0,Andean Latin America,M
Disability -> Disability,10_14,0.0,Andean Latin America,M
Disability -> Disability,15_19,0.0,Andean Latin America,M
Disability -> Disability,20_24,0.0,Andean Latin America,M
Disability -> Disability,25_29,0.0,Andean Latin America,M
Disability -> Disability,30_39,0.0,Andean Latin America,M
Disability -> Disability,40_49,0.0,Andean Latin America,M
Disability -> Disability,50_59,0.0,Andean Latin America,M
Disability -> Disability,60_69,0.0,Andean Latin America,M
Disability -> Disability,70_79,0.0,Andean Latin America,M
Disability -> Disability,80_100,0.0,Andean Latin America,M
StdGlycControl -> DiabeticRetinopathy,0_4,-75.0,Andean Latin America,M
StdGlycControl -> DiabeticRetinopathy,5_9,-75.0,Andean Latin America,M
StdGlycControl -> DiabeticRetinopathy,10_14,-75.0,Andean Latin America,M
StdGlycControl -> DiabeticRetinopathy,15_19,-75.0,Andean Latin America,M
StdGlycControl -> DiabeticRetinopathy,20_24,-75.0,Andean Latin America,M
StdGlycControl -> DiabeticRetinopathy,25_29,-75.0,Andean Latin America,M
StdGlycControl -> DiabeticRetinopathy,30_39,-75.0,Andean Latin America,M
StdGlycControl -> DiabeticRetinopathy,40_49,-75.0,Andean Latin America,M
StdGlycControl -> DiabeticRetinopathy,50_59,-75.0,Andean Latin America,M
StdGlycControl -> DiabeticRetinopathy,60_69,-75.0,Andean Latin America,M
StdGlycControl -> DiabeticRetinopathy,70_79,-75.0,Andean Latin America,M
StdGlycControl -> DiabeticRetinopathy,80_100,-75.0,Andean Latin America,M
StdGlycControl -> LowerExtrmAmpt,0_4,-28.6,Andean Latin America,M
StdGlycControl -> LowerExtrmAmpt,5_9,-28.6,Andean Latin America,M
StdGlycControl -> LowerExtrmAmpt,10_14,-28.6,Andean Latin America,M
StdGlycControl -> LowerExtrmAmpt,15_19,-28.6,Andean Latin America,M
StdGlycControl -> LowerExtrmAmpt,20_24,-28.6,Andean Latin America,M
StdGlycControl -> LowerExtrmAmpt,25_29,-28.6,Andean Latin America,M
StdGlycControl -> LowerExtrmAmpt,30_39,-28.6,Andean Latin America,M
StdGlycControl -> LowerExtrmAmpt,40_49,-28.6,Andean Latin America,M
StdGlycControl -> LowerExtrmAmpt,50_59,-28.6,Andean Latin America,M
StdGlycControl -> LowerExtrmAmpt,60_69,-28.6,Andean Latin America,M
StdGlycControl -> LowerExtrmAmpt,70_79,-28.6,Andean Latin America,M
StdGlycControl -> LowerExtrmAmpt,80_100,-28.6,Andean Latin America,M
StdGlycControl -> DiabeticNephropathy,0_4,-39.0,Andean Latin America,M
StdGlycControl -> DiabeticNephropathy,5_9,-39.0,Andean Latin America,M
StdGlycControl -> DiabeticNephropathy,10_14,-39.0,Andean Latin America,M
StdGlycControl -> DiabeticNephropathy,15_19,-39.0,Andean Latin America,M
StdGlycControl -> DiabeticNephropathy,20_24,-39.0,Andean Latin America,M
StdGlycControl -> DiabeticNephropathy,25_29,-39.0,Andean Latin America,M
StdGlycControl -> DiabeticNephropathy,30_39,-39.0,Andean Latin America,M
StdGlycControl -> DiabeticNephropathy,40_49,-39.0,Andean Latin America,M
StdGlycControl -> DiabeticNephropathy,50_59,-39.0,Andean Latin America,M
StdGlycControl -> DiabeticNephropathy,60_69,-39.0,Andean Latin America,M
StdGlycControl -> DiabeticNephropathy,70_79,-39.0,Andean Latin America,M
StdGlycControl -> DiabeticNephropathy,80_100,-39.0,Andean Latin America,M
IntsvGlycControl -> DiabeticRetinopathy,0_4,-65.0,Andean Latin America,M
IntsvGlycControl -> DiabeticRetinopathy,5_9,-65.0,Andean Latin America,M
IntsvGlycControl -> DiabeticRetinopathy,10_14,-65.0,Andean Latin America,M
IntsvGlycControl -> DiabeticRetinopathy,15_19,-65.0,Andean Latin America,M
IntsvGlycControl -> DiabeticRetinopathy,20_24,-65.0,Andean Latin America,M
IntsvGlycControl -> DiabeticRetinopathy,25_29,-65.0,Andean Latin America,M
IntsvGlycControl -> DiabeticRetinopathy,30_39,-65.0,Andean Latin America,M
IntsvGlycControl -> DiabeticRetinopathy,40_49,-65.0,Andean Latin America,M
IntsvGlycControl -> DiabeticRetinopathy,50_59,-65.0,Andean Latin America,M
IntsvGlycControl -> DiabeticRetinopathy,60_69,-65.0,Andean Latin America,M
IntsvGlycControl -> DiabeticRetinopathy,70_79,-65.0,Andean Latin America,M
IntsvGlycControl -> DiabeticRetinopathy,80_100,-65.0,Andean Latin America,M
IntsvGlycControl -> LowerExtrmAmpt,0_4,-15.1,Andean Latin America,M
IntsvGlycControl -> LowerExtrmAmpt,5_9,-15.1,Andean Latin America,M
IntsvGlycControl -> LowerExtrmAmpt,10_14,-15.1,Andean Latin America,M
IntsvGlycControl -> LowerExtrmAmpt,15_19,-15.1,Andean Latin America,M
IntsvGlycControl -> LowerExtrmAmpt,20_24,-15.1,Andean Latin America,M
IntsvGlycControl -> LowerExtrmAmpt,25_29,-15.1,Andean Latin America,M
IntsvGlycControl -> LowerExtrmAmpt,30_39,-15.1,Andean Latin America,M
IntsvGlycControl -> LowerExtrmAmpt,40_49,-15.1,Andean Latin America,M
IntsvGlycControl -> LowerExtrmAmpt,50_59,-15.1,Andean Latin America,M
IntsvGlycControl -> LowerExtrmAmpt,60_69,-15.1,Andean Latin America,M
IntsvGlycControl -> LowerExtrmAmpt,70_79,-15.1,Andean Latin America,M
IntsvGlycControl -> LowerExtrmAmpt,80_100,-15.1,Andean Latin America,M
IntsvGlycControl -> DiabeticNephropathy,0_4,-39.0,Andean Latin America,M
IntsvGlycControl -> DiabeticNephropathy,5_9,-39.0,Andean Latin America,M
IntsvGlycControl -> DiabeticNephropathy,10_14,-39.0,Andean Latin America,M
IntsvGlycControl -> DiabeticNephropathy,15_19,-39.0,Andean Latin America,M
IntsvGlycControl -> DiabeticNephropathy,20_24,-39.0,Andean Latin America,M
IntsvGlycControl -> DiabeticNephropathy,25_29,-39.0,Andean Latin America,M
IntsvGlycControl -> DiabeticNephropathy,30_39,-39.0,Andean Latin America,M
IntsvGlycControl -> DiabeticNephropathy,40_49,-39.0,Andean Latin America,M
IntsvGlycControl -> DiabeticNephropathy,50_59,-39.0,Andean Latin America,M
IntsvGlycControl -> DiabeticNephropathy,60_69,-39.0,Andean Latin America,M
IntsvGlycControl -> DiabeticNephropathy,70_79,-39.0,Andean Latin America,M
IntsvGlycControl -> DiabeticNephropathy,80_100,-39.0,Andean Latin America,M
RetinopathyScrn -> DiabeticRetinopathy,0_4,-20.0,Andean Latin America,M
RetinopathyScrn -> DiabeticRetinopathy,5_9,-20.0,Andean Latin America,M
RetinopathyScrn -> DiabeticRetinopathy,10_14,-20.0,Andean Latin America,M
RetinopathyScrn -> DiabeticRetinopathy,15_19,-20.0,Andean Latin America,M
RetinopathyScrn -> DiabeticRetinopathy,20_24,-20.0,Andean Latin America,M
RetinopathyScrn -> DiabeticRetinopathy,25_29,-20.0,Andean Latin America,M
RetinopathyScrn -> DiabeticRetinopathy,30_39,-20.0,Andean Latin America,M
RetinopathyScrn -> DiabeticRetinopathy,40_49,-20.0,Andean Latin America,M
RetinopathyScrn -> DiabeticRetinopathy,50_59,-20.0,Andean Latin America,M
RetinopathyScrn -> DiabeticRetinopathy,60_69,-20.0,Andean Latin America,M
RetinopathyScrn -> DiabeticRetinopathy,70_79,-20.0,Andean Latin America,M
RetinopathyScrn -> DiabeticRetinopathy,80_100,-20.0,Andean Latin America,M
NeuropathyScr -> LowerExtrmAmpt,0_4,-35.0,Andean Latin America,M
NeuropathyScr -> LowerExtrmAmpt,5_9,-35.0,Andean Latin America,M
NeuropathyScr -> LowerExtrmAmpt,10_14,-35.0,Andean Latin America,M
NeuropathyScr -> LowerExtrmAmpt,15_19,-35.0,Andean Latin America,M
NeuropathyScr -> LowerExtrmAmpt,20_24,-35.0,Andean Latin America,M
NeuropathyScr -> LowerExtrmAmpt,25_29,-35.0,Andean Latin America,M
NeuropathyScr -> LowerExtrmAmpt,30_39,-35.0,Andean Latin America,M
NeuropathyScr -> LowerExtrmAmpt,40_49,-35.0,Andean Latin America,M
NeuropathyScr -> LowerExtrmAmpt,50_59,-35.0,Andean Latin America,M
NeuropathyScr -> LowerExtrmAmpt,60_69,-35.0,Andean Latin America,M
NeuropathyScr -> LowerExtrmAmpt,70_79,-35.0,Andean Latin America,M
NeuropathyScr -> LowerExtrmAmpt,80_100,-35.0,Andean Latin America,M
NephropathyScr -> DiabeticNephropathy,0_4,-24.0,Andean Latin America,M
NephropathyScr -> DiabeticNephropathy,5_9,-24.0,Andean Latin America,M
NephropathyScr -> DiabeticNephropathy,10_14,-24.0,Andean Latin America,M
NephropathyScr -> DiabeticNephropathy,15_19,-24.0,Andean Latin America,M
NephropathyScr -> DiabeticNephropathy,20_24,-24.0,Andean Latin America,M
NephropathyScr -> DiabeticNephropathy,25_29,-24.0,Andean Latin America,M
NephropathyScr -> DiabeticNephropathy,30_39,-24.0,Andean Latin America,M
NephropathyScr -> DiabeticNephropathy,40_49,-24.0,Andean Latin America,M
NephropathyScr -> DiabeticNephropathy,50_59,-24.0,Andean Latin America,M
NephropathyScr -> DiabeticNephropathy,60_69,-24.0,Andean Latin America,M
NephropathyScr -> DiabeticNephropathy,70_79,-24.0,Andean Latin America,M
NephropathyScr -> DiabeticNephropathy,80_100,-24.0,Andean Latin America,M
DiabeticNephropathy -> Disability,0_4,0.338,Andean Latin America,M
DiabeticNephropathy -> Disability,5_9,0.338,Andean Latin America,M
DiabeticNephropathy -> Disability,10_14,0.338,Andean Latin America,M
DiabeticNephropathy -> Disability,15_19,0.338,Andean Latin America,M
DiabeticNephropathy -> Disability,20_24,0.338,Andean Latin America,M
DiabeticNephropathy -> Disability,25_29,0.338,Andean Latin America,M
DiabeticNephropathy -> Disability,30_39,0.338,Andean Latin America,M
DiabeticNephropathy -> Disability,40_49,0.338,Andean Latin America,M
DiabeticNephropathy -> Disability,50_59,0.338,Andean Latin America,M
DiabeticNephropathy -> Disability,60_69,0.338,Andean Latin America,M
DiabeticNephropathy -> Disability,70_79,0.338,Andean Latin America,M
DiabeticNephropathy -> Disability,80_100,0.338,Andean Latin America,M
DiabeticNephropathy -> Deceased,0_4,0.0,Andean Latin America,M
DiabeticNephropathy -> Deceased,5_9,0.0,Andean Latin America,M
DiabeticNephropathy -> Deceased,10_14,0.0,Andean Latin America,M
DiabeticNephropathy -> Deceased,15_19,0.0,Andean Latin America,M
DiabeticNephropathy -> Deceased,20_24,0.0007354153814203777,Andean Latin America,M
DiabeticNephropathy -> Deceased,25_29,0.002757807680326417,Andean Latin America,M
DiabeticNephropathy -> Deceased,30_39,0.006618738432783399,Andean Latin America,M
DiabeticNephropathy -> Deceased,40_49,0.01029581533988529,Andean Latin America,M
DiabeticNephropathy -> Deceased,50_59,0.016914553772668692,Andean Latin America,M
DiabeticNephropathy -> Deceased,60_69,0.022246315287966428,Andean Latin America,M
DiabeticNephropathy -> Deceased,70_79,0.0395285767513453,Andean Latin America,M
DiabeticNephropathy -> Deceased,80_100,0.0658196766371238,Andean Latin America,M
Prevalence -> DiabeticNephropathy,0_4,0.00428,Andean Latin America,M
Prevalence -> DiabeticNephropathy,5_9,0.00428,Andean Latin America,M
Prevalence -> DiabeticNephropathy,10_14,0.00436,Andean Latin America,M
Prevalence -> DiabeticNephropathy,15_19,0.004560000000000001,Andean Latin America,M
Prevalence -> DiabeticNephropathy,20_24,0.00496,Andean Latin America,M
Prevalence -> DiabeticNephropathy,25_29,0.006200000000000001,Andean Latin America,M
Prevalence -> DiabeticNephropathy,30_39,0.011000000000000001,Andean Latin America,M
Prevalence -> DiabeticNephropathy,40_49,0.020680000000000004,Andean Latin America,M
Prevalence -> DiabeticNephropathy,50_59,0.03332,Andean Latin America,M
Prevalence -> DiabeticNephropathy,60_69,0.04012,Andean Latin America,M
Prevalence -> DiabeticNephropathy,70_79,0.04916,Andean Latin America,M
Prevalence -> DiabeticNephropathy,80_100,0.08984,Andean Latin America,M
DsFreeSus -> Disability,0_4,0.03608850461122261,Andean Latin America,F
DsFreeSus -> Disability,5_9,0.04928185845802113,Andean Latin America,F
DsFreeSus -> Disability,10_14,0.062475212304819644,Andean Latin America,F
DsFreeSus -> Disability,15_19,0.07566856615161817,Andean Latin America,F
DsFreeSus -> Disability,20_24,0.08886191999841668,Andean Latin America,F
DsFreeSus -> Disability,25_29,0.1020552738452152,Andean Latin America,F
DsFreeSus -> Disability,30_39,0.12184530461541299,Andean Latin America,F
DsFreeSus -> Disability,40_49,0.14823201230901,Andean Latin America,F
DsFreeSus -> Disability,50_59,0.17461872000260706,Andean Latin America,F
DsFreeSus -> Disability,60_69,0.20100542769620408,Andean Latin America,F
DsFreeSus -> Disability,70_79,0.22739213538980113,Andean Latin America,F
DsFreeSus -> Disability,80_100,0.2603755200067974,Andean Latin America,F
DsFreeSus -> Diabetes,0_4,0.0,Andean Latin America,F
DsFreeSus -> Diabetes,5_9,0.0,Andean Latin America,F
DsFreeSus -> Diabetes,10_14,1e-09,Andean Latin America,F
DsFreeSus -> Diabetes,15_19,0.0002,Andean Latin America,F
DsFreeSus -> Diabetes,20_24,0.0003,Andean Latin America,F
DsFreeSus -> Diabetes,25_29,0.0007,Andean Latin America,F
DsFreeSus -> Diabetes,30_39,0.0013,Andean Latin America,F
DsFreeSus -> Diabetes,40_49,0.0023,Andean Latin America,F
DsFreeSus -> Diabetes,50_59,0.0028,Andean Latin America,F
DsFreeSus -> Diabetes,60_69,0.0018,Andean Latin America,F
DsFreeSus -> Diabetes,70_79,0.0044,Andean Latin America,F
DsFreeSus -> Diabetes,80_100,0.0116,Andean Latin America,F
Diabetes -> Disability,0_4,0.031,Andean Latin America,F
Diabetes -> Disability,5_9,0.031,Andean Latin America,F
Diabetes -> Disability,10_14,0.031,Andean Latin America,F
Diabetes -> Disability,15_19,0.031,Andean Latin America,F
Diabetes -> Disability,20_24,0.031,Andean Latin America,F
Diabetes -> Disability,25_29,0.031,Andean Latin America,F
Diabetes -> Disability,30_39,0.031,Andean Latin America,F
Diabetes -> Disability,40_49,0.031,Andean Latin America,F
Diabetes -> Disability,50_59,0.031,Andean Latin America,F
Diabetes -> Disability,60_69,0.031,Andean Latin America,F
Diabetes -> Disability,70_79,0.031,Andean Latin America,F
Diabetes -> Disability,80_100,0.031,Andean Latin America,F
Diabetes -> Deceased,0_4,0.0,Andean Latin America,F
Diabetes -> Deceased,5_9,0.0,Andean Latin America,F
Diabetes -> Deceased,10_14,0.0,Andean Latin America,F
Diabetes -> Deceased,15_19,0.0,Andean Latin America,F
Diabetes -> Deceased,20_24,0.0001221620234917571,Andean Latin America,F
Diabetes -> Deceased,25_29,0.0004886480939670284,Andean Latin America,F
Diabetes -> Deceased,30_39,0.0012827012466634497,Andean Latin America,F
Diabetes -> Deceased,40_49,0.0023821594580892636,Andean Latin America,F
Diabetes -> Deceased,50_59,0.004275670822211499,Andean Latin America,F
Diabetes -> Deceased,60_69,0.005558372068874949,Andean Latin America,F
Diabetes -> Deceased,70_79,0.010078366938069962,Andean Latin America,F
Diabetes -> Deceased,80_100,0.025348619874539603,Andean Latin America,F
Diabetes -> DiabeticRetinopathy,0_4,0.0,Andean Latin America,F
Diabetes -> DiabeticRetinopathy,5_9,0.0,Andean Latin America,F
Diabetes -> DiabeticRetinopathy,10_14,0.010268265147035105,Andean Latin America,F
Diabetes -> DiabeticRetinopathy,15_19,0.0109375,Andean Latin America,F
Diabetes -> DiabeticRetinopathy,20_24,0.0019934500925530402,Andean Latin America,F
Diabetes -> DiabeticRetinopathy,25_29,0.0015296841408963123,Andean Latin America,F
Diabetes -> DiabeticRetinopathy,30_39,0.005112116416196306,Andean Latin America,F
Diabetes -> DiabeticRetinopathy,40_49,0.005083691362584809,Andean Latin America,F
Diabetes -> DiabeticRetinopathy,50_59,0.005461185101953138,Andean Latin America,F
Diabetes -> DiabeticRetinopathy,60_69,0.008884622454606727,Andean Latin America,F
Diabetes -> DiabeticRetinopathy,70_79,0.005499721247005289,Andean Latin America,F
Diabetes -> DiabeticRetinopathy,80_100,0.007352637448882647,Andean Latin America,F
Diabetes -> LowerExtrmAmpt,0_4,0.0,Andean Latin America,F
Diabetes -> LowerExtrmAmpt,5_9,0.0,Andean Latin America,F
Diabetes -> LowerExtrmAmpt,10_14,5.37605505080372e-05,Andean Latin America,F
Diabetes -> LowerExtrmAmpt,15_19,0.001159274193548387,Andean Latin America,F
Diabetes -> LowerExtrmAmpt,20_24,0.0021833024823199963,Andean Latin America,F
Diabetes -> LowerExtrmAmpt,25_29,0.002604597320985613,Andean Latin America,F
Diabetes -> LowerExtrmAmpt,30_39,0.003389403212930153,Andean Latin America,F
Diabetes -> LowerExtrmAmpt,40_49,0.0006123758237912868,Andean Latin America,F
Diabetes -> LowerExtrmAmpt,50_59,0.00039657622525529596,Andean Latin America,F
Diabetes -> LowerExtrmAmpt,60_69,0.0033087559486121606,Andean Latin America,F
Diabetes -> LowerExtrmAmpt,70_79,0.007413322886374253,Andean Latin America,F
Diabetes -> LowerExtrmAmpt,80_100,0.00950059895080342,Andean Latin America,F
Diabetes -> DiabeticNephropathy,0_4,0.0,Andean Latin America,F
Diabetes -> DiabeticNephropathy,5_9,0.0,Andean Latin America,F
Diabetes -> DiabeticNephropathy,10_14,0.014,Andean Latin America,F
Diabetes -> DiabeticNephropathy,15_19,0.014,Andean Latin America,F
Diabetes -> DiabeticNephropathy,20_24,0.014,Andean Latin America,F
Diabetes -> DiabeticNephropathy,25_29,0.014,Andean Latin America,F
Diabetes -> DiabeticNephropathy,30_39,0.014,Andean Latin America,F
Diabetes -> DiabeticNephropathy,40_49,0.014,Andean Latin America,F
Diabetes -> DiabeticNephropathy,50_59,0.014,Andean Latin America,F
Diabetes -> DiabeticNephropathy,60_69,0.014,Andean Latin America,F
Diabetes -> DiabeticNephropathy,70_79,0.014,Andean Latin America,F
Diabetes -> DiabeticNephropathy,80_100,0.014,Andean Latin America,F
Prevalence -> Diabetes,0_4,0.0044395,Andean Latin America,F
Prevalence -> Diabetes,5_9,0.0045078,Andean Latin America,F
Prevalence -> Diabetes,10_14,0.0046444,Andean Latin America,F
Prevalence -> Diabetes,15_19,0.005054200000000001,Andean Latin America,F
Prevalence -> Diabetes,20_24,0.005805500000000001,Andean Latin America,F
Prevalence -> Diabetes,25_29,0.007376400000000001,Andean Latin America,F
Prevalence -> Diabetes,30_39,0.0124989,Andean Latin America,F
Prevalence -> Diabetes,40_49,0.023563500000000005,Andean Latin America,F
Prevalence -> Diabetes,50_59,0.0393408,Andean Latin America,F
Prevalence -> Diabetes,60_69,0.0508835,Andean Latin America,F
Prevalence -> Diabetes,70_79,0.0575086,Andean Latin America,F
Prevalence -> Diabetes,80_100,0.0966445,Andean Latin America,F
DiabeticRetinopathy -> Disability,0_4,0.338,Andean Latin America,F
DiabeticRetinopathy -> Disability,5_9,0.338,Andean Latin America,F
DiabeticRetinopathy -> Disability,10_14,0.338,Andean Latin America,F
DiabeticRetinopathy -> Disability,15_19,0.338,Andean Latin America,F
DiabeticRetinopathy -> Disability,20_24,0.338,Andean Latin America,F
DiabeticRetinopathy -> Disability,25_29,0.338,Andean Latin America,F
DiabeticRetinopathy -> Disability,30_39,0.338,Andean Latin America,F
DiabeticRetinopathy -> Disability,40_49,0.338,Andean Latin America,F
DiabeticRetinopathy -> Disability,50_59,0.338,Andean Latin America,F
DiabeticRetinopathy -> Disability,60_69,0.338,Andean Latin America,F
DiabeticRetinopathy -> Disability,70_79,0.338,Andean Latin America,F
DiabeticRetinopathy -> Disability,80_100,0.338,Andean Latin America,F
DiabeticRetinopathy -> Deceased,0_4,0.0,Andean Latin America,F
DiabeticRetinopathy -> Deceased,5_9,0.0,Andean Latin America,F
DiabeticRetinopathy -> Deceased,10_14,0.0,Andean Latin America,F
DiabeticRetinopathy -> Deceased,15_19,0.0,Andean Latin America,F
DiabeticRetinopathy -> Deceased,20_24,0.0002,Andean Latin America,F
DiabeticRetinopathy -> Deceased,25_29,0.0011,Andean Latin America,F
DiabeticRetinopathy -> Deceased,30_39,0.004,Andean Latin America,F
DiabeticRetinopathy -> Deceased,40_49,0.0078,Andean Latin America,F
DiabeticRetinopathy -> Deceased,50_59,0.0141,Andean Latin America,F
DiabeticRetinopathy -> Deceased,60_69,0.0186,Andean Latin America,F
DiabeticRetinopathy -> Deceased,70_79,0.0322,Andean Latin America,F
DiabeticRetinopathy -> Deceased,80_100,0.0802,Andean Latin America,F
Prevalence -> DiabeticRetinopathy,0_4,0.0,Andean Latin America,F
Prevalence -> DiabeticRetinopathy,5_9,0.0,Andean Latin America,F
Prevalence -> DiabeticRetinopathy,10_14,0.0003,Andean Latin America,F
Prevalence -> DiabeticRetinopathy,15_19,0.0007,Andean Latin America,F
Prevalence -> DiabeticRetinopathy,20_24,0.001,Andean Latin America,F
Prevalence -> DiabeticRetinopathy,25_29,0.001,Andean Latin America,F
Prevalence -> DiabeticRetinopathy,30_39,0.0014,Andean Latin America,F
Prevalence -> DiabeticRetinopathy,40_49,0.0027,Andean Latin America,F
Prevalence -> DiabeticRetinopathy,50_59,0.0045,Andean Latin America,F
Prevalence -> DiabeticRetinopathy,60_69,0.0085,Andean Latin America,F
Prevalence -> DiabeticRetinopathy,70_79,0.0117,Andean Latin America,F
Prevalence -> DiabeticRetinopathy,80_100,0.0123,Andean Latin America,F
LowerExtrmAmpt -> Disability,0_4,0.164,Andean Latin America,F
LowerExtrmAmpt -> Disability,5_9,0.164,Andean Latin America,F
LowerExtrmAmpt -> Disability,10_14,0.164,Andean Latin America,F
LowerExtrmAmpt -> Disability,15_19,0.164,Andean Latin America,F
LowerExtrmAmpt -> Disability,20_24,0.164,Andean Latin America,F
LowerExtrmAmpt -> Disability,25_29,0.164,Andean Latin America,F
LowerExtrmAmpt -> Disability,30_39,0.164,Andean Latin America,F
LowerExtrmAmpt -> Disability,40_49,0.164,Andean Latin America,F
LowerExtrmAmpt -> Disability,50_59,0.164,Andean Latin America,F
LowerExtrmAmpt -> Disability,60_69,0.164,Andean Latin America,F
LowerExtrmAmpt -> Disability,70_79,0.164,Andean Latin America,F
LowerExtrmAmpt -> Disability,80_100,0.164,Andean Latin America,F
LowerExtrmAmpt -> Deceased,0_4,0.0,Andean Latin America,F
LowerExtrmAmpt -> Deceased,5_9,0.0,Andean Latin America,F
LowerExtrmAmpt -> Deceased,10_14,0.0,Andean Latin America,F
LowerExtrmAmpt -> Deceased,15_19,0.0,Andean Latin America,F
LowerExtrmAmpt -> Deceased,20_24,0.0002,Andean Latin America,F
LowerExtrmAmpt -> Deceased,25_29,0.0011,Andean Latin America,F
LowerExtrmAmpt -> Deceased,30_39,0.0042,Andean Latin America,F
LowerExtrmAmpt -> Deceased,40_49,0.0077,Andean Latin America,F
LowerExtrmAmpt -> Deceased,50_59,0.0139,Andean Latin America,F
LowerExtrmAmpt -> Deceased,60_69,0.0191,Andean Latin America,F
LowerExtrmAmpt -> Deceased,70_79,0.0333,Andean Latin America,F
LowerExtrmAmpt -> Deceased,80_100,0.0835,Andean Latin America,F
Prevalence -> LowerExtrmAmpt,0_4,0.0,Andean Latin America,F
Prevalence -> LowerExtrmAmpt,5_9,0.0,Andean Latin America,F
Prevalence -> LowerExtrmAmpt,10_14,0.0,Andean Latin America,F
Prevalence -> LowerExtrmAmpt,15_19,0.0,Andean Latin America,F
Prevalence -> LowerExtrmAmpt,20_24,0.0001,Andean Latin America,F
Prevalence -> LowerExtrmAmpt,25_29,0.0002,Andean Latin America,F
Prevalence -> LowerExtrmAmpt,30_39,0.0006,Andean Latin America,F
Prevalence -> LowerExtrmAmpt,40_49,0.001,Andean Latin America,F
Prevalence -> LowerExtrmAmpt,50_59,0.001,Andean Latin America,F
Prevalence -> LowerExtrmAmpt,60_69,0.0019,Andean Latin America,F
Prevalence -> LowerExtrmAmpt,70_79,0.005,Andean Latin America,F
Prevalence -> LowerExtrmAmpt,80_100,0.011,Andean Latin America,F
Disability -> Disability,0_4,0.0,Andean Latin America,F
Disability -> Disability,5_9,0.0,Andean Latin America,F
Disability -> Disability,10_14,0.0,Andean Latin America,F
Disability -> Disability,15_19,0.0,Andean Latin America,F
Disability -> Disability,20_24,0.0,Andean Latin America,F
Disability -> Disability,25_29,0.0,Andean Latin America,F
Disability -> Disability,30_39,0.0,Andean Latin America,F
Disability -> Disability,40_49,0.0,Andean Latin America,F
Disability -> Disability,50_59,0.0,Andean Latin America,F
Disability -> Disability,60_69,0.0,Andean Latin America,F
Disability -> Disability,70_79,0.0,Andean Latin America,F
Disability -> Disability,80_100,0.0,Andean Latin America,F
StdGlycControl -> DiabeticRetinopathy,0_4,-75.0,Andean Latin America,F
StdGlycControl -> DiabeticRetinopathy,5_9,-75.0,Andean Latin America,F
StdGlycControl -> DiabeticRetinopathy,10_14,-75.0,Andean Latin America,F
StdGlycControl -> DiabeticRetinopathy,15_19,-75.0,Andean Latin America,F
StdGlycControl -> DiabeticRetinopathy,20_24,-75.0,Andean Latin America,F
StdGlycControl -> DiabeticRetinopathy,25_29,-75.0,Andean Latin America,F
StdGlycControl -> DiabeticRetinopathy,30_39,-75.0,Andean Latin America,F
StdGlycControl -> DiabeticRetinopathy,40_49,-75.0,Andean Latin America,F
StdGlycControl -> DiabeticRetinopathy,50_59,-75.0,Andean Latin America,F
StdGlycControl -> DiabeticRetinopathy,60_69,-75.0,Andean Latin America,F
StdGlycControl -> DiabeticRetinopathy,70_79,-75.0,Andean Latin America,F
StdGlycControl -> DiabeticRetinopathy,80_100,-75.0,Andean Latin America,F
StdGlycControl -> LowerExtrmAmpt,0_4,-28.6,Andean Latin America,F
StdGlycControl -> LowerExtrmAmpt,5_9,-28.6,Andean Latin America,F
StdGlycControl -> LowerExtrmAmpt,10_14,-28.6,Andean Latin America,F
StdGlycControl -> LowerExtrmAmpt,15_19,-28.6,Andean Latin America,F
StdGlycControl -> LowerExtrmAmpt,20_24,-28.6,Andean Latin America,F
StdGlycControl -> LowerExtrmAmpt,25_29,-28.6,Andean Latin America,F
StdGlycControl -> LowerExtrmAmpt,30_39,-28.6,Andean Latin America,F
StdGlycControl -> LowerExtrmAmpt,40_49,-28.6,Andean Latin America,F
StdGlycControl -> LowerExtrmAmpt,50_59,-28.6,Andean Latin America,F
StdGlycControl -> LowerExtrmAmpt,60_69,-28.6,Andean Latin America,F
StdGlycControl -> LowerExtrmAmpt,70_79,-28.6,Andean Latin America,F
StdGlycControl -> LowerExtrmAmpt,80_100,-28.6,Andean Latin America,F
StdGlycControl -> DiabeticNephropathy,0_4,-39.0,Andean Latin America,F
StdGlycControl -> DiabeticNephropathy,5_9,-39.0,Andean Latin America,F
StdGlycControl -> DiabeticNephropathy,10_14,-39.0,Andean Latin America,F
StdGlycControl -> DiabeticNephropathy,15_19,-39.0,Andean Latin America,F
StdGlycControl -> DiabeticNephropathy,20_24,-39.0,Andean Latin America,F
StdGlycControl -> DiabeticNephropathy,25_29,-39.0,Andean Latin America,F
StdGlycControl -> DiabeticNephropathy,30_39,-39.0,Andean Latin America,F
StdGlycControl -> DiabeticNephropathy,40_49,-39.0,Andean Latin America,F
StdGlycControl -> DiabeticNephropathy,50_59,-39.0,Andean Latin America,F
StdGlycControl -> DiabeticNephropathy,60_69,-39.0,Andean Latin America,F
StdGlycControl -> DiabeticNephropathy,70_79,-39.0,Andean Latin America,F
StdGlycControl -> DiabeticNephropathy,80_100,-39.0,Andean Latin America,F
IntsvGlycControl -> DiabeticRetinopathy,0_4,-65.0,Andean Latin America,F
IntsvGlycControl -> DiabeticRetinopathy,5_9,-65.0,Andean Latin America,F
IntsvGlycControl -> DiabeticRetinopathy,10_14,-65.0,Andean Latin America,F
IntsvGlycControl -> DiabeticRetinopathy,15_19,-65.0,Andean Latin America,F
IntsvGlycControl -> DiabeticRetinopathy,20_24,-65.0,Andean Latin America,F
IntsvGlycControl -> DiabeticRetinopathy,25_29,-65.0,Andean Latin America,F
IntsvGlycControl -> DiabeticRetinopathy,30_39,-65.0,Andean Latin America,F
IntsvGlycControl -> DiabeticRetinopathy,40_49,-65.0,Andean Latin America,F
IntsvGlycControl -> DiabeticRetinopathy,50_59,-65.0,Andean Latin America,F
IntsvGlycControl -> DiabeticRetinopathy,60_69,-65.0,Andean Latin America,F
IntsvGlycControl -> DiabeticRetinopathy,70_79,-65.0,Andean Latin America,F
IntsvGlycControl -> DiabeticRetinopathy,80_100,-65.0,Andean Latin America,F
IntsvGlycControl -> LowerExtrmAmpt,0_4,-15.1,Andean Latin America,F
IntsvGlycControl -> LowerExtrmAmpt,5_9,-15.1,Andean Latin America,F
IntsvGlycControl -> LowerExtrmAmpt,10_14,-15.1,Andean Latin America,F
IntsvGlycControl -> LowerExtrmAmpt,15_19,-15.1,Andean Latin America,F
IntsvGlycControl -> LowerExtrmAmpt,20_24,-15.1,Andean Latin America,F
IntsvGlycControl -> LowerExtrmAmpt,25_29,-15.1,Andean Latin America,F
IntsvGlycControl -> LowerExtrmAmpt,30_39,-15.1,Andean Latin America,F
IntsvGlycControl -> LowerExtrmAmpt,40_49,-15.1,Andean Latin America,F
IntsvGlycControl -> LowerExtrmAmpt,50_59,-15.1,Andean Latin America,F
IntsvGlycControl -> LowerExtrmAmpt,60_69,-15.1,Andean Latin America,F
IntsvGlycControl -> LowerExtrmAmpt,70_79,-15.1,Andean Latin America,F
IntsvGlycControl -> LowerExtrmAmpt,80_100,-15.1,Andean Latin America,F
IntsvGlycControl -> DiabeticNephropathy,0_4,-39.0,Andean Latin America,F
IntsvGlycControl -> DiabeticNephropathy,5_9,-39.0,Andean Latin America,F
IntsvGlycControl -> DiabeticNephropathy,10_14,-39.0,Andean Latin America,F
IntsvGlycControl -> DiabeticNephropathy,15_19,-39.0,Andean Latin America,F
IntsvGlycControl -> DiabeticNephropathy,20_24,-39.0,Andean Latin America,F
IntsvGlycControl -> DiabeticNephropathy,25_29,-39.0,Andean Latin America,F
IntsvGlycControl -> DiabeticNephropathy,30_39,-39.0,Andean Latin America,F
IntsvGlycControl -> DiabeticNephropathy,40_49,-39.0,Andean Latin America,F
IntsvGlycControl -> DiabeticNephropathy,50_59,-39.0,Andean Latin America,F
IntsvGlycControl -> DiabeticNephropathy,60_69,-39.0,Andean Latin America,F
IntsvGlycControl -> DiabeticNephropathy,70_79,-39.0,Andean Latin America,F
IntsvGlycControl -> DiabeticNephropathy,80_100,-39.0,Andean Latin America,F
RetinopathyScrn -> DiabeticRetinopathy,0_4,-20.0,Andean Latin America,F
RetinopathyScrn -> DiabeticRetinopathy,5_9,-20.0,Andean Latin America,F
RetinopathyScrn -> DiabeticRetinopathy,10_14,-20.0,Andean Latin America,F
RetinopathyScrn -> DiabeticRetinopathy,15_19,-20.0,Andean Latin America,F
RetinopathyScrn -> DiabeticRetinopathy,20_24,-20.0,Andean Latin America,F
RetinopathyScrn -> DiabeticRetinopathy,25_29,-20.0,Andean Latin America,F
RetinopathyScrn -> DiabeticRetinopathy,30_39,-20.0,Andean Latin America,F
RetinopathyScrn -> DiabeticRetinopathy,40_49,-20.0,Andean Latin America,F
RetinopathyScrn -> DiabeticRetinopathy,50_59,-20.0,Andean Latin America,F
RetinopathyScrn -> DiabeticRetinopathy,60_69,-20.0,Andean Latin America,F
RetinopathyScrn -> DiabeticRetinopathy,70_79,-20.0,Andean Latin America,F
RetinopathyScrn -> DiabeticRetinopathy,80_100,-20.0,Andean Latin America,F
NeuropathyScr -> LowerExtrmAmpt,0_4,-35.0,Andean Latin America,F
NeuropathyScr -> LowerExtrmAmpt,5_9,-35.0,Andean Latin America,F
NeuropathyScr -> LowerExtrmAmpt,10_14,-35.0,Andean Latin America,F
NeuropathyScr -> LowerExtrmAmpt,15_19,-35.0,Andean Latin America,F
NeuropathyScr -> LowerExtrmAmpt,20_24,-35.0,Andean Latin America,F
NeuropathyScr -> LowerExtrmAmpt,25_29,-35.0,Andean Latin America,F
NeuropathyScr -> LowerExtrmAmpt,30_39,-35.0,Andean Latin America,F
NeuropathyScr -> LowerExtrmAmpt,40_49,-35.0,Andean Latin America,F
NeuropathyScr -> LowerExtrmAmpt,50_59,-35.0,Andean Latin America,F
NeuropathyScr -> LowerExtrmAmpt,60_69,-35.0,Andean Latin America,F
NeuropathyScr -> LowerExtrmAmpt,70_79,-35.0,Andean Latin America,F
NeuropathyScr -> LowerExtrmAmpt,80_100,-35.0,Andean Latin America,F
NephropathyScr -> DiabeticNephropathy,0_4,-24.0,Andean Latin America,F
NephropathyScr -> DiabeticNephropathy,5_9,-24.0,Andean Latin America,F
NephropathyScr -> DiabeticNephropathy,10_14,-24.0,Andean Latin America,F
NephropathyScr -> DiabeticNephropathy,15_19,-24.0,Andean Latin America,F
NephropathyScr -> DiabeticNephropathy,20_24,-24.0,Andean Latin America,F
NephropathyScr -> DiabeticNephropathy,25_29,-24.0,Andean Latin America,F
NephropathyScr -> DiabeticNephropathy,30_39,-24.0,Andean Latin America,F
NephropathyScr -> DiabeticNephropathy,40_49,-24.0,Andean Latin America,F
NephropathyScr -> DiabeticNephropathy,50_59,-24.0,Andean Latin America,F
NephropathyScr -> DiabeticNephropathy,60_69,-24.0,Andean Latin America,F
NephropathyScr -> DiabeticNephropathy,70_79,-24.0,Andean Latin America,F
NephropathyScr -> DiabeticNephropathy,80_100,-24.0,Andean Latin America,F
DiabeticNephropathy -> Disability,0_4,0.338,Andean Latin America,F
DiabeticNephropathy -> Disability,5_9,0.338,Andean Latin America,F
DiabeticNephropathy -> Disability,10_14,0.338,Andean Latin America,F
DiabeticNephropathy -> Disability,15_19,0.338,Andean Latin America,F
DiabeticNephropathy -> Disability,20_24,0.338,Andean Latin America,F
DiabeticNephropathy -> Disability,25_29,0.338,Andean Latin America,F
DiabeticNephropathy -> Disability,30_39,0.338,Andean Latin America,F
DiabeticNephropathy -> Disability,40_49,0.338,Andean Latin America,F
DiabeticNephropathy -> Disability,50_59,0.338,Andean Latin America,F
DiabeticNephropathy -> Disability,60_69,0.338,Andean Latin America,F
DiabeticNephropathy -> Disability,70_79,0.338,Andean Latin America,F
DiabeticNephropathy -> Disability,80_100,0.338,Andean Latin America,F
DiabeticNephropathy -> Deceased,0_4,0.0,Andean Latin America,F
DiabeticNephropathy -> Deceased,5_9,0.0,Andean Latin America,F
DiabeticNephropathy -> Deceased,10_14,0.0,Andean Latin America,F
DiabeticNephropathy -> Deceased,15_19,0.0,Andean Latin America,F
DiabeticNephropathy -> Deceased,20_24,0.00036770769071018885,Andean Latin America,F
DiabeticNephropathy -> Deceased,25_29,0.0014708307628407554,Andean Latin America,F
DiabeticNephropathy -> Deceased,30_39,0.0038609307524569833,Andean Latin America,F
DiabeticNephropathy -> Deceased,40_49,0.0071702999688486825,Andean Latin America,F
DiabeticNephropathy -> Deceased,50_59,0.012869769174856611,Andean Latin America,F
DiabeticNephropathy -> Deceased,60_69,0.016730699927313596,Andean Latin America,F
DiabeticNephropathy -> Deceased,70_79,0.030335884483590585,Andean Latin America,F
DiabeticNephropathy -> Deceased,80_100,0.0762993458223642,Andean Latin America,F
Prevalence -> DiabeticNephropathy,0_4,0.00428,Andean Latin America,F
Prevalence -> DiabeticNephropathy,5_9,0.00428,Andean Latin America,F
Prevalence -> DiabeticNephropathy,10_14,0.00436,Andean Latin America,F
Prevalence -> DiabeticNephropathy,15_19,0.004560000000000001,Andean Latin America,F
Prevalence -> DiabeticNephropathy,20_24,0.00496,Andean Latin America,F
Prevalence -> DiabeticNephropathy,25_29,0.006200000000000001,Andean Latin America,F
Prevalence -> DiabeticNephropathy,30_39,0.011000000000000001,Andean Latin America,F
Prevalence -> DiabeticNephropathy,40_49,0.020680000000000004,Andean Latin America,F
Prevalence -> DiabeticNephropathy,50_59,0.03332,Andean Latin America,F
Prevalence -> DiabeticNephropathy,60_69,0.04012,Andean Latin America,F
Prevalence -> DiabeticNephropathy,70_79,0.04916,Andean Latin America,F
Prevalence -> DiabeticNephropathy,80_100,0.08984,Andean Latin America,F
DsFreeSus -> Disability,0_4,0.021689887496815694,Australasia,M
DsFreeSus -> Disability,5_9,0.03399371162309513,Australasia,M
DsFreeSus -> Disability,10_14,0.046297535749374556,Australasia,M
DsFreeSus -> Disability,15_19,0.058601359875653986,Australasia,M
DsFreeSus -> Disability,20_24,0.07090518400193341,Australasia,M
DsFreeSus -> Disability,25_29,0.08320900812821284,Australasia,M
DsFreeSus -> Disability,30_39,0.10166474431763199,Australasia,M
DsFreeSus -> Disability,40_49,0.12627239257019085,Australasia,M
DsFreeSus -> Disability,50_59,0.1508800408227497,Australasia,M
DsFreeSus -> Disability,60_69,0.1754876890753086,Australasia,M
DsFreeSus -> Disability,70_79,0.20009533732786744,Australasia,M
DsFreeSus -> Disability,80_100,0.23085489764356598,Australasia,M
DsFreeSus -> Diabetes,0_4,0.0,Australasia,M
DsFreeSus -> Diabetes,5_9,0.0,Australasia,M
DsFreeSus -> Diabetes,10_14,1e-09,Australasia,M
DsFreeSus -> Diabetes,15_19,0.0001,Australasia,M
DsFreeSus -> Diabetes,20_24,0.0003,Australasia,M
DsFreeSus -> Diabetes,25_29,0.0007,Australasia,M
DsFreeSus -> Diabetes,30_39,0.0014,Australasia,M
DsFreeSus -> Diabetes,40_49,0.0026,Australasia,M
DsFreeSus -> Diabetes,50_59,0.0033,Australasia,M
DsFreeSus -> Diabetes,60_69,0.0022,Australasia,M
DsFreeSus -> Diabetes,70_79,0.0055,Australasia,M
DsFreeSus -> Diabetes,80_100,0.0125,Australasia,M
Diabetes -> Disability,0_4,0.031,Australasia,M
Diabetes -> Disability,5_9,0.031,Australasia,M
Diabetes -> Disability,10_14,0.031,Australasia,M
Diabetes -> Disability,15_19,0.031,Australasia,M
Diabetes -> Disability,20_24,0.031,Australasia,M
Diabetes -> Disability,25_29,0.031,Australasia,M
Diabetes -> Disability,30_39,0.031,Australasia,M
Diabetes -> Disability,40_49,0.031,Australasia,M
Diabetes -> Disability,50_59,0.031,Australasia,M
Diabetes -> Disability,60_69,0.031,Australasia,M
Diabetes -> Disability,70_79,0.031,Australasia,M
Diabetes -> Disability,80_100,0.031,Australasia,M
Diabetes -> Deceased,0_4,0.0,Australasia,M
Diabetes -> Deceased,5_9,0.0,Australasia,M
Diabetes -> Deceased,10_14,0.0,Australasia,M
Diabetes -> Deceased,15_19,0.0,Australasia,M
Diabetes -> Deceased,20_24,6.108101174587856e-05,Australasia,M
Diabetes -> Deceased,25_29,0.0003054050587293928,Australasia,M
Diabetes -> Deceased,30_39,0.0008551341644422999,Australasia,M
Diabetes -> Deceased,40_49,0.0016491873171387212,Australasia,M
Diabetes -> Deceased,50_59,0.002992969575548049,Australasia,M
Diabetes -> Deceased,60_69,0.004275670822211499,Australasia,M
Diabetes -> Deceased,70_79,0.00806269355045597,Australasia,M
Diabetes -> Deceased,80_100,0.017652412394558902,Australasia,M
Diabetes -> DiabeticRetinopathy,0_4,0.0,Australasia,M
Diabetes -> DiabeticRetinopathy,5_9,0.0,Australasia,M
Diabetes -> DiabeticRetinopathy,10_14,0.0,Australasia,M
Diabetes -> DiabeticRetinopathy,15_19,0.0,Australasia,M
Diabetes -> DiabeticRetinopathy,20_24,0.0,Australasia,M
Diabetes -> DiabeticRetinopathy,25_29,0.0004883766360617308,Australasia,M
Diabetes -> DiabeticRetinopathy,30_39,0.0011971851549040793,Australasia,M
Diabetes -> DiabeticRetinopathy,40_49,0.0022625086465298595,Australasia,M
Diabetes -> DiabeticRetinopathy,50_59,0.0035250324302983586,Australasia,M
Diabetes -> DiabeticRetinopathy,60_69,0.0033432426675557283,Australasia,M
Diabetes -> DiabeticRetinopathy,70_79,0.0019520704406695186,Australasia,M
Diabetes -> DiabeticRetinopathy,80_100,0.002097891766513511,Australasia,M
Diabetes -> LowerExtrmAmpt,0_4,0.0,Australasia,M
Diabetes -> LowerExtrmAmpt,5_9,0.0,Australasia,M
Diabetes -> LowerExtrmAmpt,10_14,0.00017094017094017094,Australasia,M
Diabetes -> LowerExtrmAmpt,15_19,0.0023467292461132297,Australasia,M
Diabetes -> LowerExtrmAmpt,20_24,0.00535149598637801,Australasia,M
Diabetes -> LowerExtrmAmpt,25_29,0.007716350849775347,Australasia,M
Diabetes -> LowerExtrmAmpt,30_39,0.009110287032440798,Australasia,M
Diabetes -> LowerExtrmAmpt,40_49,0.002190454231035278,Australasia,M
Diabetes -> LowerExtrmAmpt,50_59,0.000723806659021263,Australasia,M
Diabetes -> LowerExtrmAmpt,60_69,0.006056733253688217,Australasia,M
Diabetes -> LowerExtrmAmpt,70_79,0.014702828425468288,Australasia,M
Diabetes -> LowerExtrmAmpt,80_100,0.015748962134531003,Australasia,M
Diabetes -> DiabeticNephropathy,0_4,0.0,Australasia,M
Diabetes -> DiabeticNephropathy,5_9,0.0,Australasia,M
Diabetes -> DiabeticNephropathy,10_14,0.014,Australasia,M
Diabetes -> DiabeticNephropathy,15_19,0.014,Australasia,M
Diabetes -> DiabeticNephropathy,20_24,0.014,Australasia,M
Diabetes -> DiabeticNephropathy,25_29,0.014,Australasia,M
Diabetes -> DiabeticNephropathy,30_39,0.014,Australasia,M
Diabetes -> DiabeticNephropathy,40_49,0.014,Australasia,M
Diabetes -> DiabeticNephropathy,50_59,0.014,Australasia,M
Diabetes -> DiabeticNephropathy,60_69,0.014,Australasia,M
Diabetes -> DiabeticNephropathy,70_79,0.014,Australasia,M
Diabetes -> DiabeticNephropathy,80_100,0.014,Australasia,M
Prevalence -> Diabetes,0_4,0.0,Australasia,M
Prevalence -> Diabetes,5_9,0.0,Australasia,M
Prevalence -> Diabetes,10_14,0.0045761000000000005,Australasia,M
Prevalence -> Diabetes,15_19,0.004985900000000001,Australasia,M
Prevalence -> Diabetes,20_24,0.0055323,Australasia,M
Prevalence -> Diabetes,25_29,0.0071032000000000005,Australasia,M
Prevalence -> Diabetes,30_39,0.0127038,Australasia,M
Prevalence -> Diabetes,40_49,0.0254076,Australasia,M
Prevalence -> Diabetes,50_59,0.0439852,Australasia,M
Prevalence -> Diabetes,60_69,0.058738,Australasia,M
Prevalence -> Diabetes,70_79,0.06877810000000001,Australasia,M
Prevalence -> Diabetes,80_100,0.120208,Australasia,M
DiabeticRetinopathy -> Disability,0_4,0.338,Australasia,M
DiabeticRetinopathy -> Disability,5_9,0.338,Australasia,M
DiabeticRetinopathy -> Disability,10_14,0.338,Australasia,M
DiabeticRetinopathy -> Disability,15_19,0.338,Australasia,M
DiabeticRetinopathy -> Disability,20_24,0.338,Australasia,M
DiabeticRetinopathy -> Disability,25_29,0.338,Australasia,M
DiabeticRetinopathy -> Disability,30_39,0.338,Australasia,M
DiabeticRetinopathy -> Disability,40_49,0.338,Australasia,M
DiabeticRetinopathy -> Disability,50_59,0.338,Australasia,M
DiabeticRetinopathy -> Disability,60_69,0.338,Australasia,M
DiabeticRetinopathy -> Disability,70_79,0.338,Australasia,M
DiabeticRetinopathy -> Disability,80_100,0.338,Australasia,M
DiabeticRetinopathy -> Deceased,0_4,0.0,Australasia,M
DiabeticRetinopathy -> Deceased,5_9,0.0,Australasia,M
DiabeticRetinopathy -> Deceased,10_14,0.0,Australasia,M
DiabeticRetinopathy -> Deceased,15_19,0.0,Australasia,M
DiabeticRetinopathy -> Deceased,20_24,0.0,Australasia,M
DiabeticRetinopathy -> Deceased,25_29,0.001,Australasia,M
DiabeticRetinopathy -> Deceased,30_39,0.003,Australasia,M
DiabeticRetinopathy -> Deceased,40_49,0.0055,Australasia,M
DiabeticRetinopathy -> Deceased,50_59,0.0101,Australasia,M
DiabeticRetinopathy -> Deceased,60_69,0.0143,Australasia,M
DiabeticRetinopathy -> Deceased,70_79,0.0259,Australasia,M
DiabeticRetinopathy -> Deceased,80_100,0.0561,Australasia,M
Prevalence -> DiabeticRetinopathy,0_4,0.0,Australasia,M
Prevalence -> DiabeticRetinopathy,5_9,0.0,Australasia,M
Prevalence -> DiabeticRetinopathy,10_14,0.0,Australasia,M
Prevalence -> DiabeticRetinopathy,15_19,0.0,Australasia,M
Prevalence -> DiabeticRetinopathy,20_24,0.0,Australasia,M
Prevalence -> DiabeticRetinopathy,25_29,0.0,Australasia,M
Prevalence -> DiabeticRetinopathy,30_39,0.0001,Australasia,M
Prevalence -> DiabeticRetinopathy,40_49,0.0005,Australasia,M
Prevalence -> DiabeticRetinopathy,50_59,0.002,Australasia,M
Prevalence -> DiabeticRetinopathy,60_69,0.0042,Australasia,M
Prevalence -> DiabeticRetinopathy,70_79,0.0057,Australasia,M
Prevalence -> DiabeticRetinopathy,80_100,0.0061,Australasia,M
LowerExtrmAmpt -> Disability,0_4,0.164,Australasia,M
LowerExtrmAmpt -> Disability,5_9,0.164,Australasia,M
LowerExtrmAmpt -> Disability,10_14,0.164,Australasia,M
LowerExtrmAmpt -> Disability,15_19,0.164,Australasia,M
LowerExtrmAmpt -> Disability,20_24,0.164,Australasia,M
LowerExtrmAmpt -> Disability,25_29,0.164,Australasia,M
LowerExtrmAmpt -> Disability,30_39,0.164,Australasia,M
LowerExtrmAmpt -> Disability,40_49,0.164,Australasia,M
LowerExtrmAmpt -> Disability,50_59,0.164,Australasia,M
LowerExtrmAmpt -> Disability,60_69,0.164,Australasia,M
LowerExtrmAmpt -> Disability,70_79,0.164,Australasia,M
LowerExtrmAmpt -> Disability,80_100,0.164,Australasia,M
LowerExtrmAmpt -> Deceased,0_4,0.0,Australasia,M
LowerExtrmAmpt -> Deceased,5_9,0.0,Australasia,M
LowerExtrmAmpt -> Deceased,10_14,0.0,Australasia,M
LowerExtrmAmpt -> Deceased,15_19,0.0,Australasia,M
LowerExtrmAmpt -> Deceased,20_24,0.0001,Australasia,M
LowerExtrmAmpt -> Deceased,25_29,0.0008,Australasia,M
LowerExtrmAmpt -> Deceased,30_39,0.0028,Australasia,M
LowerExtrmAmpt -> Deceased,40_49,0.0052,Australasia,M
LowerExtrmAmpt -> Deceased,50_59,0.0098,Australasia,M
LowerExtrmAmpt -> Deceased,60_69,0.0147,Australasia,M
LowerExtrmAmpt -> Deceased,70_79,0.0267,Australasia,M
LowerExtrmAmpt -> Deceased,80_100,0.0582,Australasia,M
Prevalence -> LowerExtrmAmpt,0_4,0.0,Australasia,M
Prevalence -> LowerExtrmAmpt,5_9,0.0,Australasia,M
Prevalence -> LowerExtrmAmpt,10_14,0.0,Australasia,M
Prevalence -> LowerExtrmAmpt,15_19,0.0,Australasia,M
Prevalence -> LowerExtrmAmpt,20_24,0.0002,Australasia,M
Prevalence -> LowerExtrmAmpt,25_29,0.0005,Australasia,M
Prevalence -> LowerExtrmAmpt,30_39,0.0016,Australasia,M
Prevalence -> LowerExtrmAmpt,40_49,0.0028,Australasia,M
Prevalence -> LowerExtrmAmpt,50_59,0.003,Australasia,M
Prevalence -> LowerExtrmAmpt,60_69,0.0049,Australasia,M
Prevalence -> LowerExtrmAmpt,70_79,0.0121,Australasia,M
Prevalence -> LowerExtrmAmpt,80_100,0.0282,Australasia,M
Disability -> Disability,0_4,0.0,Australasia,M
Disability -> Disability,5_9,0.0,Australasia,M
Disability -> Disability,10_14,0.0,Australasia,M
Disability -> Disability,15_19,0.0,Australasia,M
Disability -> Disability,20_24,0.0,Australasia,M
Disability -> Disability,25_29,0.0,Australasia,M
Disability -> Disability,30_39,0.0,Australasia,M
Disability -> Disability,40_49,0.0,Australasia,M
Disability -> Disability,50_59,0.0,Australasia,M
Disability -> Disability,60_69,0.0,Australasia,M
Disability -> Disability,70_79,0.0,Australasia,M
Disability -> Disability,80_100,0.0,Australasia,M
StdGlycControl -> DiabeticRetinopathy,0_4,-75.0,Australasia,M
StdGlycControl -> DiabeticRetinopathy,5_9,-75.0,Australasia,M
StdGlycControl -> DiabeticRetinopathy,10_14,-75.0,Australasia,M
StdGlycControl -> DiabeticRetinopathy,15_19,-75.0,Australasia,M
StdGlycControl -> DiabeticRetinopathy,20_24,-75.0,Australasia,M
StdGlycControl -> DiabeticRetinopathy,25_29,-75.0,Australasia,M
StdGlycControl -> DiabeticRetinopathy,30_39,-75.0,Australasia,M
StdGlycControl -> DiabeticRetinopathy,40_49,-75.0,Australasia,M
StdGlycControl -> DiabeticRetinopathy,50_59,-75.0,Australasia,M
StdGlycControl -> DiabeticRetinopathy,60_69,-75.0,Australasia,M
StdGlycControl -> DiabeticRetinopathy,70_79,-75.0,Australasia,M
StdGlycControl -> DiabeticRetinopathy,80_100,-75.0,Australasia,M
StdGlycControl -> LowerExtrmAmpt,0_4,-28.6,Australasia,M
StdGlycControl -> LowerExtrmAmpt,5_9,-28.6,Australasia,M
StdGlycControl -> LowerExtrmAmpt,10_14,-28.6,Australasia,M
StdGlycControl -> LowerExtrmAmpt,15_19,-28.6,Australasia,M
StdGlycControl -> LowerExtrmAmpt,20_24,-28.6,Australasia,M
StdGlycControl -> LowerExtrmAmpt,25_29,-28.6,Australasia,M
StdGlycControl -> LowerExtrmAmpt,30_39,-28.6,Australasia,M
StdGlycControl -> LowerExtrmAmpt,40_49,-28.6,Australasia,M
StdGlycControl -> LowerExtrmAmpt,50_59,-28.6,Australasia,M
StdGlycControl -> LowerExtrmAmpt,60_69,-28.6,Australasia,M
StdGlycControl -> LowerExtrmAmpt,70_79,-28.6,Australasia,M
StdGlycControl -> LowerExtrmAmpt,80_100,-28.6,Australasia,M
StdGlycControl -> DiabeticNephropathy,0_4,-39.0,Australasia,M
StdGlycControl -> DiabeticNephropathy,5_9,-39.0,Australasia,M
StdGlycControl -> DiabeticNephropathy,10_14,-39.0,Australasia,M
StdGlycControl -> DiabeticNephropathy,15_19,-39.0,Australasia,M
StdGlycControl -> DiabeticNephropathy,20_24,-39.0,Australasia,M
StdGlycControl -> DiabeticNephropathy,25_29,-39.0,Australasia,M
StdGlycControl -> DiabeticNephropathy,30_39,-39.0,Australasia,M
StdGlycControl -> DiabeticNephropathy,40_49,-39.0,Australasia,M
StdGlycControl -> DiabeticNephropathy,50_59,-39.0,Australasia,M
StdGlycControl -> DiabeticNephropathy,60_69,-39.0,Australasia,M
StdGlycControl -> DiabeticNephropathy,70_79,-39.0,Australasia,M
StdGlycControl -> DiabeticNephropathy,80_100,-39.0,Australasia,M
IntsvGlycControl -> DiabeticRetinopathy,0_4,-65.0,Australasia,M
IntsvGlycControl -> DiabeticRetinopathy,5_9,-65.0,Australasia,M
IntsvGlycControl -> DiabeticRetinopathy,10_14,-65.0,Australasia,M
IntsvGlycControl -> DiabeticRetinopathy,15_19,-65.0,Australasia,M
IntsvGlycControl -> DiabeticRetinopathy,20_24,-65.0,Australasia,M
IntsvGlycControl -> DiabeticRetinopathy,25_29,-65.0,Australasia,M
IntsvGlycControl -> DiabeticRetinopathy,30_39,-65.0,Australasia,M
IntsvGlycControl -> DiabeticRetinopathy,40_49,-65.0,Australasia,M
IntsvGlycControl -> DiabeticRetinopathy,50_59,-65.0,Australasia,M
IntsvGlycControl -> DiabeticRetinopathy,60_69,-65.0,Australasia,M
IntsvGlycControl -> DiabeticRetinopathy,70_79,-65.0,Australasia,M
IntsvGlycControl -> DiabeticRetinopathy,80_100,-65.0,Australasia,M
IntsvGlycControl -> LowerExtrmAmpt,0_4,-15.1,Australasia,M
IntsvGlycControl -> LowerExtrmAmpt,5_9,-15.1,Australasia,M
IntsvGlycControl -> LowerExtrmAmpt,10_14,-15.1,Australasia,M
IntsvGlycControl -> LowerExtrmAmpt,15_19,-15.1,Australasia,M
IntsvGlycControl -> LowerExtrmAmpt,20_24,-15.1,Australasia,M
IntsvGlycControl -> LowerExtrmAmpt,25_29,-15.1,Australasia,M
IntsvGlycControl -> LowerExtrmAmpt,30_39,-15.1,Australasia,M
IntsvGlycControl -> LowerExtrmAmpt,40_49,-15.1,Australasia,M
IntsvGlycControl -> LowerExtrmAmpt,50_59,-15.1,Australasia,M
IntsvGlycControl -> LowerExtrmAmpt,60_69,-15.1,Australasia,M
IntsvGlycControl -> LowerExtrmAmpt,70_79,-15.1,Australasia,M
IntsvGlycControl -> LowerExtrmAmpt,80_100,-15.1,Australasia,M
IntsvGlycControl -> DiabeticNephropathy,0_4,-39.0,Australasia,M
IntsvGlycControl -> DiabeticNephropathy,5_9,-39.0,Australasia,M
IntsvGlycControl -> DiabeticNephropathy,10_14,-39.0,Australasia,M
IntsvGlycControl -> DiabeticNephropathy,15_19,-39.0,Australasia,M
IntsvGlycControl -> DiabeticNephropathy,20_24,-39.0,Australasia,M
IntsvGlycControl -> DiabeticNephropathy,25_29,-39.0,Australasia,M
IntsvGlycControl -> DiabeticNephropathy,30_39,-39.0,Australasia,M
IntsvGlycControl -> DiabeticNephropathy,40_49,-39.0,Australasia,M
IntsvGlycControl -> DiabeticNephropathy,50_59,-39.0,Australasia,M
IntsvGlycControl -> DiabeticNephropathy,60_69,-39.0,Australasia,M
IntsvGlycControl -> DiabeticNephropathy,70_79,-39.0,Australasia,M
IntsvGlycControl -> DiabeticNephropathy,80_100,-39.0,Australasia,M
RetinopathyScrn -> DiabeticRetinopathy,0_4,-20.0,Australasia,M
RetinopathyScrn -> DiabeticRetinopathy,5_9,-20.0,Australasia,M
RetinopathyScrn -> DiabeticRetinopathy,10_14,-20.0,Australasia,M
RetinopathyScrn -> DiabeticRetinopathy,15_19,-20.0,Australasia,M
RetinopathyScrn -> DiabeticRetinopathy,20_24,-20.0,Australasia,M
RetinopathyScrn -> DiabeticRetinopathy,25_29,-20.0,Australasia,M
RetinopathyScrn -> DiabeticRetinopathy,30_39,-20.0,Australasia,M
RetinopathyScrn -> DiabeticRetinopathy,40_49,-20.0,Australasia,M
RetinopathyScrn -> DiabeticRetinopathy,50_59,-20.0,Australasia,M
RetinopathyScrn -> DiabeticRetinopathy,60_69,-20.0,Australasia,M
RetinopathyScrn -> DiabeticRetinopathy,70_79,-20.0,Australasia,M
RetinopathyScrn -> DiabeticRetinopathy,80_100,-20.0,Australasia,M
NeuropathyScr -> LowerExtrmAmpt,0_4,-35.0,Australasia,M
NeuropathyScr -> LowerExtrmAmpt,5_9,-35.0,Australasia,M
NeuropathyScr -> LowerExtrmAmpt,10_14,-35.0,Australasia,M
NeuropathyScr -> LowerExtrmAmpt,15_19,-35.0,Australasia,M
NeuropathyScr -> LowerExtrmAmpt,20_24,-35.0,Australasia,M
NeuropathyScr -> LowerExtrmAmpt,25_29,-35.0,Australasia,M
NeuropathyScr -> LowerExtrmAmpt,30_39,-35.0,Australasia,M
NeuropathyScr -> LowerExtrmAmpt,40_49,-35.0,Australasia,M
NeuropathyScr -> LowerExtrmAmpt,50_59,-35.0,Australasia,M
NeuropathyScr -> LowerExtrmAmpt,60_69,-35.0,Australasia,M
NeuropathyScr -> LowerExtrmAmpt,70_79,-35.0,Australasia,M
NeuropathyScr -> LowerExtrmAmpt,80_100,-35.0,Australasia,M
NephropathyScr -> DiabeticNephropathy,0_4,-24.0,Australasia,M
NephropathyScr -> DiabeticNephropathy,5_9,-24.0,Australasia,M
NephropathyScr -> DiabeticNephropathy,10_14,-24.0,Australasia,M
NephropathyScr -> DiabeticNephropathy,15_19,-24.0,Australasia,M
NephropathyScr -> DiabeticNephropathy,20_24,-24.0,Australasia,M
NephropathyScr -> DiabeticNephropathy,25_29,-24.0,Australasia,M
NephropathyScr -> DiabeticNephropathy,30_39,-24.0,Australasia,M
NephropathyScr -> DiabeticNephropathy,40_49,-24.0,Australasia,M
NephropathyScr -> DiabeticNephropathy,50_59,-24.0,Australasia,M
NephropathyScr -> DiabeticNephropathy,60_69,-24.0,Australasia,M
NephropathyScr -> DiabeticNephropathy,70_79,-24.0,Australasia,M
NephropathyScr -> DiabeticNephropathy,80_100,-24.0,Australasia,M
DiabeticNephropathy -> Disability,0_4,0.338,Australasia,M
DiabeticNephropathy -> Disability,5_9,0.338,Australasia,M
DiabeticNephropathy -> Disability,10_14,0.338,Australasia,M
DiabeticNephropathy -> Disability,15_19,0.338,Australasia,M
DiabeticNephropathy -> Disability,20_24,0.338,Australasia,M
DiabeticNephropathy -> Disability,25_29,0.338,Australasia,M
DiabeticNephropathy -> Disability,30_39,0.338,Australasia,M
DiabeticNephropathy -> Disability,40_49,0.338,Australasia,M
DiabeticNephropathy -> Disability,50_59,0.338,Australasia,M
DiabeticNephropathy -> Disability,60_69,0.338,Australasia,M
DiabeticNephropathy -> Disability,70_79,0.338,Australasia,M
DiabeticNephropathy -> Disability,80_100,0.338,Australasia,M
DiabeticNephropathy -> Deceased,0_4,0.0,Australasia,M
DiabeticNephropathy -> Deceased,5_9,0.0,Australasia,M
DiabeticNephropathy -> Deceased,10_14,0.0,Australasia,M
DiabeticNephropathy -> Deceased,15_19,0.0,Australasia,M
DiabeticNephropathy -> Deceased,20_24,0.00018385384535509443,Australasia,M
DiabeticNephropathy -> Deceased,25_29,0.0009192692267754722,Australasia,M
DiabeticNephropathy -> Deceased,30_39,0.0025739538349713225,Australasia,M
DiabeticNephropathy -> Deceased,40_49,0.0049640538245875505,Australasia,M
DiabeticNephropathy -> Deceased,50_59,0.009008838422399627,Australasia,M
DiabeticNephropathy -> Deceased,60_69,0.012869769174856611,Australasia,M
DiabeticNephropathy -> Deceased,70_79,0.024268707586872468,Australasia,M
DiabeticNephropathy -> Deceased,80_100,0.05313376130762229,Australasia,M
Prevalence -> DiabeticNephropathy,0_4,0.00428,Australasia,M
Prevalence -> DiabeticNephropathy,5_9,0.00428,Australasia,M
Prevalence -> DiabeticNephropathy,10_14,0.00436,Australasia,M
Prevalence -> DiabeticNephropathy,15_19,0.004560000000000001,Australasia,M
Prevalence -> DiabeticNephropathy,20_24,0.00496,Australasia,M
Prevalence -> DiabeticNephropathy,25_29,0.006200000000000001,Australasia,M
Prevalence -> DiabeticNephropathy,30_39,0.011000000000000001,Australasia,M
Prevalence -> DiabeticNephropathy,40_49,0.020680000000000004,Australasia,M
Prevalence -> DiabeticNephropathy,50_59,0.03332,Australasia,M
Prevalence -> DiabeticNephropathy,60_69,0.04012,Australasia,M
Prevalence -> DiabeticNephropathy,70_79,0.04916,Australasia,M
Prevalence -> DiabeticNephropathy,80_100,0.08984,Australasia,M
DsFreeSus -> Disability,0_4,0.022745659156376413,Australasia,F
DsFreeSus -> Disability,5_9,0.03530003366427181,Australasia,F
DsFreeSus -> Disability,10_14,0.04785440817216722,Australasia,F
DsFreeSus -> Disability,15_19,0.06040878268006262,Australasia,F
DsFreeSus -> Disability,20_24,0.07296315718795801,Australasia,F
DsFreeSus -> Disability,25_29,0.08551753169585342,Australasia,F
DsFreeSus -> Disability,30_39,0.10434909345769652,Australasia,F
DsFreeSus -> Disability,40_49,0.12945784247348732,Australasia,F
DsFreeSus -> Disability,50_59,0.15456659148927815,Australasia,F
DsFreeSus -> Disability,60_69,0.17967534050506895,Australasia,F
DsFreeSus -> Disability,70_79,0.20478408952085975,Australasia,F
DsFreeSus -> Disability,80_100,0.23617002579059826,Australasia,F
DsFreeSus -> Diabetes,0_4,0.0,Australasia,F
DsFreeSus -> Diabetes,5_9,0.0,Australasia,F
DsFreeSus -> Diabetes,10_14,1e-09,Australasia,F
DsFreeSus -> Diabetes,15_19,0.0001,Australasia,F
DsFreeSus -> Diabetes,20_24,0.0002,Australasia,F
DsFreeSus -> Diabetes,25_29,0.0006,Australasia,F
DsFreeSus -> Diabetes,30_39,0.0012,Australasia,F
DsFreeSus -> Diabetes,40_49,0.0021,Australasia,F
DsFreeSus -> Diabetes,50_59,0.0026,Australasia,F
DsFreeSus -> Diabetes,60_69,0.0015,Australasia,F
DsFreeSus -> Diabetes,70_79,0.0052,Australasia,F
DsFreeSus -> Diabetes,80_100,0.0115,Australasia,F
Diabetes -> Disability,0_4,0.031,Australasia,F
Diabetes -> Disability,5_9,0.031,Australasia,F
Diabetes -> Disability,10_14,0.031,Australasia,F
Diabetes -> Disability,15_19,0.031,Australasia,F
Diabetes -> Disability,20_24,0.031,Australasia,F
Diabetes -> Disability,25_29,0.031,Australasia,F
Diabetes -> Disability,30_39,0.031,Australasia,F
Diabetes -> Disability,40_49,0.031,Australasia,F
Diabetes -> Disability,50_59,0.031,Australasia,F
Diabetes -> Disability,60_69,0.031,Australasia,F
Diabetes -> Disability,70_79,0.031,Australasia,F
Diabetes -> Disability,80_100,0.031,Australasia,F
Diabetes -> Deceased,0_4,0.0,Australasia,F
Diabetes -> Deceased,5_9,0.0,Australasia,F
Diabetes -> Deceased,10_14,0.0,Australasia,F
Diabetes -> Deceased,15_19,0.0,Australasia,F
Diabetes -> Deceased,20_24,6.108101174587856e-05,Australasia,F
Diabetes -> Deceased,25_29,0.0001221620234917571,Australasia,F
Diabetes -> Deceased,30_39,0.0004275670822211499,Australasia,F
Diabetes -> Deceased,40_49,0.0009772961879340569,Australasia,F
Diabetes -> Deceased,50_59,0.0018935113641222353,Australasia,F
Diabetes -> Deceased,60_69,0.002687564516818657,Australasia,F
Diabetes -> Deceased,70_79,0.005252967010145556,Australasia,F
Diabetes -> Deceased,80_100,0.015331333948215519,Australasia,F
Diabetes -> DiabeticRetinopathy,0_4,0.0,Australasia,F
Diabetes -> DiabeticRetinopathy,5_9,0.0,Australasia,F
Diabetes -> DiabeticRetinopathy,10_14,0.0021436227224008574,Australasia,F
Diabetes -> DiabeticRetinopathy,15_19,0.0007207207207207207,Australasia,F
Diabetes -> DiabeticRetinopathy,20_24,0.0005892751915144372,Australasia,F
Diabetes -> DiabeticRetinopathy,25_29,0.0004566731362027629,Australasia,F
Diabetes -> DiabeticRetinopathy,30_39,0.0029745989304812833,Australasia,F
Diabetes -> DiabeticRetinopathy,40_49,0.005062652426204693,Australasia,F
Diabetes -> DiabeticRetinopathy,50_59,0.005131956683182034,Australasia,F
Diabetes -> DiabeticRetinopathy,60_69,0.006206499091191205,Australasia,F
Diabetes -> DiabeticRetinopathy,70_79,0.00341707937559272,Australasia,F
Diabetes -> DiabeticRetinopathy,80_100,0.003734224855078839,Australasia,F
Diabetes -> LowerExtrmAmpt,0_4,0.0,Australasia,F
Diabetes -> LowerExtrmAmpt,5_9,0.0,Australasia,F
Diabetes -> LowerExtrmAmpt,10_14,0.0,Australasia,F
Diabetes -> LowerExtrmAmpt,15_19,0.0014414414414414415,Australasia,F
Diabetes -> LowerExtrmAmpt,20_24,0.003388332351208014,Australasia,F
Diabetes -> LowerExtrmAmpt,25_29,0.005137572782281082,Australasia,F
Diabetes -> LowerExtrmAmpt,30_39,0.005147058823529412,Australasia,F
Diabetes -> LowerExtrmAmpt,40_49,0.0011269026995206458,Australasia,F
Diabetes -> LowerExtrmAmpt,50_59,0.0005209545661113513,Australasia,F
Diabetes -> LowerExtrmAmpt,60_69,0.0038901449660859156,Australasia,F
Diabetes -> LowerExtrmAmpt,70_79,0.010100705995694782,Australasia,F
Diabetes -> LowerExtrmAmpt,80_100,0.009697254073922012,Australasia,F
Diabetes -> DiabeticNephropathy,0_4,0.0,Australasia,F
Diabetes -> DiabeticNephropathy,5_9,0.0,Australasia,F
Diabetes -> DiabeticNephropathy,10_14,0.014,Australasia,F
Diabetes -> DiabeticNephropathy,15_19,0.014,Australasia,F
Diabetes -> DiabeticNephropathy,20_24,0.014,Australasia,F
Diabetes -> DiabeticNephropathy,25_29,0.014,Australasia,F
Diabetes -> DiabeticNephropathy,30_39,0.014,Australasia,F
Diabetes -> DiabeticNephropathy,40_49,0.014,Australasia,F
Diabetes -> DiabeticNephropathy,50_59,0.014,Australasia,F
Diabetes -> DiabeticNephropathy,60_69,0.014,Australasia,F
Diabetes -> DiabeticNephropathy,70_79,0.014,Australasia,F
Diabetes -> DiabeticNephropathy,80_100,0.014,Australasia,F
Prevalence -> Diabetes,0_4,0.0034833000000000004,Australasia,F
Prevalence -> Diabetes,5_9,0.0035516000000000002,Australasia,F
Prevalence -> Diabetes,10_14,0.0038248,Australasia,F
Prevalence -> Diabetes,15_19,0.0042346,Australasia,F
Prevalence -> Diabetes,20_24,0.004849300000000001,Australasia,F
Prevalence -> Diabetes,25_29,0.006215300000000001,Australasia,F
Prevalence -> Diabetes,30_39,0.010859700000000002,Australasia,F
Prevalence -> Diabetes,40_49,0.021173,Australasia,F
Prevalence -> Diabetes,50_59,0.0363356,Australasia,F
Prevalence -> Diabetes,60_69,0.0482881,Australasia,F
Prevalence -> Diabetes,70_79,0.057235400000000006,Australasia,F
Prevalence -> Diabetes,80_100,0.1162466,Australasia,F
DiabeticRetinopathy -> Disability,0_4,0.338,Australasia,F
DiabeticRetinopathy -> Disability,5_9,0.338,Australasia,F
DiabeticRetinopathy -> Disability,10_14,0.338,Australasia,F
DiabeticRetinopathy -> Disability,15_19,0.338,Australasia,F
DiabeticRetinopathy -> Disability,20_24,0.338,Australasia,F
DiabeticRetinopathy -> Disability,25_29,0.338,Australasia,F
DiabeticRetinopathy -> Disability,30_39,0.338,Australasia,F
DiabeticRetinopathy -> Disability,40_49,0.338,Australasia,F
DiabeticRetinopathy -> Disability,50_59,0.338,Australasia,F
DiabeticRetinopathy -> Disability,60_69,0.338,Australasia,F
DiabeticRetinopathy -> Disability,70_79,0.338,Australasia,F
DiabeticRetinopathy -> Disability,80_100,0.338,Australasia,F
DiabeticRetinopathy -> Deceased,0_4,0.0,Australasia,F
DiabeticRetinopathy -> Deceased,5_9,0.0,Australasia,F
DiabeticRetinopathy -> Deceased,10_14,0.0,Australasia,F
DiabeticRetinopathy -> Deceased,15_19,0.0,Australasia,F
DiabeticRetinopathy -> Deceased,20_24,0.0001,Australasia,F
DiabeticRetinopathy -> Deceased,25_29,0.0003,Australasia,F
DiabeticRetinopathy -> Deceased,30_39,0.0015,Australasia,F
DiabeticRetinopathy -> Deceased,40_49,0.0033,Australasia,F
DiabeticRetinopathy -> Deceased,50_59,0.0063,Australasia,F
DiabeticRetinopathy -> Deceased,60_69,0.009,Australasia,F
DiabeticRetinopathy -> Deceased,70_79,0.0169,Australasia,F
DiabeticRetinopathy -> Deceased,80_100,0.0484,Australasia,F
Prevalence -> DiabeticRetinopathy,0_4,0.0,Australasia,F
Prevalence -> DiabeticRetinopathy,5_9,0.0,Australasia,F
Prevalence -> DiabeticRetinopathy,10_14,0.0001,Australasia,F
Prevalence -> DiabeticRetinopathy,15_19,0.0001,Australasia,F
Prevalence -> DiabeticRetinopathy,20_24,0.0002,Australasia,F
Prevalence -> DiabeticRetinopathy,25_29,0.0002,Australasia,F
Prevalence -> DiabeticRetinopathy,30_39,0.0003,Australasia,F
Prevalence -> DiabeticRetinopathy,40_49,0.0013,Australasia,F
Prevalence -> DiabeticRetinopathy,50_59,0.0034,Australasia,F
Prevalence -> DiabeticRetinopathy,60_69,0.0065,Australasia,F
Prevalence -> DiabeticRetinopathy,70_79,0.0091,Australasia,F
Prevalence -> DiabeticRetinopathy,80_100,0.0108,Australasia,F
LowerExtrmAmpt -> Disability,0_4,0.164,Australasia,F
LowerExtrmAmpt -> Disability,5_9,0.164,Australasia,F
LowerExtrmAmpt -> Disability,10_14,0.164,Australasia,F
LowerExtrmAmpt -> Disability,15_19,0.164,Australasia,F
LowerExtrmAmpt -> Disability,20_24,0.164,Australasia,F
LowerExtrmAmpt -> Disability,25_29,0.164,Australasia,F
LowerExtrmAmpt -> Disability,30_39,0.164,Australasia,F
LowerExtrmAmpt -> Disability,40_49,0.164,Australasia,F
LowerExtrmAmpt -> Disability,50_59,0.164,Australasia,F
LowerExtrmAmpt -> Disability,60_69,0.164,Australasia,F
LowerExtrmAmpt -> Disability,70_79,0.164,Australasia,F
LowerExtrmAmpt -> Disability,80_100,0.164,Australasia,F
LowerExtrmAmpt -> Deceased,0_4,0.0,Australasia,F
LowerExtrmAmpt -> Deceased,5_9,0.0,Australasia,F
LowerExtrmAmpt -> Deceased,10_14,0.0,Australasia,F
LowerExtrmAmpt -> Deceased,15_19,0.0,Australasia,F
LowerExtrmAmpt -> Deceased,20_24,0.0001,Australasia,F
LowerExtrmAmpt -> Deceased,25_29,0.0004,Australasia,F
LowerExtrmAmpt -> Deceased,30_39,0.0014,Australasia,F
LowerExtrmAmpt -> Deceased,40_49,0.0031,Australasia,F
LowerExtrmAmpt -> Deceased,50_59,0.0061,Australasia,F
LowerExtrmAmpt -> Deceased,60_69,0.0092,Australasia,F
LowerExtrmAmpt -> Deceased,70_79,0.0175,Australasia,F
LowerExtrmAmpt -> Deceased,80_100,0.0508,Australasia,F
Prevalence -> LowerExtrmAmpt,0_4,0.0,Australasia,F
Prevalence -> LowerExtrmAmpt,5_9,0.0,Australasia,F
Prevalence -> LowerExtrmAmpt,10_14,0.0,Australasia,F
Prevalence -> LowerExtrmAmpt,15_19,0.0,Australasia,F
Prevalence -> LowerExtrmAmpt,20_24,0.0001,Australasia,F
Prevalence -> LowerExtrmAmpt,25_29,0.0003,Australasia,F
Prevalence -> LowerExtrmAmpt,30_39,0.0008,Australasia,F
Prevalence -> LowerExtrmAmpt,40_49,0.0014,Australasia,F
Prevalence -> LowerExtrmAmpt,50_59,0.0015,Australasia,F
Prevalence -> LowerExtrmAmpt,60_69,0.0027,Australasia,F
Prevalence -> LowerExtrmAmpt,70_79,0.0068,Australasia,F
Prevalence -> LowerExtrmAmpt,80_100,0.0182,Australasia,F
Disability -> Disability,0_4,0.0,Australasia,F
Disability -> Disability,5_9,0.0,Australasia,F
Disability -> Disability,10_14,0.0,Australasia,F
Disability -> Disability,15_19,0.0,Australasia,F
Disability -> Disability,20_24,0.0,Australasia,F
Disability -> Disability,25_29,0.0,Australasia,F
Disability -> Disability,30_39,0.0,Australasia,F
Disability -> Disability,40_49,0.0,Australasia,F
Disability -> Disability,50_59,0.0,Australasia,F
Disability -> Disability,60_69,0.0,Australasia,F
Disability -> Disability,70_79,0.0,Australasia,F
Disability -> Disability,80_100,0.0,Australasia,F
StdGlycControl -> DiabeticRetinopathy,0_4,-75.0,Australasia,F
StdGlycControl -> DiabeticRetinopathy,5_9,-75.0,Australasia,F
StdGlycControl -> DiabeticRetinopathy,10_14,-75.0,Australasia,F
StdGlycControl -> DiabeticRetinopathy,15_19,-75.0,Australasia,F
StdGlycControl -> DiabeticRetinopathy,20_24,-75.0,Australasia,F
StdGlycControl -> DiabeticRetinopathy,25_29,-75.0,Australasia,F
StdGlycControl -> DiabeticRetinopathy,30_39,-75.0,Australasia,F
StdGlycControl -> DiabeticRetinopathy,40_49,-75.0,Australasia,F
StdGlycControl -> DiabeticRetinopathy,50_59,-75.0,Australasia,F
StdGlycControl -> DiabeticRetinopathy,60_69,-75.0,Australasia,F
StdGlycControl -> DiabeticRetinopathy,70_79,-75.0,Australasia,F
StdGlycControl -> DiabeticRetinopathy,80_100,-75.0,Australasia,F
StdGlycControl -> LowerExtrmAmpt,0_4,-28.6,Australasia,F
StdGlycControl -> LowerExtrmAmpt,5_9,-28.6,Australasia,F
StdGlycControl -> LowerExtrmAmpt,10_14,-28.6,Australasia,F
StdGlycControl -> LowerExtrmAmpt,15_19,-28.6,Australasia,F
StdGlycControl -> LowerExtrmAmpt,20_24,-28.6,Australasia,F
StdGlycControl -> LowerExtrmAmpt,25_29,-28.6,Australasia,F
StdGlycControl -> LowerExtrmAmpt,30_39,-28.6,Australasia,F
StdGlycControl -> LowerExtrmAmpt,40_49,-28.6,Australasia,F
StdGlycControl -> LowerExtrmAmpt,50_59,-28.6,Australasia,F
StdGlycControl -> LowerExtrmAmpt,60_69,-28.6,Australasia,F
StdGlycControl -> LowerExtrmAmpt,70_79,-28.6,Australasia,F
StdGlycControl -> LowerExtrmAmpt,80_100,-28.6,Australasia,F
StdGlycControl -> DiabeticNephropathy,0_4,-39.0,Australasia,F
StdGlycControl -> DiabeticNephropathy,5_9,-39.0,Australasia,F
StdGlycControl -> DiabeticNephropathy,10_14,-39.0,Australasia,F
StdGlycControl -> DiabeticNephropathy,15_19,-39.0,Australasia,F
StdGlycControl -> DiabeticNephropathy,20_24,-39.0,Australasia,F
StdGlycControl -> DiabeticNephropathy,25_29,-39.0,Australasia,F
StdGlycControl -> DiabeticNephropathy,30_39,-39.0,Australasia,F
StdGlycControl -> DiabeticNephropathy,40_49,-39.0,Australasia,F
StdGlycControl -> DiabeticNephropathy,50_59,-39.0,Australasia,F
StdGlycControl -> DiabeticNephropathy,60_69,-39.0,Australasia,F
StdGlycControl -> DiabeticNephropathy,70_79,-39.0,Australasia,F
StdGlycControl -> DiabeticNephropathy,80_100,-39.0,Australasia,F
IntsvGlycControl -> DiabeticRetinopathy,0_4,-65.0,Australasia,F
IntsvGlycControl -> DiabeticRetinopathy,5_9,-65.0,Australasia,F
IntsvGlycControl -> DiabeticRetinopathy,10_14,-65.0,Australasia,F
IntsvGlycControl -> DiabeticRetinopathy,15_19,-65.0,Australasia,F
IntsvGlycControl -> DiabeticRetinopathy,20_24,-65.0,Australasia,F
IntsvGlycControl -> DiabeticRetinopathy,25_29,-65.0,Australasia,F
IntsvGlycControl -> DiabeticRetinopathy,30_39,-65.0,Australasia,F
IntsvGlycControl -> DiabeticRetinopathy,40_49,-65.0,Australasia,F
IntsvGlycControl -> DiabeticRetinopathy,50_59,-65.0,Australasia,F
IntsvGlycControl -> DiabeticRetinopathy,60_69,-65.0,Australasia,F
IntsvGlycControl -> DiabeticRetinopathy,70_79,-65.0,Australasia,F
IntsvGlycControl -> DiabeticRetinopathy,80_100,-65.0,Australasia,F
IntsvGlycControl -> LowerExtrmAmpt,0_4,-15.1,Australasia,F
IntsvGlycControl -> LowerExtrmAmpt,5_9,-15.1,Australasia,F
IntsvGlycControl -> LowerExtrmAmpt,10_14,-15.1,Australasia,F
IntsvGlycControl -> LowerExtrmAmpt,15_19,-15.1,Australasia,F
IntsvGlycControl -> LowerExtrmAmpt,20_24,-15.1,Australasia,F
IntsvGlycControl -> LowerExtrmAmpt,25_29,-15.1,Australasia,F
IntsvGlycControl -> LowerExtrmAmpt,30_39,-15.1,Australasia,F
IntsvGlycControl -> LowerExtrmAmpt,40_49,-15.1,Australasia,F
IntsvGlycControl -> LowerExtrmAmpt,50_59,-15.1,Australasia,F
IntsvGlycControl -> LowerExtrmAmpt,60_69,-15.1,Australasia,F
IntsvGlycControl -> LowerExtrmAmpt,70_79,-15.1,Australasia,F
IntsvGlycControl -> LowerExtrmAmpt,80_100,-15.1,Australasia,F
IntsvGlycControl -> DiabeticNephropathy,0_4,-39.0,Australasia,F
IntsvGlycControl -> DiabeticNephropathy,5_9,-39.0,Australasia,F
IntsvGlycControl -> DiabeticNephropathy,10_14,-39.0,Australasia,F
IntsvGlycControl -> DiabeticNephropathy,15_19,-39.0,Australasia,F
IntsvGlycControl -> DiabeticNephropathy,20_24,-39.0,Australasia,F
IntsvGlycControl -> DiabeticNephropathy,25_29,-39.0,Australasia,F
IntsvGlycControl -> DiabeticNephropathy,30_39,-39.0,Australasia,F
IntsvGlycControl -> DiabeticNephropathy,40_49,-39.0,Australasia,F
IntsvGlycControl -> DiabeticNephropathy,50_59,-39.0,Australasia,F
IntsvGlycControl -> DiabeticNephropathy,60_69,-39.0,Australasia,F
IntsvGlycControl -> DiabeticNephropathy,70_79,-39.0,Australasia,F
IntsvGlycControl -> DiabeticNephropathy,80_100,-39.0,Australasia,F
RetinopathyScrn -> DiabeticRetinopathy,0_4,-20.0,Australasia,F
RetinopathyScrn -> DiabeticRetinopathy,5_9,-20.0,Australasia,F
RetinopathyScrn -> DiabeticRetinopathy,10_14,-20.0,Australasia,F
RetinopathyScrn -> DiabeticRetinopathy,15_19,-20.0,Australasia,F
RetinopathyScrn -> DiabeticRetinopathy,20_24,-20.0,Australasia,F
RetinopathyScrn -> DiabeticRetinopathy,25_29,-20.0,Australasia,F
RetinopathyScrn -> DiabeticRetinopathy,30_39,-20.0,Australasia,F
RetinopathyScrn -> DiabeticRetinopathy,40_49,-20.0,Australasia,F
RetinopathyScrn -> DiabeticRetinopathy,50_59,-20.0,Australasia,F
RetinopathyScrn -> DiabeticRetinopathy,60_69,-20.0,Australasia,F
RetinopathyScrn -> DiabeticRetinopathy,70_79,-20.0,Australasia,F
RetinopathyScrn -> DiabeticRetinopathy,80_100,-20.0,Australasia,F
NeuropathyScr -> LowerExtrmAmpt,0_4,-35.0,Australasia,F
NeuropathyScr -> LowerExtrmAmpt,5_9,-35.0,Australasia,F
NeuropathyScr -> LowerExtrmAmpt,10_14,-35.0,Australasia,F
NeuropathyScr -> LowerExtrmAmpt,15_19,-35.0,Australasia,F
NeuropathyScr -> LowerExtrmAmpt,20_24,-35.0,Australasia,F
NeuropathyScr -> LowerExtrmAmpt,25_29,-35.0,Australasia,F
NeuropathyScr -> LowerExtrmAmpt,30_39,-35.0,Australasia,F
NeuropathyScr -> LowerExtrmAmpt,40_49,-35.0,Australasia,F
NeuropathyScr -> LowerExtrmAmpt,50_59,-35.0,Australasia,F
NeuropathyScr -> LowerExtrmAmpt,60_69,-35.0,Australasia,F
NeuropathyScr -> LowerExtrmAmpt,70_79,-35.0,Australasia,F
NeuropathyScr -> LowerExtrmAmpt,80_100,-35.0,Australasia,F
NephropathyScr -> DiabeticNephropathy,0_4,-24.0,Australasia,F
NephropathyScr -> DiabeticNephropathy,5_9,-24.0,Australasia,F
NephropathyScr -> DiabeticNephropathy,10_14,-24.0,Australasia,F
NephropathyScr -> DiabeticNephropathy,15_19,-24.0,Australasia,F
NephropathyScr -> DiabeticNephropathy,20_24,-24.0,Australasia,F
NephropathyScr -> DiabeticNephropathy,25_29,-24.0,Australasia,F
NephropathyScr -> DiabeticNephropathy,30_39,-24.0,Australasia,F
NephropathyScr -> DiabeticNephropathy,40_49,-24.0,Australasia,F
NephropathyScr -> DiabeticNephropathy,50_59,-24.0,Australasia,F
NephropathyScr -> DiabeticNephropathy,60_69,-24.0,Australasia,F
NephropathyScr -> DiabeticNephropathy,70_79,-24.0,Australasia,F
NephropathyScr -> DiabeticNephropathy,80_100,-24.0,Australasia,F
DiabeticNephropathy -> Disability,0_4,0.338,Australasia,F
DiabeticNephropathy -> Disability,5_9,0.338,Australasia,F
DiabeticNephropathy -> Disability,10_14,0.338,Australasia,F
DiabeticNephropathy -> Disability,15_19,0.338,Australasia,F
DiabeticNephropathy -> Disability,20_24,0.338,Australasia,F
DiabeticNephropathy -> Disability,25_29,0.338,Australasia,F
DiabeticNephropathy -> Disability,30_39,0.338,Australasia,F
DiabeticNephropathy -> Disability,40_49,0.338,Australasia,F
DiabeticNephropathy -> Disability,50_59,0.338,Australasia,F
DiabeticNephropathy -> Disability,60_69,0.338,Australasia,F
DiabeticNephropathy -> Disability,70_79,0.338,Australasia,F
DiabeticNephropathy -> Disability,80_100,0.338,Australasia,F
DiabeticNephropathy -> Deceased,0_4,0.0,Australasia,F
DiabeticNephropathy -> Deceased,5_9,0.0,Australasia,F
DiabeticNephropathy -> Deceased,10_14,0.0,Australasia,F
DiabeticNephropathy -> Deceased,15_19,0.0,Australasia,F
DiabeticNephropathy -> Deceased,20_24,0.00018385384535509443,Australasia,F
DiabeticNephropathy -> Deceased,25_29,0.00036770769071018885,Australasia,F
DiabeticNephropathy -> Deceased,30_39,0.0012869769174856612,Australasia,F
DiabeticNephropathy -> Deceased,40_49,0.002941661525681511,Australasia,F
DiabeticNephropathy -> Deceased,50_59,0.005699469206007927,Australasia,F
DiabeticNephropathy -> Deceased,60_69,0.008089569195624157,Australasia,F
DiabeticNephropathy -> Deceased,70_79,0.015811430700538122,Australasia,F
DiabeticNephropathy -> Deceased,80_100,0.04614731518412871,Australasia,F
Prevalence -> DiabeticNephropathy,0_4,0.00428,Australasia,F
Prevalence -> DiabeticNephropathy,5_9,0.00428,Australasia,F
Prevalence -> DiabeticNephropathy,10_14,0.00436,Australasia,F
Prevalence -> DiabeticNephropathy,15_19,0.004560000000000001,Australasia,F
Prevalence -> DiabeticNephropathy,20_24,0.00496,Australasia,F
Prevalence -> DiabeticNephropathy,25_29,0.006200000000000001,Australasia,F
Prevalence -> DiabeticNephropathy,30_39,0.011000000000000001,Australasia,F
Prevalence -> DiabeticNephropathy,40_49,0.020680000000000004,Australasia,F
Prevalence -> DiabeticNephropathy,50_59,0.03332,Australasia,F
Prevalence -> DiabeticNephropathy,60_69,0.04012,Australasia,F
Prevalence -> DiabeticNephropathy,70_79,0.04916,Australasia,F
Prevalence -> DiabeticNephropathy,80_100,0.08984,Australasia,F
DsFreeSus -> Disability,0_4,0.04595635463916639,Caribbean,M
DsFreeSus -> Disability,5_9,0.061179053276368155,Caribbean,M
DsFreeSus -> Disability,10_14,0.07640175191356992,Caribbean,M
DsFreeSus -> Disability,15_19,0.09162445055077167,Caribbean,M
DsFreeSus -> Disability,20_24,0.10684714918797344,Caribbean,M
DsFreeSus -> Disability,25_29,0.12206984782517522,Caribbean,M
DsFreeSus -> Disability,30_39,0.14490389578097784,Caribbean,M
DsFreeSus -> Disability,40_49,0.17534929305538138,Caribbean,M
DsFreeSus -> Disability,50_59,0.20579469032978492,Caribbean,M
DsFreeSus -> Disability,60_69,0.23624008760418844,Caribbean,M
DsFreeSus -> Disability,70_79,0.266685484878592,Caribbean,M
DsFreeSus -> Disability,80_100,0.3047422314715964,Caribbean,M
DsFreeSus -> Diabetes,0_4,0.0,Caribbean,M
DsFreeSus -> Diabetes,5_9,0.0,Caribbean,M
DsFreeSus -> Diabetes,10_14,0.0,Caribbean,M
DsFreeSus -> Diabetes,15_19,0.0001,Caribbean,M
DsFreeSus -> Diabetes,20_24,0.0005,Caribbean,M
DsFreeSus -> Diabetes,25_29,0.0014,Caribbean,M
DsFreeSus -> Diabetes,30_39,0.0026,Caribbean,M
DsFreeSus -> Diabetes,40_49,0.0047,Caribbean,M
DsFreeSus -> Diabetes,50_59,0.0056,Caribbean,M
DsFreeSus -> Diabetes,60_69,0.0037,Caribbean,M
DsFreeSus -> Diabetes,70_79,0.0087,Caribbean,M
DsFreeSus -> Diabetes,80_100,0.0187,Caribbean,M
Diabetes -> Disability,0_4,0.031,Caribbean,M
Diabetes -> Disability,5_9,0.031,Caribbean,M
Diabetes -> Disability,10_14,0.031,Caribbean,M
Diabetes -> Disability,15_19,0.031,Caribbean,M
Diabetes -> Disability,20_24,0.031,Caribbean,M
Diabetes -> Disability,25_29,0.031,Caribbean,M
Diabetes -> Disability,30_39,0.031,Caribbean,M
Diabetes -> Disability,40_49,0.031,Caribbean,M
Diabetes -> Disability,50_59,0.031,Caribbean,M
Diabetes -> Disability,60_69,0.031,Caribbean,M
Diabetes -> Disability,70_79,0.031,Caribbean,M
Diabetes -> Disability,80_100,0.031,Caribbean,M
Diabetes -> Deceased,0_4,0.0,Caribbean,M
Diabetes -> Deceased,5_9,0.0,Caribbean,M
Diabetes -> Deceased,10_14,0.0,Caribbean,M
Diabetes -> Deceased,15_19,0.0,Caribbean,M
Diabetes -> Deceased,20_24,0.0006108101174587856,Caribbean,M
Diabetes -> Deceased,25_29,0.002504321481581021,Caribbean,M
Diabetes -> Deceased,30_39,0.00506972397490792,Caribbean,M
Diabetes -> Deceased,40_49,0.0059248581393502205,Caribbean,M
Diabetes -> Deceased,50_59,0.008368098609185363,Caribbean,M
Diabetes -> Deceased,60_69,0.010444853008545234,Caribbean,M
Diabetes -> Deceased,70_79,0.015148090912977882,Caribbean,M
Diabetes -> Deceased,80_100,0.023088622439942096,Caribbean,M
Diabetes -> DiabeticRetinopathy,0_4,0.0,Caribbean,M
Diabetes -> DiabeticRetinopathy,5_9,0.0,Caribbean,M
Diabetes -> DiabeticRetinopathy,10_14,0.0,Caribbean,M
Diabetes -> DiabeticRetinopathy,15_19,0.0,Caribbean,M
Diabetes -> DiabeticRetinopathy,20_24,0.0002516831309381489,Caribbean,M
Diabetes -> DiabeticRetinopathy,25_29,0.0010524219927752652,Caribbean,M
Diabetes -> DiabeticRetinopathy,30_39,0.006266908001012047,Caribbean,M
Diabetes -> DiabeticRetinopathy,40_49,0.0070632995458101405,Caribbean,M
Diabetes -> DiabeticRetinopathy,50_59,0.009125339976106352,Caribbean,M
Diabetes -> DiabeticRetinopathy,60_69,0.01689193501040191,Caribbean,M
Diabetes -> DiabeticRetinopathy,70_79,0.019350762950724073,Caribbean,M
Diabetes -> DiabeticRetinopathy,80_100,0.017282778267652444,Caribbean,M
Diabetes -> LowerExtrmAmpt,0_4,0.0,Caribbean,M
Diabetes -> LowerExtrmAmpt,5_9,0.0,Caribbean,M
Diabetes -> LowerExtrmAmpt,10_14,9.620626623480743e-05,Caribbean,M
Diabetes -> LowerExtrmAmpt,15_19,0.0021673729498916314,Caribbean,M
Diabetes -> LowerExtrmAmpt,20_24,0.005914553577046499,Caribbean,M
Diabetes -> LowerExtrmAmpt,25_29,0.010182893876041755,Caribbean,M
Diabetes -> LowerExtrmAmpt,30_39,0.012660321908876821,Caribbean,M
Diabetes -> LowerExtrmAmpt,40_49,0.003427529421034562,Caribbean,M
Diabetes -> LowerExtrmAmpt,50_59,0.0014641214000660888,Caribbean,M
Diabetes -> LowerExtrmAmpt,60_69,0.011193220252453702,Caribbean,M
Diabetes -> LowerExtrmAmpt,70_79,0.026844202546408787,Caribbean,M
Diabetes -> LowerExtrmAmpt,80_100,0.029505528047208844,Caribbean,M
Diabetes -> DiabeticNephropathy,0_4,0.0,Caribbean,M
Diabetes -> DiabeticNephropathy,5_9,0.0,Caribbean,M
Diabetes -> DiabeticNephropathy,10_14,0.014,Caribbean,M
Diabetes -> DiabeticNephropathy,15_19,0.014,Caribbean,M
Diabetes -> DiabeticNephropathy,20_24,0.014,Caribbean,M
Diabetes -> DiabeticNephropathy,25_29,0.014,Caribbean,M
Diabetes -> DiabeticNephropathy,30_39,0.014,Caribbean,M
Diabetes -> DiabeticNephropathy,40_49,0.014,Caribbean,M
Diabetes -> DiabeticNephropathy,50_59,0.014,Caribbean,M
Diabetes -> DiabeticNephropathy,60_69,0.014,Caribbean,M
Diabetes -> DiabeticNephropathy,70_79,0.014,Caribbean,M
Diabetes -> DiabeticNephropathy,80_100,0.014,Caribbean,M
Prevalence -> Diabetes,0_4,0.0,Caribbean,M
Prevalence -> Diabetes,5_9,0.0,Caribbean,M
Prevalence -> Diabetes,10_14,0.0109963,Caribbean,M
Prevalence -> Diabetes,15_19,0.0111329,Caribbean,M
Prevalence -> Diabetes,20_24,0.011952500000000001,Caribbean,M
Prevalence -> Diabetes,25_29,0.0148894,Caribbean,M
Prevalence -> Diabetes,30_39,0.024519700000000002,Caribbean,M
Prevalence -> Diabetes,40_49,0.0445316,Caribbean,M
Prevalence -> Diabetes,50_59,0.07205650000000001,Caribbean,M
Prevalence -> Diabetes,60_69,0.08879000000000001,Caribbean,M
Prevalence -> Diabetes,70_79,0.09876180000000001,Caribbean,M
Prevalence -> Diabetes,80_100,0.1622125,Caribbean,M
DiabeticRetinopathy -> Disability,0_4,0.338,Caribbean,M
DiabeticRetinopathy -> Disability,5_9,0.338,Caribbean,M
DiabeticRetinopathy -> Disability,10_14,0.338,Caribbean,M
DiabeticRetinopathy -> Disability,15_19,0.338,Caribbean,M
DiabeticRetinopathy -> Disability,20_24,0.338,Caribbean,M
DiabeticRetinopathy -> Disability,25_29,0.338,Caribbean,M
DiabeticRetinopathy -> Disability,30_39,0.338,Caribbean,M
DiabeticRetinopathy -> Disability,40_49,0.338,Caribbean,M
DiabeticRetinopathy -> Disability,50_59,0.338,Caribbean,M
DiabeticRetinopathy -> Disability,60_69,0.338,Caribbean,M
DiabeticRetinopathy -> Disability,70_79,0.338,Caribbean,M
DiabeticRetinopathy -> Disability,80_100,0.338,Caribbean,M
DiabeticRetinopathy -> Deceased,0_4,0.0,Caribbean,M
DiabeticRetinopathy -> Deceased,5_9,0.0,Caribbean,M
DiabeticRetinopathy -> Deceased,10_14,0.0,Caribbean,M
DiabeticRetinopathy -> Deceased,15_19,0.0001,Caribbean,M
DiabeticRetinopathy -> Deceased,20_24,0.0013,Caribbean,M
DiabeticRetinopathy -> Deceased,25_29,0.0062,Caribbean,M
DiabeticRetinopathy -> Deceased,30_39,0.0168,Caribbean,M
DiabeticRetinopathy -> Deceased,40_49,0.0195,Caribbean,M
DiabeticRetinopathy -> Deceased,50_59,0.0277,Caribbean,M
DiabeticRetinopathy -> Deceased,60_69,0.0349,Caribbean,M
DiabeticRetinopathy -> Deceased,70_79,0.0491,Caribbean,M
DiabeticRetinopathy -> Deceased,80_100,0.0749,Caribbean,M
Prevalence -> DiabeticRetinopathy,0_4,0.0,Caribbean,M
Prevalence -> DiabeticRetinopathy,5_9,0.0,Caribbean,M
Prevalence -> DiabeticRetinopathy,10_14,0.0,Caribbean,M
Prevalence -> DiabeticRetinopathy,15_19,0.0,Caribbean,M
Prevalence -> DiabeticRetinopathy,20_24,0.0004,Caribbean,M
Prevalence -> DiabeticRetinopathy,25_29,0.0004,Caribbean,M
Prevalence -> DiabeticRetinopathy,30_39,0.0012,Caribbean,M
Prevalence -> DiabeticRetinopathy,40_49,0.0043,Caribbean,M
Prevalence -> DiabeticRetinopathy,50_59,0.0092,Caribbean,M
Prevalence -> DiabeticRetinopathy,60_69,0.0202,Caribbean,M
Prevalence -> DiabeticRetinopathy,70_79,0.034,Caribbean,M
Prevalence -> DiabeticRetinopathy,80_100,0.0462,Caribbean,M
LowerExtrmAmpt -> Disability,0_4,0.164,Caribbean,M
LowerExtrmAmpt -> Disability,5_9,0.164,Caribbean,M
LowerExtrmAmpt -> Disability,10_14,0.164,Caribbean,M
LowerExtrmAmpt -> Disability,15_19,0.164,Caribbean,M
LowerExtrmAmpt -> Disability,20_24,0.164,Caribbean,M
LowerExtrmAmpt -> Disability,25_29,0.164,Caribbean,M
LowerExtrmAmpt -> Disability,30_39,0.164,Caribbean,M
LowerExtrmAmpt -> Disability,40_49,0.164,Caribbean,M
LowerExtrmAmpt -> Disability,50_59,0.164,Caribbean,M
LowerExtrmAmpt -> Disability,60_69,0.164,Caribbean,M
LowerExtrmAmpt -> Disability,70_79,0.164,Caribbean,M
LowerExtrmAmpt -> Disability,80_100,0.164,Caribbean,M
LowerExtrmAmpt -> Deceased,0_4,0.0,Caribbean,M
LowerExtrmAmpt -> Deceased,5_9,0.0,Caribbean,M
LowerExtrmAmpt -> Deceased,10_14,0.0,Caribbean,M
LowerExtrmAmpt -> Deceased,15_19,0.0,Caribbean,M
LowerExtrmAmpt -> Deceased,20_24,0.0014,Caribbean,M
LowerExtrmAmpt -> Deceased,25_29,0.0064,Caribbean,M
LowerExtrmAmpt -> Deceased,30_39,0.0166,Caribbean,M
LowerExtrmAmpt -> Deceased,40_49,0.0193,Caribbean,M
LowerExtrmAmpt -> Deceased,50_59,0.0273,Caribbean,M
LowerExtrmAmpt -> Deceased,60_69,0.0352,Caribbean,M
LowerExtrmAmpt -> Deceased,70_79,0.0494,Caribbean,M
LowerExtrmAmpt -> Deceased,80_100,0.0761,Caribbean,M
Prevalence -> LowerExtrmAmpt,0_4,0.0,Caribbean,M
Prevalence -> LowerExtrmAmpt,5_9,0.0,Caribbean,M
Prevalence -> LowerExtrmAmpt,10_14,0.0,Caribbean,M
Prevalence -> LowerExtrmAmpt,15_19,0.0001,Caribbean,M
Prevalence -> LowerExtrmAmpt,20_24,0.0004,Caribbean,M
Prevalence -> LowerExtrmAmpt,25_29,0.0012,Caribbean,M
Prevalence -> LowerExtrmAmpt,30_39,0.0038,Caribbean,M
Prevalence -> LowerExtrmAmpt,40_49,0.0065,Caribbean,M
Prevalence -> LowerExtrmAmpt,50_59,0.0063,Caribbean,M
Prevalence -> LowerExtrmAmpt,60_69,0.0109,Caribbean,M
Prevalence -> LowerExtrmAmpt,70_79,0.027,Caribbean,M
Prevalence -> LowerExtrmAmpt,80_100,0.0629,Caribbean,M
Disability -> Disability,0_4,0.0,Caribbean,M
Disability -> Disability,5_9,0.0,Caribbean,M
Disability -> Disability,10_14,0.0,Caribbean,M
Disability -> Disability,15_19,0.0,Caribbean,M
Disability -> Disability,20_24,0.0,Caribbean,M
Disability -> Disability,25_29,0.0,Caribbean,M
Disability -> Disability,30_39,0.0,Caribbean,M
Disability -> Disability,40_49,0.0,Caribbean,M
Disability -> Disability,50_59,0.0,Caribbean,M
Disability -> Disability,60_69,0.0,Caribbean,M
Disability -> Disability,70_79,0.0,Caribbean,M
Disability -> Disability,80_100,0.0,Caribbean,M
StdGlycControl -> DiabeticRetinopathy,0_4,-75.0,Caribbean,M
StdGlycControl -> DiabeticRetinopathy,5_9,-75.0,Caribbean,M
StdGlycControl -> DiabeticRetinopathy,10_14,-75.0,Caribbean,M
StdGlycControl -> DiabeticRetinopathy,15_19,-75.0,Caribbean,M
StdGlycControl -> DiabeticRetinopathy,20_24,-75.0,Caribbean,M
StdGlycControl -> DiabeticRetinopathy,25_29,-75.0,Caribbean,M
StdGlycControl -> DiabeticRetinopathy,30_39,-75.0,Caribbean,M
StdGlycControl -> DiabeticRetinopathy,40_49,-75.0,Caribbean,M
StdGlycControl -> DiabeticRetinopathy,50_59,-75.0,Caribbean,M
StdGlycControl -> DiabeticRetinopathy,60_69,-75.0,Caribbean,M
StdGlycControl -> DiabeticRetinopathy,70_79,-75.0,Caribbean,M
StdGlycControl -> DiabeticRetinopathy,80_100,-75.0,Caribbean,M
StdGlycControl -> LowerExtrmAmpt,0_4,-28.6,Caribbean,M
StdGlycControl -> LowerExtrmAmpt,5_9,-28.6,Caribbean,M
StdGlycControl -> LowerExtrmAmpt,10_14,-28.6,Caribbean,M
StdGlycControl -> LowerExtrmAmpt,15_19,-28.6,Caribbean,M
StdGlycControl -> LowerExtrmAmpt,20_24,-28.6,Caribbean,M
StdGlycControl -> LowerExtrmAmpt,25_29,-28.6,Caribbean,M
StdGlycControl -> LowerExtrmAmpt,30_39,-28.6,Caribbean,M
StdGlycControl -> LowerExtrmAmpt,40_49,-28.6,Caribbean,M
StdGlycControl -> LowerExtrmAmpt,50_59,-28.6,Caribbean,M
StdGlycControl -> LowerExtrmAmpt,60_69,-28.6,Caribbean,M
StdGlycControl -> LowerExtrmAmpt,70_79,-28.6,Caribbean,M
StdGlycControl -> LowerExtrmAmpt,80_100,-28.6,Caribbean,M
StdGlycControl -> DiabeticNephropathy,0_4,-39.0,Caribbean,M
StdGlycControl -> DiabeticNephropathy,5_9,-39.0,Caribbean,M
StdGlycControl -> DiabeticNephropathy,10_14,-39.0,Caribbean,M
StdGlycControl -> DiabeticNephropathy,15_19,-39.0,Caribbean,M
StdGlycControl -> DiabeticNephropathy,20_24,-39.0,Caribbean,M
StdGlycControl -> DiabeticNephropathy,25_29,-39.0,Caribbean,M
StdGlycControl -> DiabeticNephropathy,30_39,-39.0,Caribbean,M
StdGlycControl -> DiabeticNephropathy,40_49,-39.0,Caribbean,M
StdGlycControl -> DiabeticNephropathy,50_59,-39.0,Caribbean,M
StdGlycControl -> DiabeticNephropathy,60_69,-39.0,Caribbean,M
StdGlycControl -> DiabeticNephropathy,70_79,-39.0,Caribbean,M
StdGlycControl -> DiabeticNephropathy,80_100,-39.0,Caribbean,M
IntsvGlycControl -> DiabeticRetinopathy,0_4,-65.0,Caribbean,M
IntsvGlycControl -> DiabeticRetinopathy,5_9,-65.0,Caribbean,M
IntsvGlycControl -> DiabeticRetinopathy,10_14,-65.0,Caribbean,M
IntsvGlycControl -> DiabeticRetinopathy,15_19,-65.0,Caribbean,M
IntsvGlycControl -> DiabeticRetinopathy,20_24,-65.0,Caribbean,M
IntsvGlycControl -> DiabeticRetinopathy,25_29,-65.0,Caribbean,M
IntsvGlycControl -> DiabeticRetinopathy,30_39,-65.0,Caribbean,M
IntsvGlycControl -> DiabeticRetinopathy,40_49,-65.0,Caribbean,M
IntsvGlycControl -> DiabeticRetinopathy,50_59,-65.0,Caribbean,M
IntsvGlycControl -> DiabeticRetinopathy,60_69,-65.0,Caribbean,M
IntsvGlycControl -> DiabeticRetinopathy,70_79,-65.0,Caribbean,M
IntsvGlycControl -> DiabeticRetinopathy,80_100,-65.0,Caribbean,M
IntsvGlycControl -> LowerExtrmAmpt,0_4,-15.1,Caribbean,M
IntsvGlycControl -> LowerExtrmAmpt,5_9,-15.1,Caribbean,M
IntsvGlycControl -> LowerExtrmAmpt,10_14,-15.1,Caribbean,M
IntsvGlycControl -> LowerExtrmAmpt,15_19,-15.1,Caribbean,M
IntsvGlycControl -> LowerExtrmAmpt,20_24,-15.1,Caribbean,M
IntsvGlycControl -> LowerExtrmAmpt,25_29,-15.1,Caribbean,M
IntsvGlycControl -> LowerExtrmAmpt,30_39,-15.1,Caribbean,M
IntsvGlycControl -> LowerExtrmAmpt,40_49,-15.1,Caribbean,M
IntsvGlycControl -> LowerExtrmAmpt,50_59,-15.1,Caribbean,M
IntsvGlycControl -> LowerExtrmAmpt,60_69,-15.1,Caribbean,M
IntsvGlycControl -> LowerExtrmAmpt,70_79,-15.1,Caribbean,M
IntsvGlycControl -> LowerExtrmAmpt,80_100,-15.1,Caribbean,M
IntsvGlycControl -> DiabeticNephropathy,0_4,-39.0,Caribbean,M
IntsvGlycControl -> DiabeticNephropathy,5_9,-39.0,Caribbean,M
IntsvGlycControl -> DiabeticNephropathy,10_14,-39.0,Caribbean,M
IntsvGlycControl -> DiabeticNephropathy,15_19,-39.0,Caribbean,M
IntsvGlycControl -> DiabeticNephropathy,20_24,-39.0,Caribbean,M
IntsvGlycControl -> DiabeticNephropathy,25_29,-39.0,Caribbean,M
IntsvGlycControl -> DiabeticNephropathy,30_39,-39.0,Caribbean,M
IntsvGlycControl -> DiabeticNephropathy,40_49,-39.0,Caribbean,M
IntsvGlycControl -> DiabeticNephropathy,50_59,-39.0,Caribbean,M
IntsvGlycControl -> DiabeticNephropathy,60_69,-39.0,Caribbean,M
IntsvGlycControl -> DiabeticNephropathy,70_79,-39.0,Caribbean,M
IntsvGlycControl -> DiabeticNephropathy,80_100,-39.0,Caribbean,M
RetinopathyScrn -> DiabeticRetinopathy,0_4,-20.0,Caribbean,M
RetinopathyScrn -> DiabeticRetinopathy,5_9,-20.0,Caribbean,M
RetinopathyScrn -> DiabeticRetinopathy,10_14,-20.0,Caribbean,M
RetinopathyScrn -> DiabeticRetinopathy,15_19,-20.0,Caribbean,M
RetinopathyScrn -> DiabeticRetinopathy,20_24,-20.0,Caribbean,M
RetinopathyScrn -> DiabeticRetinopathy,25_29,-20.0,Caribbean,M
RetinopathyScrn -> DiabeticRetinopathy,30_39,-20.0,Caribbean,M
RetinopathyScrn -> DiabeticRetinopathy,40_49,-20.0,Caribbean,M
RetinopathyScrn -> DiabeticRetinopathy,50_59,-20.0,Caribbean,M
RetinopathyScrn -> DiabeticRetinopathy,60_69,-20.0,Caribbean,M
RetinopathyScrn -> DiabeticRetinopathy,70_79,-20.0,Caribbean,M
RetinopathyScrn -> DiabeticRetinopathy,80_100,-20.0,Caribbean,M
NeuropathyScr -> LowerExtrmAmpt,0_4,-35.0,Caribbean,M
NeuropathyScr -> LowerExtrmAmpt,5_9,-35.0,Caribbean,M
NeuropathyScr -> LowerExtrmAmpt,10_14,-35.0,Caribbean,M
NeuropathyScr -> LowerExtrmAmpt,15_19,-35.0,Caribbean,M
NeuropathyScr -> LowerExtrmAmpt,20_24,-35.0,Caribbean,M
NeuropathyScr -> LowerExtrmAmpt,25_29,-35.0,Caribbean,M
NeuropathyScr -> LowerExtrmAmpt,30_39,-35.0,Caribbean,M
NeuropathyScr -> LowerExtrmAmpt,40_49,-35.0,Caribbean,M
NeuropathyScr -> LowerExtrmAmpt,50_59,-35.0,Caribbean,M
NeuropathyScr -> LowerExtrmAmpt,60_69,-35.0,Caribbean,M
NeuropathyScr -> LowerExtrmAmpt,70_79,-35.0,Caribbean,M
NeuropathyScr -> LowerExtrmAmpt,80_100,-35.0,Caribbean,M
NephropathyScr -> DiabeticNephropathy,0_4,-24.0,Caribbean,M
NephropathyScr -> DiabeticNephropathy,5_9,-24.0,Caribbean,M
NephropathyScr -> DiabeticNephropathy,10_14,-24.0,Caribbean,M
NephropathyScr -> DiabeticNephropathy,15_19,-24.0,Caribbean,M
NephropathyScr -> DiabeticNephropathy,20_24,-24.0,Caribbean,M
NephropathyScr -> DiabeticNephropathy,25_29,-24.0,Caribbean,M
NephropathyScr -> DiabeticNephropathy,30_39,-24.0,Caribbean,M
NephropathyScr -> DiabeticNephropathy,40_49,-24.0,Caribbean,M
NephropathyScr -> DiabeticNephropathy,50_59,-24.0,Caribbean,M
NephropathyScr -> DiabeticNephropathy,60_69,-24.0,Caribbean,M
NephropathyScr -> DiabeticNephropathy,70_79,-24.0,Caribbean,M
NephropathyScr -> DiabeticNephropathy,80_100,-24.0,Caribbean,M
DiabeticNephropathy -> Disability,0_4,0.338,Caribbean,M
DiabeticNephropathy -> Disability,5_9,0.338,Caribbean,M
DiabeticNephropathy -> Disability,10_14,0.338,Caribbean,M
DiabeticNephropathy -> Disability,15_19,0.338,Caribbean,M
DiabeticNephropathy -> Disability,20_24,0.338,Caribbean,M
DiabeticNephropathy -> Disability,25_29,0.338,Caribbean,M
DiabeticNephropathy -> Disability,30_39,0.338,Caribbean,M
DiabeticNephropathy -> Disability,40_49,0.338,Caribbean,M
DiabeticNephropathy -> Disability,50_59,0.338,Caribbean,M
DiabeticNephropathy -> Disability,60_69,0.338,Caribbean,M
DiabeticNephropathy -> Disability,70_79,0.338,Caribbean,M
DiabeticNephropathy -> Disability,80_100,0.338,Caribbean,M
DiabeticNephropathy -> Deceased,0_4,0.0,Caribbean,M
DiabeticNephropathy -> Deceased,5_9,0.0,Caribbean,M
DiabeticNephropathy -> Deceased,10_14,0.0,Caribbean,M
DiabeticNephropathy -> Deceased,15_19,0.0,Caribbean,M
DiabeticNephropathy -> Deceased,20_24,0.0018385384535509444,Caribbean,M
DiabeticNephropathy -> Deceased,25_29,0.007538007659558873,Caribbean,M
DiabeticNephropathy -> Deceased,30_39,0.015259869164472839,Caribbean,M
DiabeticNephropathy -> Deceased,40_49,0.017833822999444162,Caribbean,M
DiabeticNephropathy -> Deceased,50_59,0.02518797681364794,Caribbean,M
DiabeticNephropathy -> Deceased,60_69,0.031439007555721155,Caribbean,M
DiabeticNephropathy -> Deceased,70_79,0.04559575364806342,Caribbean,M
DiabeticNephropathy -> Deceased,80_100,0.0694967535442257,Caribbean,M
Prevalence -> DiabeticNephropathy,0_4,0.00428,Caribbean,M
Prevalence -> DiabeticNephropathy,5_9,0.00428,Caribbean,M
Prevalence -> DiabeticNephropathy,10_14,0.00436,Caribbean,M
Prevalence -> DiabeticNephropathy,15_19,0.004560000000000001,Caribbean,M
Prevalence -> DiabeticNephropathy,20_24,0.00496,Caribbean,M
Prevalence -> DiabeticNephropathy,25_29,0.006200000000000001,Caribbean,M
Prevalence -> DiabeticNephropathy,30_39,0.011000000000000001,Caribbean,M
Prevalence -> DiabeticNephropathy,40_49,0.020680000000000004,Caribbean,M
Prevalence -> DiabeticNephropathy,50_59,0.03332,Caribbean,M
Prevalence -> DiabeticNephropathy,60_69,0.04012,Caribbean,M
Prevalence -> DiabeticNephropathy,70_79,0.04916,Caribbean,M
Prevalence -> DiabeticNephropathy,80_100,0.08984,Caribbean,M
DsFreeSus -> Disability,0_4,0.04805117546385434,Caribbean,F
DsFreeSus -> Disability,5_9,0.06205237265543892,Caribbean,F
DsFreeSus -> Disability,10_14,0.07605356984702351,Caribbean,F
DsFreeSus -> Disability,15_19,0.0900547670386081,Caribbean,F
DsFreeSus -> Disability,20_24,0.10405596423019267,Caribbean,F
DsFreeSus -> Disability,25_29,0.11805716142177726,Caribbean,F
DsFreeSus -> Disability,30_39,0.13905895720915412,Caribbean,F
DsFreeSus -> Disability,40_49,0.1670613515923233,Caribbean,F
DsFreeSus -> Disability,50_59,0.19506374597549248,Caribbean,F
DsFreeSus -> Disability,60_69,0.22306614035866165,Caribbean,F
DsFreeSus -> Disability,70_79,0.25106853474183083,Caribbean,F
DsFreeSus -> Disability,80_100,0.28607152772079225,Caribbean,F
DsFreeSus -> Diabetes,0_4,0.0,Caribbean,F
DsFreeSus -> Diabetes,5_9,0.0,Caribbean,F
DsFreeSus -> Diabetes,10_14,0.0,Caribbean,F
DsFreeSus -> Diabetes,15_19,0.0001,Caribbean,F
DsFreeSus -> Diabetes,20_24,0.0005,Caribbean,F
DsFreeSus -> Diabetes,25_29,0.0013,Caribbean,F
DsFreeSus -> Diabetes,30_39,0.0025,Caribbean,F
DsFreeSus -> Diabetes,40_49,0.0045,Caribbean,F
DsFreeSus -> Diabetes,50_59,0.0052,Caribbean,F
DsFreeSus -> Diabetes,60_69,0.0032,Caribbean,F
DsFreeSus -> Diabetes,70_79,0.0083,Caribbean,F
DsFreeSus -> Diabetes,80_100,0.0167,Caribbean,F
Diabetes -> Disability,0_4,0.031,Caribbean,F
Diabetes -> Disability,5_9,0.031,Caribbean,F
Diabetes -> Disability,10_14,0.031,Caribbean,F
Diabetes -> Disability,15_19,0.031,Caribbean,F
Diabetes -> Disability,20_24,0.031,Caribbean,F
Diabetes -> Disability,25_29,0.031,Caribbean,F
Diabetes -> Disability,30_39,0.031,Caribbean,F
Diabetes -> Disability,40_49,0.031,Caribbean,F
Diabetes -> Disability,50_59,0.031,Caribbean,F
Diabetes -> Disability,60_69,0.031,Caribbean,F
Diabetes -> Disability,70_79,0.031,Caribbean,F
Diabetes -> Disability,80_100,0.031,Caribbean,F
Diabetes -> Deceased,0_4,0.0,Caribbean,F
Diabetes -> Deceased,5_9,0.0,Caribbean,F
Diabetes -> Deceased,10_14,0.0,Caribbean,F
Diabetes -> Deceased,15_19,0.0,Caribbean,F
Diabetes -> Deceased,20_24,0.0003054050587293928,Caribbean,F
Diabetes -> Deceased,25_29,0.0013437822584093284,Caribbean,F
Diabetes -> Deceased,30_39,0.0029318885638021704,Caribbean,F
Diabetes -> Deceased,40_49,0.0038481037399903492,Caribbean,F
Diabetes -> Deceased,50_59,0.0054362100453831915,Caribbean,F
Diabetes -> Deceased,60_69,0.007085397362521912,Caribbean,F
Diabetes -> Deceased,70_79,0.010872420090766383,Caribbean,F
Diabetes -> Deceased,80_100,0.015881063053928425,Caribbean,F
Diabetes -> DiabeticRetinopathy,0_4,0.0,Caribbean,F
Diabetes -> DiabeticRetinopathy,5_9,0.0,Caribbean,F
Diabetes -> DiabeticRetinopathy,10_14,0.006403861625100563,Caribbean,F
Diabetes -> DiabeticRetinopathy,15_19,0.007462208557519856,Caribbean,F
Diabetes -> DiabeticRetinopathy,20_24,0.0013813002639818282,Caribbean,F
Diabetes -> DiabeticRetinopathy,25_29,0.0018924330106140808,Caribbean,F
Diabetes -> DiabeticRetinopathy,30_39,0.00938330224407891,Caribbean,F
Diabetes -> DiabeticRetinopathy,40_49,0.008298049711515258,Caribbean,F
Diabetes -> DiabeticRetinopathy,50_59,0.01107193606114541,Caribbean,F
Diabetes -> DiabeticRetinopathy,60_69,0.020596590909090908,Caribbean,F
Diabetes -> DiabeticRetinopathy,70_79,0.023748994368463394,Caribbean,F
Diabetes -> DiabeticRetinopathy,80_100,0.019112831738336018,Caribbean,F
Diabetes -> LowerExtrmAmpt,0_4,0.0,Caribbean,F
Diabetes -> LowerExtrmAmpt,5_9,0.0,Caribbean,F
Diabetes -> LowerExtrmAmpt,10_14,6.436041834271923e-05,Caribbean,F
Diabetes -> LowerExtrmAmpt,15_19,0.001056879323597233,Caribbean,F
Diabetes -> LowerExtrmAmpt,20_24,0.0032844250721345693,Caribbean,F
Diabetes -> LowerExtrmAmpt,25_29,0.006417816296865143,Caribbean,F
Diabetes -> LowerExtrmAmpt,30_39,0.007565051909633901,Caribbean,F
Diabetes -> LowerExtrmAmpt,40_49,0.0017385867538336661,Caribbean,F
Diabetes -> LowerExtrmAmpt,50_59,0.0006595634272079613,Caribbean,F
Diabetes -> LowerExtrmAmpt,60_69,0.006648192995529061,Caribbean,F
Diabetes -> LowerExtrmAmpt,70_79,0.016082059533386966,Caribbean,F
Diabetes -> LowerExtrmAmpt,80_100,0.015069558767661053,Caribbean,F
Diabetes -> DiabeticNephropathy,0_4,0.0,Caribbean,F
Diabetes -> DiabeticNephropathy,5_9,0.0,Caribbean,F
Diabetes -> DiabeticNephropathy,10_14,0.014,Caribbean,F
Diabetes -> DiabeticNephropathy,15_19,0.014,Caribbean,F
Diabetes -> DiabeticNephropathy,20_24,0.014,Caribbean,F
Diabetes -> DiabeticNephropathy,25_29,0.014,Caribbean,F
Diabetes -> DiabeticNephropathy,30_39,0.014,Caribbean,F
Diabetes -> DiabeticNephropathy,40_49,0.014,Caribbean,F
Diabetes -> DiabeticNephropathy,50_59,0.014,Caribbean,F
Diabetes -> DiabeticNephropathy,60_69,0.014,Caribbean,F
Diabetes -> DiabeticNephropathy,70_79,0.014,Caribbean,F
Diabetes -> DiabeticNephropathy,80_100,0.014,Caribbean,F
Prevalence -> Diabetes,0_4,0.0113378,Caribbean,F
Prevalence -> Diabetes,5_9,0.0113378,Caribbean,F
Prevalence -> Diabetes,10_14,0.0113378,Caribbean,F
Prevalence -> Diabetes,15_19,0.011474400000000001,Caribbean,F
Prevalence -> Diabetes,20_24,0.012362300000000001,Caribbean,F
Prevalence -> Diabetes,25_29,0.0152992,Caribbean,F
Prevalence -> Diabetes,30_39,0.024861200000000003,Caribbean,F
Prevalence -> Diabetes,40_49,0.044736500000000005,Caribbean,F
Prevalence -> Diabetes,50_59,0.07260290000000001,Caribbean,F
Prevalence -> Diabetes,60_69,0.09049750000000001,Caribbean,F
Prevalence -> Diabetes,70_79,0.1015621,Caribbean,F
Prevalence -> Diabetes,80_100,0.1711598,Caribbean,F
DiabeticRetinopathy -> Disability,0_4,0.338,Caribbean,F
DiabeticRetinopathy -> Disability,5_9,0.338,Caribbean,F
DiabeticRetinopathy -> Disability,10_14,0.338,Caribbean,F
DiabeticRetinopathy -> Disability,15_19,0.338,Caribbean,F
DiabeticRetinopathy -> Disability,20_24,0.338,Caribbean,F
DiabeticRetinopathy -> Disability,25_29,0.338,Caribbean,F
DiabeticRetinopathy -> Disability,30_39,0.338,Caribbean,F
DiabeticRetinopathy -> Disability,40_49,0.338,Caribbean,F
DiabeticRetinopathy -> Disability,50_59,0.338,Caribbean,F
DiabeticRetinopathy -> Disability,60_69,0.338,Caribbean,F
DiabeticRetinopathy -> Disability,70_79,0.338,Caribbean,F
DiabeticRetinopathy -> Disability,80_100,0.338,Caribbean,F
DiabeticRetinopathy -> Deceased,0_4,0.0,Caribbean,F
DiabeticRetinopathy -> Deceased,5_9,0.0,Caribbean,F
DiabeticRetinopathy -> Deceased,10_14,0.0,Caribbean,F
DiabeticRetinopathy -> Deceased,15_19,0.0001,Caribbean,F
DiabeticRetinopathy -> Deceased,20_24,0.0007,Caribbean,F
DiabeticRetinopathy -> Deceased,25_29,0.0033,Caribbean,F
DiabeticRetinopathy -> Deceased,30_39,0.0097,Caribbean,F
DiabeticRetinopathy -> Deceased,40_49,0.0126,Caribbean,F
DiabeticRetinopathy -> Deceased,50_59,0.018,Caribbean,F
DiabeticRetinopathy -> Deceased,60_69,0.0238,Caribbean,F
DiabeticRetinopathy -> Deceased,70_79,0.0353,Caribbean,F
DiabeticRetinopathy -> Deceased,80_100,0.0523,Caribbean,F
Prevalence -> DiabeticRetinopathy,0_4,0.0,Caribbean,F
Prevalence -> DiabeticRetinopathy,5_9,0.0,Caribbean,F
Prevalence -> DiabeticRetinopathy,10_14,0.0004,Caribbean,F
Prevalence -> DiabeticRetinopathy,15_19,0.0011,Caribbean,F
Prevalence -> DiabeticRetinopathy,20_24,0.0014,Caribbean,F
Prevalence -> DiabeticRetinopathy,25_29,0.0015,Caribbean,F
Prevalence -> DiabeticRetinopathy,30_39,0.0028,Caribbean,F
Prevalence -> DiabeticRetinopathy,40_49,0.007,Caribbean,F
Prevalence -> DiabeticRetinopathy,50_59,0.0132,Caribbean,F
Prevalence -> DiabeticRetinopathy,60_69,0.0281,Caribbean,F
Prevalence -> DiabeticRetinopathy,70_79,0.0481,Caribbean,F
Prevalence -> DiabeticRetinopathy,80_100,0.0698,Caribbean,F
LowerExtrmAmpt -> Disability,0_4,0.164,Caribbean,F
LowerExtrmAmpt -> Disability,5_9,0.164,Caribbean,F
LowerExtrmAmpt -> Disability,10_14,0.164,Caribbean,F
LowerExtrmAmpt -> Disability,15_19,0.164,Caribbean,F
LowerExtrmAmpt -> Disability,20_24,0.164,Caribbean,F
LowerExtrmAmpt -> Disability,25_29,0.164,Caribbean,F
LowerExtrmAmpt -> Disability,30_39,0.164,Caribbean,F
LowerExtrmAmpt -> Disability,40_49,0.164,Caribbean,F
LowerExtrmAmpt -> Disability,50_59,0.164,Caribbean,F
LowerExtrmAmpt -> Disability,60_69,0.164,Caribbean,F
LowerExtrmAmpt -> Disability,70_79,0.164,Caribbean,F
LowerExtrmAmpt -> Disability,80_100,0.164,Caribbean,F
LowerExtrmAmpt -> Deceased,0_4,0.0,Caribbean,F
LowerExtrmAmpt -> Deceased,5_9,0.0,Caribbean,F
LowerExtrmAmpt -> Deceased,10_14,0.0,Caribbean,F
LowerExtrmAmpt -> Deceased,15_19,0.0,Caribbean,F
LowerExtrmAmpt -> Deceased,20_24,0.0007,Caribbean,F
LowerExtrmAmpt -> Deceased,25_29,0.0035,Caribbean,F
LowerExtrmAmpt -> Deceased,30_39,0.0097,Caribbean,F
LowerExtrmAmpt -> Deceased,40_49,0.0125,Caribbean,F
LowerExtrmAmpt -> Deceased,50_59,0.0178,Caribbean,F
LowerExtrmAmpt -> Deceased,60_69,0.0241,Caribbean,F
LowerExtrmAmpt -> Deceased,70_79,0.0356,Caribbean,F
LowerExtrmAmpt -> Deceased,80_100,0.0529,Caribbean,F
Prevalence -> LowerExtrmAmpt,0_4,0.0,Caribbean,F
Prevalence -> LowerExtrmAmpt,5_9,0.0,Caribbean,F
Prevalence -> LowerExtrmAmpt,10_14,0.0,Caribbean,F
Prevalence -> LowerExtrmAmpt,15_19,0.0,Caribbean,F
Prevalence -> LowerExtrmAmpt,20_24,0.0002,Caribbean,F
Prevalence -> LowerExtrmAmpt,25_29,0.0007,Caribbean,F
Prevalence -> LowerExtrmAmpt,30_39,0.0024,Caribbean,F
Prevalence -> LowerExtrmAmpt,40_49,0.0041,Caribbean,F
Prevalence -> LowerExtrmAmpt,50_59,0.004,Caribbean,F
Prevalence -> LowerExtrmAmpt,60_69,0.007,Caribbean,F
Prevalence -> LowerExtrmAmpt,70_79,0.018,Caribbean,F
Prevalence -> LowerExtrmAmpt,80_100,0.0425,Caribbean,F
Disability -> Disability,0_4,0.0,Caribbean,F
Disability -> Disability,5_9,0.0,Caribbean,F
Disability -> Disability,10_14,0.0,Caribbean,F
Disability -> Disability,15_19,0.0,Caribbean,F
Disability -> Disability,20_24,0.0,Caribbean,F
Disability -> Disability,25_29,0.0,Caribbean,F
Disability -> Disability,30_39,0.0,Caribbean,F
Disability -> Disability,40_49,0.0,Caribbean,F
Disability -> Disability,50_59,0.0,Caribbean,F
Disability -> Disability,60_69,0.0,Caribbean,F
Disability -> Disability,70_79,0.0,Caribbean,F
Disability -> Disability,80_100,0.0,Caribbean,F
StdGlycControl -> DiabeticRetinopathy,0_4,-75.0,Caribbean,F
StdGlycControl -> DiabeticRetinopathy,5_9,-75.0,Caribbean,F
StdGlycControl -> DiabeticRetinopathy,10_14,-75.0,Caribbean,F
StdGlycControl -> DiabeticRetinopathy,15_19,-75.0,Caribbean,F
StdGlycControl -> DiabeticRetinopathy,20_24,-75.0,Caribbean,F
StdGlycControl -> DiabeticRetinopathy,25_29,-75.0,Caribbean,F
StdGlycControl -> DiabeticRetinopathy,30_39,-75.0,Caribbean,F
StdGlycControl -> DiabeticRetinopathy,40_49,-75.0,Caribbean,F
StdGlycControl -> DiabeticRetinopathy,50_59,-75.0,Caribbean,F
StdGlycControl -> DiabeticRetinopathy,60_69,-75.0,Caribbean,F
StdGlycControl -> DiabeticRetinopathy,70_79,-75.0,Caribbean,F
StdGlycControl -> DiabeticRetinopathy,80_100,-75.0,Caribbean,F
StdGlycControl -> LowerExtrmAmpt,0_4,-28.6,Caribbean,F
StdGlycControl -> LowerExtrmAmpt,5_9,-28.6,Caribbean,F
StdGlycControl -> LowerExtrmAmpt,10_14,-28.6,Caribbean,F
StdGlycControl -> LowerExtrmAmpt,15_19,-28.6,Caribbean,F
StdGlycControl -> LowerExtrmAmpt,20_24,-28.6,Caribbean,F
StdGlycControl -> LowerExtrmAmpt,25_29,-28.6,Caribbean,F
StdGlycControl -> LowerExtrmAmpt,30_39,-28.6,Caribbean,F
StdGlycControl -> LowerExtrmAmpt,40_49,-28.6,Caribbean,F
StdGlycControl -> LowerExtrmAmpt,50_59,-28.6,Caribbean,F
StdGlycControl -> LowerExtrmAmpt,60_69,-28.6,Caribbean,F
StdGlycControl -> LowerExtrmAmpt,70_79,-28.6,Caribbean,F
StdGlycControl -> LowerExtrmAmpt,80_100,-28.6,Caribbean,F
StdGlycControl -> DiabeticNephropathy,0_4,-39.0,Caribbean,F
StdGlycControl -> DiabeticNephropathy,5_9,-39.0,Caribbean,F
StdGlycControl -> DiabeticNephropathy,10_14,-39.0,Caribbean,F
StdGlycControl -> DiabeticNephropathy,15_19,-39.0,Caribbean,F
StdGlycControl -> DiabeticNephropathy,20_24,-39.0,Caribbean,F
StdGlycControl -> DiabeticNephropathy,25_29,-39.0,Caribbean,F
StdGlycControl -> DiabeticNephropathy,30_39,-39.0,Caribbean,F
StdGlycControl -> DiabeticNephropathy,40_49,-39.0,Caribbean,F
StdGlycControl -> DiabeticNephropathy,50_59,-39.0,Caribbean,F
StdGlycControl -> DiabeticNephropathy,60_69,-39.0,Caribbean,F
StdGlycControl -> DiabeticNephropathy,70_79,-39.0,Caribbean,F
StdGlycControl -> DiabeticNephropathy,80_100,-39.0,Caribbean,F
IntsvGlycControl -> DiabeticRetinopathy,0_4,-65.0,Caribbean,F
IntsvGlycControl -> DiabeticRetinopathy,5_9,-65.0,Caribbean,F
IntsvGlycControl -> DiabeticRetinopathy,10_14,-65.0,Caribbean,F
IntsvGlycControl -> DiabeticRetinopathy,15_19,-65.0,Caribbean,F
IntsvGlycControl -> DiabeticRetinopathy,20_24,-65.0,Caribbean,F
IntsvGlycControl -> DiabeticRetinopathy,25_29,-65.0,Caribbean,F
IntsvGlycControl -> DiabeticRetinopathy,30_39,-65.0,Caribbean,F
IntsvGlycControl -> DiabeticRetinopathy,40_49,-65.0,Caribbean,F
IntsvGlycControl -> DiabeticRetinopathy,50_59,-65.0,Caribbean,F
IntsvGlycControl -> DiabeticRetinopathy,60_69,-65.0,Caribbean,F
IntsvGlycControl -> DiabeticRetinopathy,70_79,-65.0,Caribbean,F
IntsvGlycControl -> DiabeticRetinopathy,80_100,-65.0,Caribbean,F
IntsvGlycControl -> LowerExtrmAmpt,0_4,-15.1,Caribbean,F
IntsvGlycControl -> LowerExtrmAmpt,5_9,-15.1,Caribbean,F
IntsvGlycControl -> LowerExtrmAmpt,10_14,-15.1,Caribbean,F
IntsvGlycControl -> LowerExtrmAmpt,15_19,-15.1,Caribbean,F
IntsvGlycControl -> LowerExtrmAmpt,20_24,-15.1,Caribbean,F
IntsvGlycControl -> LowerExtrmAmpt,25_29,-15.1,Caribbean,F
IntsvGlycControl -> LowerExtrmAmpt,30_39,-15.1,Caribbean,F
IntsvGlycControl -> LowerExtrmAmpt,40_49,-15.1,Caribbean,F
IntsvGlycControl -> LowerExtrmAmpt,50_59,-15.1,Caribbean,F
IntsvGlycControl -> LowerExtrmAmpt,60_69,-15.1,Caribbean,F
IntsvGlycControl -> LowerExtrmAmpt,70_79,-15.1,Caribbean,F
IntsvGlycControl -> LowerExtrmAmpt,80_100,-15.1,Caribbean,F
IntsvGlycControl -> DiabeticNephropathy,0_4,-39.0,Caribbean,F
IntsvGlycControl -> DiabeticNephropathy,5_9,-39.0,Caribbean,F
IntsvGlycControl -> DiabeticNephropathy,10_14,-39.0,Caribbean,F
IntsvGlycControl -> DiabeticNephropathy,15_19,-39.0,Caribbean,F
IntsvGlycControl -> DiabeticNephropathy,20_24,-39.0,Caribbean,F
IntsvGlycControl -> DiabeticNephropathy,25_29,-39.0,Caribbean,F
IntsvGlycControl -> DiabeticNephropathy,30_39,-39.0,Caribbean,F
IntsvGlycControl -> DiabeticNephropathy,40_49,-39.0,Caribbean,F
IntsvGlycControl -> DiabeticNephropathy,50_59,-39.0,Caribbean,F
IntsvGlycControl -> DiabeticNephropathy,60_69,-39.0,Caribbean,F
IntsvGlycControl -> DiabeticNephropathy,70_79,-39.0,Caribbean,F
IntsvGlycControl -> DiabeticNephropathy,80_100,-39.0,Caribbean,F
RetinopathyScrn -> DiabeticRetinopathy,0_4,-20.0,Caribbean,F
RetinopathyScrn -> DiabeticRetinopathy,5_9,-20.0,Caribbean,F
RetinopathyScrn -> DiabeticRetinopathy,10_14,-20.0,Caribbean,F
RetinopathyScrn -> DiabeticRetinopathy,15_19,-20.0,Caribbean,F
RetinopathyScrn -> DiabeticRetinopathy,20_24,-20.0,Caribbean,F
RetinopathyScrn -> DiabeticRetinopathy,25_29,-20.0,Caribbean,F
RetinopathyScrn -> DiabeticRetinopathy,30_39,-20.0,Caribbean,F
RetinopathyScrn -> DiabeticRetinopathy,40_49,-20.0,Caribbean,F
RetinopathyScrn -> DiabeticRetinopathy,50_59,-20.0,Caribbean,F
RetinopathyScrn -> DiabeticRetinopathy,60_69,-20.0,Caribbean,F
RetinopathyScrn -> DiabeticRetinopathy,70_79,-20.0,Caribbean,F
RetinopathyScrn -> DiabeticRetinopathy,80_100,-20.0,Caribbean,F
NeuropathyScr -> LowerExtrmAmpt,0_4,-35.0,Caribbean,F
NeuropathyScr -> LowerExtrmAmpt,5_9,-35.0,Caribbean,F
NeuropathyScr -> LowerExtrmAmpt,10_14,-35.0,Caribbean,F
NeuropathyScr -> LowerExtrmAmpt,15_19,-35.0,Caribbean,F
NeuropathyScr -> LowerExtrmAmpt,20_24,-35.0,Caribbean,F
NeuropathyScr -> LowerExtrmAmpt,25_29,-35.0,Caribbean,F
NeuropathyScr -> LowerExtrmAmpt,30_39,-35.0,Caribbean,F
NeuropathyScr -> LowerExtrmAmpt,40_49,-35.0,Caribbean,F
NeuropathyScr -> LowerExtrmAmpt,50_59,-35.0,Caribbean,F
NeuropathyScr -> LowerExtrmAmpt,60_69,-35.0,Caribbean,F
NeuropathyScr -> LowerExtrmAmpt,70_79,-35.0,Caribbean,F
NeuropathyScr -> LowerExtrmAmpt,80_100,-35.0,Caribbean,F
NephropathyScr -> DiabeticNephropathy,0_4,-24.0,Caribbean,F
NephropathyScr -> DiabeticNephropathy,5_9,-24.0,Caribbean,F
NephropathyScr -> DiabeticNephropathy,10_14,-24.0,Caribbean,F
NephropathyScr -> DiabeticNephropathy,15_19,-24.0,Caribbean,F
NephropathyScr -> DiabeticNephropathy,20_24,-24.0,Caribbean,F
NephropathyScr -> DiabeticNephropathy,25_29,-24.0,Caribbean,F
NephropathyScr -> DiabeticNephropathy,30_39,-24.0,Caribbean,F
NephropathyScr -> DiabeticNephropathy,40_49,-24.0,Caribbean,F
NephropathyScr -> DiabeticNephropathy,50_59,-24.0,Caribbean,F
NephropathyScr -> DiabeticNephropathy,60_69,-24.0,Caribbean,F
NephropathyScr -> DiabeticNephropathy,70_79,-24.0,Caribbean,F
NephropathyScr -> DiabeticNephropathy,80_100,-24.0,Caribbean,F
DiabeticNephropathy -> Disability,0_4,0.338,Caribbean,F
DiabeticNephropathy -> Disability,5_9,0.338,Caribbean,F
DiabeticNephropathy -> Disability,10_14,0.338,Caribbean,F
DiabeticNephropathy -> Disability,15_19,0.338,Caribbean,F
DiabeticNephropathy -> Disability,20_24,0.338,Caribbean,F
DiabeticNephropathy -> Disability,25_29,0.338,Caribbean,F
DiabeticNephropathy -> Disability,30_39,0.338,Caribbean,F
DiabeticNephropathy -> Disability,40_49,0.338,Caribbean,F
DiabeticNephropathy -> Disability,50_59,0.338,Caribbean,F
DiabeticNephropathy -> Disability,60_69,0.338,Caribbean,F
DiabeticNephropathy -> Disability,70_79,0.338,Caribbean,F
DiabeticNephropathy -> Disability,80_100,0.338,Caribbean,F
DiabeticNephropathy -> Deceased,0_4,0.0,Caribbean,F
DiabeticNephropathy -> Deceased,5_9,0.0,Caribbean,F
DiabeticNephropathy -> Deceased,10_14,0.0,Caribbean,F
DiabeticNephropathy -> Deceased,15_19,0.0,Caribbean,F
DiabeticNephropathy -> Deceased,20_24,0.0009192692267754722,Caribbean,F
DiabeticNephropathy -> Deceased,25_29,0.0040447845978120785,Caribbean,F
DiabeticNephropathy -> Deceased,30_39,0.008824984577044533,Caribbean,F
DiabeticNephropathy -> Deceased,40_49,0.01158279225737095,Caribbean,F
DiabeticNephropathy -> Deceased,50_59,0.016362992236603407,Caribbean,F
DiabeticNephropathy -> Deceased,60_69,0.021327046061190954,Caribbean,F
DiabeticNephropathy -> Deceased,70_79,0.032725984473206814,Caribbean,F
DiabeticNephropathy -> Deceased,80_100,0.04780199979232456,Caribbean,F
Prevalence -> DiabeticNephropathy,0_4,0.00428,Caribbean,F
Prevalence -> DiabeticNephropathy,5_9,0.00428,Caribbean,F
Prevalence -> DiabeticNephropathy,10_14,0.00436,Caribbean,F
Prevalence -> DiabeticNephropathy,15_19,0.004560000000000001,Caribbean,F
Prevalence -> DiabeticNephropathy,20_24,0.00496,Caribbean,F
Prevalence -> DiabeticNephropathy,25_29,0.006200000000000001,Caribbean,F
Prevalence -> DiabeticNephropathy,30_39,0.011000000000000001,Caribbean,F
Prevalence -> DiabeticNephropathy,40_49,0.020680000000000004,Caribbean,F
Prevalence -> DiabeticNephropathy,50_59,0.03332,Caribbean,F
Prevalence -> DiabeticNephropathy,60_69,0.04012,Caribbean,F
Prevalence -> DiabeticNephropathy,70_79,0.04916,Caribbean,F
Prevalence -> DiabeticNephropathy,80_100,0.08984,Caribbean,F
DsFreeSus -> Disability,0_4,0.03100307771921122,Central Asia,M
DsFreeSus -> Disability,5_9,0.04437176249577557,Central Asia,M
DsFreeSus -> Disability,10_14,0.05774044727233993,Central Asia,M
DsFreeSus -> Disability,15_19,0.07110913204890429,Central Asia,M
DsFreeSus -> Disability,20_24,0.08447781682546864,Central Asia,M
DsFreeSus -> Disability,25_29,0.097846501602033,Central Asia,M
DsFreeSus -> Disability,30_39,0.11789952876687952,Central Asia,M
DsFreeSus -> Disability,40_49,0.14463689832000823,Central Asia,M
DsFreeSus -> Disability,50_59,0.17137426787313695,Central Asia,M
DsFreeSus -> Disability,60_69,0.19811163742626564,Central Asia,M
DsFreeSus -> Disability,70_79,0.22484900697939436,Central Asia,M
DsFreeSus -> Disability,80_100,0.2582707189208052,Central Asia,M
DsFreeSus -> Diabetes,0_4,2e-09,Central Asia,M
DsFreeSus -> Diabetes,5_9,1e-09,Central Asia,M
DsFreeSus -> Diabetes,10_14,0.0,Central Asia,M
DsFreeSus -> Diabetes,15_19,0.0001,Central Asia,M
DsFreeSus -> Diabetes,20_24,0.0005,Central Asia,M
DsFreeSus -> Diabetes,25_29,0.0012,Central Asia,M
DsFreeSus -> Diabetes,30_39,0.0026,Central Asia,M
DsFreeSus -> Diabetes,40_49,0.0048,Central Asia,M
DsFreeSus -> Diabetes,50_59,0.0062,Central Asia,M
DsFreeSus -> Diabetes,60_69,0.0048,Central Asia,M
DsFreeSus -> Diabetes,70_79,0.0091,Central Asia,M
DsFreeSus -> Diabetes,80_100,0.0171,Central Asia,M
Diabetes -> Disability,0_4,0.031,Central Asia,M
Diabetes -> Disability,5_9,0.031,Central Asia,M
Diabetes -> Disability,10_14,0.031,Central Asia,M
Diabetes -> Disability,15_19,0.031,Central Asia,M
Diabetes -> Disability,20_24,0.031,Central Asia,M
Diabetes -> Disability,25_29,0.031,Central Asia,M
Diabetes -> Disability,30_39,0.031,Central Asia,M
Diabetes -> Disability,40_49,0.031,Central Asia,M
Diabetes -> Disability,50_59,0.031,Central Asia,M
Diabetes -> Disability,60_69,0.031,Central Asia,M
Diabetes -> Disability,70_79,0.031,Central Asia,M
Diabetes -> Disability,80_100,0.031,Central Asia,M
Diabetes -> Deceased,0_4,0.0,Central Asia,M
Diabetes -> Deceased,5_9,0.0,Central Asia,M
Diabetes -> Deceased,10_14,0.0,Central Asia,M
Diabetes -> Deceased,15_19,0.0,Central Asia,M
Diabetes -> Deceased,20_24,0.00018324303523763565,Central Asia,M
Diabetes -> Deceased,25_29,0.0009162151761881784,Central Asia,M
Diabetes -> Deceased,30_39,0.002809726540310414,Central Asia,M
Diabetes -> Deceased,40_49,0.005314048021891434,Central Asia,M
Diabetes -> Deceased,50_59,0.009834042891086447,Central Asia,M
Diabetes -> Deceased,60_69,0.013621065619330918,Central Asia,M
Diabetes -> Deceased,70_79,0.020156733876139924,Central Asia,M
Diabetes -> Deceased,80_100,0.02595942999199839,Central Asia,M
Diabetes -> DiabeticRetinopathy,0_4,0.0,Central Asia,M
Diabetes -> DiabeticRetinopathy,5_9,0.0,Central Asia,M
Diabetes -> DiabeticRetinopathy,10_14,0.0,Central Asia,M
Diabetes -> DiabeticRetinopathy,15_19,0.0,Central Asia,M
Diabetes -> DiabeticRetinopathy,20_24,0.0014443014443014442,Central Asia,M
Diabetes -> DiabeticRetinopathy,25_29,0.00023800523611519454,Central Asia,M
Diabetes -> DiabeticRetinopathy,30_39,0.0030630535638970897,Central Asia,M
Diabetes -> DiabeticRetinopathy,40_49,0.005059860670503276,Central Asia,M
Diabetes -> DiabeticRetinopathy,50_59,0.006823162603646551,Central Asia,M
Diabetes -> DiabeticRetinopathy,60_69,0.00990306720745339,Central Asia,M
Diabetes -> DiabeticRetinopathy,70_79,0.006991888343075765,Central Asia,M
Diabetes -> DiabeticRetinopathy,80_100,0.006042600332343018,Central Asia,M
Diabetes -> LowerExtrmAmpt,0_4,0.0,Central Asia,M
Diabetes -> LowerExtrmAmpt,5_9,0.0,Central Asia,M
Diabetes -> LowerExtrmAmpt,10_14,9.160529112161518e-05,Central Asia,M
Diabetes -> LowerExtrmAmpt,15_19,0.0017582417582417582,Central Asia,M
Diabetes -> LowerExtrmAmpt,20_24,0.004804804804804805,Central Asia,M
Diabetes -> LowerExtrmAmpt,25_29,0.008330183264031808,Central Asia,M
Diabetes -> LowerExtrmAmpt,30_39,0.009584563475326865,Central Asia,M
Diabetes -> LowerExtrmAmpt,40_49,0.0021234197898898437,Central Asia,M
Diabetes -> LowerExtrmAmpt,50_59,0.0012172115406339668,Central Asia,M
Diabetes -> LowerExtrmAmpt,60_69,0.008149455089240568,Central Asia,M
Diabetes -> LowerExtrmAmpt,70_79,0.01734308242963121,Central Asia,M
Diabetes -> LowerExtrmAmpt,80_100,0.01970559108380751,Central Asia,M
Diabetes -> DiabeticNephropathy,0_4,0.0,Central Asia,M
Diabetes -> DiabeticNephropathy,5_9,0.0,Central Asia,M
Diabetes -> DiabeticNephropathy,10_14,0.014,Central Asia,M
Diabetes -> DiabeticNephropathy,15_19,0.014,Central Asia,M
Diabetes -> DiabeticNephropathy,20_24,0.014,Central Asia,M
Diabetes -> DiabeticNephropathy,25_29,0.014,Central Asia,M
Diabetes -> DiabeticNephropathy,30_39,0.014,Central Asia,M
Diabetes -> DiabeticNephropathy,40_49,0.014,Central Asia,M
Diabetes -> DiabeticNephropathy,50_59,0.014,Central Asia,M
Diabetes -> DiabeticNephropathy,60_69,0.014,Central Asia,M
Diabetes -> DiabeticNephropathy,70_79,0.014,Central Asia,M
Diabetes -> DiabeticNephropathy,80_100,0.014,Central Asia,M
Prevalence -> Diabetes,0_4,0.0,Central Asia,M
Prevalence -> Diabetes,5_9,0.0,Central Asia,M
Prevalence -> Diabetes,10_14,0.0100401,Central Asia,M
Prevalence -> Diabetes,15_19,0.010245,Central Asia,M
Prevalence -> Diabetes,20_24,0.011201200000000001,Central Asia,M
Prevalence -> Diabetes,25_29,0.0137283,Central Asia,M
Prevalence -> Diabetes,30_39,0.023017100000000002,Central Asia,M
Prevalence -> Diabetes,40_49,0.04500970000000001,Central Asia,M
Prevalence -> Diabetes,50_59,0.07246630000000001,Central Asia,M
Prevalence -> Diabetes,60_69,0.09172690000000001,Central Asia,M
Prevalence -> Diabetes,70_79,0.10265490000000001,Central Asia,M
Prevalence -> Diabetes,80_100,0.1445911,Central Asia,M
DiabeticRetinopathy -> Disability,0_4,0.338,Central Asia,M
DiabeticRetinopathy -> Disability,5_9,0.338,Central Asia,M
DiabeticRetinopathy -> Disability,10_14,0.338,Central Asia,M
DiabeticRetinopathy -> Disability,15_19,0.338,Central Asia,M
DiabeticRetinopathy -> Disability,20_24,0.338,Central Asia,M
DiabeticRetinopathy -> Disability,25_29,0.338,Central Asia,M
DiabeticRetinopathy -> Disability,30_39,0.338,Central Asia,M
DiabeticRetinopathy -> Disability,40_49,0.338,Central Asia,M
DiabeticRetinopathy -> Disability,50_59,0.338,Central Asia,M
DiabeticRetinopathy -> Disability,60_69,0.338,Central Asia,M
DiabeticRetinopathy -> Disability,70_79,0.338,Central Asia,M
DiabeticRetinopathy -> Disability,80_100,0.338,Central Asia,M
DiabeticRetinopathy -> Deceased,0_4,0.0,Central Asia,M
DiabeticRetinopathy -> Deceased,5_9,0.0,Central Asia,M
DiabeticRetinopathy -> Deceased,10_14,0.0,Central Asia,M
DiabeticRetinopathy -> Deceased,15_19,0.0,Central Asia,M
DiabeticRetinopathy -> Deceased,20_24,0.0003,Central Asia,M
DiabeticRetinopathy -> Deceased,25_29,0.0022,Central Asia,M
DiabeticRetinopathy -> Deceased,30_39,0.0091,Central Asia,M
DiabeticRetinopathy -> Deceased,40_49,0.0176,Central Asia,M
DiabeticRetinopathy -> Deceased,50_59,0.0326,Central Asia,M
DiabeticRetinopathy -> Deceased,60_69,0.0456,Central Asia,M
DiabeticRetinopathy -> Deceased,70_79,0.0655,Central Asia,M
DiabeticRetinopathy -> Deceased,80_100,0.0853,Central Asia,M
Prevalence -> DiabeticRetinopathy,0_4,0.0,Central Asia,M
Prevalence -> DiabeticRetinopathy,5_9,0.0,Central Asia,M
Prevalence -> DiabeticRetinopathy,10_14,0.0,Central Asia,M
Prevalence -> DiabeticRetinopathy,15_19,0.0,Central Asia,M
Prevalence -> DiabeticRetinopathy,20_24,0.0014,Central Asia,M
Prevalence -> DiabeticRetinopathy,25_29,0.0014,Central Asia,M
Prevalence -> DiabeticRetinopathy,30_39,0.0017,Central Asia,M
Prevalence -> DiabeticRetinopathy,40_49,0.0036,Central Asia,M
Prevalence -> DiabeticRetinopathy,50_59,0.0071,Central Asia,M
Prevalence -> DiabeticRetinopathy,60_69,0.0136,Central Asia,M
Prevalence -> DiabeticRetinopathy,70_79,0.0172,Central Asia,M
Prevalence -> DiabeticRetinopathy,80_100,0.0159,Central Asia,M
LowerExtrmAmpt -> Disability,0_4,0.164,Central Asia,M
LowerExtrmAmpt -> Disability,5_9,0.164,Central Asia,M
LowerExtrmAmpt -> Disability,10_14,0.164,Central Asia,M
LowerExtrmAmpt -> Disability,15_19,0.164,Central Asia,M
LowerExtrmAmpt -> Disability,20_24,0.164,Central Asia,M
LowerExtrmAmpt -> Disability,25_29,0.164,Central Asia,M
LowerExtrmAmpt -> Disability,30_39,0.164,Central Asia,M
LowerExtrmAmpt -> Disability,40_49,0.164,Central Asia,M
LowerExtrmAmpt -> Disability,50_59,0.164,Central Asia,M
LowerExtrmAmpt -> Disability,60_69,0.164,Central Asia,M
LowerExtrmAmpt -> Disability,70_79,0.164,Central Asia,M
LowerExtrmAmpt -> Disability,80_100,0.164,Central Asia,M
LowerExtrmAmpt -> Deceased,0_4,0.0,Central Asia,M
LowerExtrmAmpt -> Deceased,5_9,0.0,Central Asia,M
LowerExtrmAmpt -> Deceased,10_14,0.0,Central Asia,M
LowerExtrmAmpt -> Deceased,15_19,0.0,Central Asia,M
LowerExtrmAmpt -> Deceased,20_24,0.0004,Central Asia,M
LowerExtrmAmpt -> Deceased,25_29,0.0024,Central Asia,M
LowerExtrmAmpt -> Deceased,30_39,0.0094,Central Asia,M
LowerExtrmAmpt -> Deceased,40_49,0.0172,Central Asia,M
LowerExtrmAmpt -> Deceased,50_59,0.0318,Central Asia,M
LowerExtrmAmpt -> Deceased,60_69,0.0464,Central Asia,M
LowerExtrmAmpt -> Deceased,70_79,0.0661,Central Asia,M
LowerExtrmAmpt -> Deceased,80_100,0.0865,Central Asia,M
Prevalence -> LowerExtrmAmpt,0_4,0.0,Central Asia,M
Prevalence -> LowerExtrmAmpt,5_9,0.0,Central Asia,M
Prevalence -> LowerExtrmAmpt,10_14,0.0,Central Asia,M
Prevalence -> LowerExtrmAmpt,15_19,0.0001,Central Asia,M
Prevalence -> LowerExtrmAmpt,20_24,0.0003,Central Asia,M
Prevalence -> LowerExtrmAmpt,25_29,0.0009,Central Asia,M
Prevalence -> LowerExtrmAmpt,30_39,0.0028,Central Asia,M
Prevalence -> LowerExtrmAmpt,40_49,0.0048,Central Asia,M
Prevalence -> LowerExtrmAmpt,50_59,0.0046,Central Asia,M
Prevalence -> LowerExtrmAmpt,60_69,0.0078,Central Asia,M
Prevalence -> LowerExtrmAmpt,70_79,0.018,Central Asia,M
Prevalence -> LowerExtrmAmpt,80_100,0.034,Central Asia,M
Disability -> Disability,0_4,0.0,Central Asia,M
Disability -> Disability,5_9,0.0,Central Asia,M
Disability -> Disability,10_14,0.0,Central Asia,M
Disability -> Disability,15_19,0.0,Central Asia,M
Disability -> Disability,20_24,0.0,Central Asia,M
Disability -> Disability,25_29,0.0,Central Asia,M
Disability -> Disability,30_39,0.0,Central Asia,M
Disability -> Disability,40_49,0.0,Central Asia,M
Disability -> Disability,50_59,0.0,Central Asia,M
Disability -> Disability,60_69,0.0,Central Asia,M
Disability -> Disability,70_79,0.0,Central Asia,M
Disability -> Disability,80_100,0.0,Central Asia,M
StdGlycControl -> DiabeticRetinopathy,0_4,-75.0,Central Asia,M
StdGlycControl -> DiabeticRetinopathy,5_9,-75.0,Central Asia,M
StdGlycControl -> DiabeticRetinopathy,10_14,-75.0,Central Asia,M
StdGlycControl -> DiabeticRetinopathy,15_19,-75.0,Central Asia,M
StdGlycControl -> DiabeticRetinopathy,20_24,-75.0,Central Asia,M
StdGlycControl -> DiabeticRetinopathy,25_29,-75.0,Central Asia,M
StdGlycControl -> DiabeticRetinopathy,30_39,-75.0,Central Asia,M
StdGlycControl -> DiabeticRetinopathy,40_49,-75.0,Central Asia,M
StdGlycControl -> DiabeticRetinopathy,50_59,-75.0,Central Asia,M
StdGlycControl -> DiabeticRetinopathy,60_69,-75.0,Central Asia,M
StdGlycControl -> DiabeticRetinopathy,70_79,-75.0,Central Asia,M
StdGlycControl -> DiabeticRetinopathy,80_100,-75.0,Central Asia,M
StdGlycControl -> LowerExtrmAmpt,0_4,-28.6,Central Asia,M
StdGlycControl -> LowerExtrmAmpt,5_9,-28.6,Central Asia,M
StdGlycControl -> LowerExtrmAmpt,10_14,-28.6,Central Asia,M
StdGlycControl -> LowerExtrmAmpt,15_19,-28.6,Central Asia,M
StdGlycControl -> LowerExtrmAmpt,20_24,-28.6,Central Asia,M
StdGlycControl -> LowerExtrmAmpt,25_29,-28.6,Central Asia,M
StdGlycControl -> LowerExtrmAmpt,30_39,-28.6,Central Asia,M
StdGlycControl -> LowerExtrmAmpt,40_49,-28.6,Central Asia,M
StdGlycControl -> LowerExtrmAmpt,50_59,-28.6,Central Asia,M
StdGlycControl -> LowerExtrmAmpt,60_69,-28.6,Central Asia,M
StdGlycControl -> LowerExtrmAmpt,70_79,-28.6,Central Asia,M
StdGlycControl -> LowerExtrmAmpt,80_100,-28.6,Central Asia,M
StdGlycControl -> DiabeticNephropathy,0_4,-39.0,Central Asia,M
StdGlycControl -> DiabeticNephropathy,5_9,-39.0,Central Asia,M
StdGlycControl -> DiabeticNephropathy,10_14,-39.0,Central Asia,M
StdGlycControl -> DiabeticNephropathy,15_19,-39.0,Central Asia,M
StdGlycControl -> DiabeticNephropathy,20_24,-39.0,Central Asia,M
StdGlycControl -> DiabeticNephropathy,25_29,-39.0,Central Asia,M
StdGlycControl -> DiabeticNephropathy,30_39,-39.0,Central Asia,M
StdGlycControl -> DiabeticNephropathy,40_49,-39.0,Central Asia,M
StdGlycControl -> DiabeticNephropathy,50_59,-39.0,Central Asia,M
StdGlycControl -> DiabeticNephropathy,60_69,-39.0,Central Asia,M
StdGlycControl -> DiabeticNephropathy,70_79,-39.0,Central Asia,M
StdGlycControl -> DiabeticNephropathy,80_100,-39.0,Central Asia,M
IntsvGlycControl -> DiabeticRetinopathy,0_4,-65.0,Central Asia,M
IntsvGlycControl -> DiabeticRetinopathy,5_9,-65.0,Central Asia,M
IntsvGlycControl -> DiabeticRetinopathy,10_14,-65.0,Central Asia,M
IntsvGlycControl -> DiabeticRetinopathy,15_19,-65.0,Central Asia,M
IntsvGlycControl -> DiabeticRetinopathy,20_24,-65.0,Central Asia,M
IntsvGlycControl -> DiabeticRetinopathy,25_29,-65.0,Central Asia,M
IntsvGlycControl -> DiabeticRetinopathy,30_39,-65.0,Central Asia,M
IntsvGlycControl -> DiabeticRetinopathy,40_49,-65.0,Central Asia,M
IntsvGlycControl -> DiabeticRetinopathy,50_59,-65.0,Central Asia,M
IntsvGlycControl -> DiabeticRetinopathy,60_69,-65.0,Central Asia,M
IntsvGlycControl -> DiabeticRetinopathy,70_79,-65.0,Central Asia,M
IntsvGlycControl -> DiabeticRetinopathy,80_100,-65.0,Central Asia,M
IntsvGlycControl -> LowerExtrmAmpt,0_4,-15.1,Central Asia,M
IntsvGlycControl -> LowerExtrmAmpt,5_9,-15.1,Central Asia,M
IntsvGlycControl -> LowerExtrmAmpt,10_14,-15.1,Central Asia,M
IntsvGlycControl -> LowerExtrmAmpt,15_19,-15.1,Central Asia,M
IntsvGlycControl -> LowerExtrmAmpt,20_24,-15.1,Central Asia,M
IntsvGlycControl -> LowerExtrmAmpt,25_29,-15.1,Central Asia,M
IntsvGlycControl -> LowerExtrmAmpt,30_39,-15.1,Central Asia,M
IntsvGlycControl -> LowerExtrmAmpt,40_49,-15.1,Central Asia,M
IntsvGlycControl -> LowerExtrmAmpt,50_59,-15.1,Central Asia,M
IntsvGlycControl -> LowerExtrmAmpt,60_69,-15.1,Central Asia,M
IntsvGlycControl -> LowerExtrmAmpt,70_79,-15.1,Central Asia,M
IntsvGlycControl -> LowerExtrmAmpt,80_100,-15.1,Central Asia,M
IntsvGlycControl -> DiabeticNephropathy,0_4,-39.0,Central Asia,M
IntsvGlycControl -> DiabeticNephropathy,5_9,-39.0,Central Asia,M
IntsvGlycControl -> DiabeticNephropathy,10_14,-39.0,Central Asia,M
IntsvGlycControl -> DiabeticNephropathy,15_19,-39.0,Central Asia,M
IntsvGlycControl -> DiabeticNephropathy,20_24,-39.0,Central Asia,M
IntsvGlycControl -> DiabeticNephropathy,25_29,-39.0,Central Asia,M
IntsvGlycControl -> DiabeticNephropathy,30_39,-39.0,Central Asia,M
IntsvGlycControl -> DiabeticNephropathy,40_49,-39.0,Central Asia,M
IntsvGlycControl -> DiabeticNephropathy,50_59,-39.0,Central Asia,M
IntsvGlycControl -> DiabeticNephropathy,60_69,-39.0,Central Asia,M
IntsvGlycControl -> DiabeticNephropathy,70_79,-39.0,Central Asia,M
IntsvGlycControl -> DiabeticNephropathy,80_100,-39.0,Central Asia,M
RetinopathyScrn -> DiabeticRetinopathy,0_4,-20.0,Central Asia,M
RetinopathyScrn -> DiabeticRetinopathy,5_9,-20.0,Central Asia,M
RetinopathyScrn -> DiabeticRetinopathy,10_14,-20.0,Central Asia,M
RetinopathyScrn -> DiabeticRetinopathy,15_19,-20.0,Central Asia,M
RetinopathyScrn -> DiabeticRetinopathy,20_24,-20.0,Central Asia,M
RetinopathyScrn -> DiabeticRetinopathy,25_29,-20.0,Central Asia,M
RetinopathyScrn -> DiabeticRetinopathy,30_39,-20.0,Central Asia,M
RetinopathyScrn -> DiabeticRetinopathy,40_49,-20.0,Central Asia,M
RetinopathyScrn -> DiabeticRetinopathy,50_59,-20.0,Central Asia,M
RetinopathyScrn -> DiabeticRetinopathy,60_69,-20.0,Central Asia,M
RetinopathyScrn -> DiabeticRetinopathy,70_79,-20.0,Central Asia,M
RetinopathyScrn -> DiabeticRetinopathy,80_100,-20.0,Central Asia,M
NeuropathyScr -> LowerExtrmAmpt,0_4,-35.0,Central Asia,M
NeuropathyScr -> LowerExtrmAmpt,5_9,-35.0,Central Asia,M
NeuropathyScr -> LowerExtrmAmpt,10_14,-35.0,Central Asia,M
NeuropathyScr -> LowerExtrmAmpt,15_19,-35.0,Central Asia,M
NeuropathyScr -> LowerExtrmAmpt,20_24,-35.0,Central Asia,M
NeuropathyScr -> LowerExtrmAmpt,25_29,-35.0,Central Asia,M
NeuropathyScr -> LowerExtrmAmpt,30_39,-35.0,Central Asia,M
NeuropathyScr -> LowerExtrmAmpt,40_49,-35.0,Central Asia,M
NeuropathyScr -> LowerExtrmAmpt,50_59,-35.0,Central Asia,M
NeuropathyScr -> LowerExtrmAmpt,60_69,-35.0,Central Asia,M
NeuropathyScr -> LowerExtrmAmpt,70_79,-35.0,Central Asia,M
NeuropathyScr -> LowerExtrmAmpt,80_100,-35.0,Central Asia,M
NephropathyScr -> DiabeticNephropathy,0_4,-24.0,Central Asia,M
NephropathyScr -> DiabeticNephropathy,5_9,-24.0,Central Asia,M
NephropathyScr -> DiabeticNephropathy,10_14,-24.0,Central Asia,M
NephropathyScr -> DiabeticNephropathy,15_19,-24.0,Central Asia,M
NephropathyScr -> DiabeticNephropathy,20_24,-24.0,Central Asia,M
NephropathyScr -> DiabeticNephropathy,25_29,-24.0,Central Asia,M
NephropathyScr -> DiabeticNephropathy,30_39,-24.0,Central Asia,M
NephropathyScr -> DiabeticNephropathy,40_49,-24.0,Central Asia,M
NephropathyScr -> DiabeticNephropathy,50_59,-24.0,Central Asia,M
NephropathyScr -> DiabeticNephropathy,60_69,-24.0,Central Asia,M
NephropathyScr -> DiabeticNephropathy,70_79,-24.0,Central Asia,M
NephropathyScr -> DiabeticNephropathy,80_100,-24.0,Central Asia,M
DiabeticNephropathy -> Disability,0_4,0.338,Central Asia,M
DiabeticNephropathy -> Disability,5_9,0.338,Central Asia,M
DiabeticNephropathy -> Disability,10_14,0.338,Central Asia,M
DiabeticNephropathy -> Disability,15_19,0.338,Central Asia,M
DiabeticNephropathy -> Disability,20_24,0.338,Central Asia,M
DiabeticNephropathy -> Disability,25_29,0.338,Central Asia,M
DiabeticNephropathy -> Disability,30_39,0.338,Central Asia,M
DiabeticNephropathy -> Disability,40_49,0.338,Central Asia,M
DiabeticNephropathy -> Disability,50_59,0.338,Central Asia,M
DiabeticNephropathy -> Disability,60_69,0.338,Central Asia,M
DiabeticNephropathy -> Disability,70_79,0.338,Central Asia,M
DiabeticNephropathy -> Disability,80_100,0.338,Central Asia,M
DiabeticNephropathy -> Deceased,0_4,0.0,Central Asia,M
DiabeticNephropathy -> Deceased,5_9,0.0,Central Asia,M
DiabeticNephropathy -> Deceased,10_14,0.0,Central Asia,M
DiabeticNephropathy -> Deceased,15_19,0.0,Central Asia,M
DiabeticNephropathy -> Deceased,20_24,0.0005515615360652833,Central Asia,M
DiabeticNephropathy -> Deceased,25_29,0.002757807680326417,Central Asia,M
DiabeticNephropathy -> Deceased,30_39,0.008457276886334346,Central Asia,M
DiabeticNephropathy -> Deceased,40_49,0.015995284545893215,Central Asia,M
DiabeticNephropathy -> Deceased,50_59,0.029600469102170204,Central Asia,M
DiabeticNephropathy -> Deceased,60_69,0.04099940751418606,Central Asia,M
DiabeticNephropathy -> Deceased,70_79,0.06067176896718117,Central Asia,M
DiabeticNephropathy -> Deceased,80_100,0.07813788427591514,Central Asia,M
Prevalence -> DiabeticNephropathy,0_4,0.00428,Central Asia,M
Prevalence -> DiabeticNephropathy,5_9,0.00428,Central Asia,M
Prevalence -> DiabeticNephropathy,10_14,0.00436,Central Asia,M
Prevalence -> DiabeticNephropathy,15_19,0.004560000000000001,Central Asia,M
Prevalence -> DiabeticNephropathy,20_24,0.00496,Central Asia,M
Prevalence -> DiabeticNephropathy,25_29,0.006200000000000001,Central Asia,M
Prevalence -> DiabeticNephropathy,30_39,0.011000000000000001,Central Asia,M
Prevalence -> DiabeticNephropathy,40_49,0.020680000000000004,Central Asia,M
Prevalence -> DiabeticNephropathy,50_59,0.03332,Central Asia,M
Prevalence -> DiabeticNephropathy,60_69,0.04012,Central Asia,M
Prevalence -> DiabeticNephropathy,70_79,0.04916,Central Asia,M
Prevalence -> DiabeticNephropathy,80_100,0.08984,Central Asia,M
DsFreeSus -> Disability,0_4,0.03438102401737918,Central Asia,F
DsFreeSus -> Disability,5_9,0.04737273203104935,Central Asia,F
DsFreeSus -> Disability,10_14,0.060364440044719525,Central Asia,F
DsFreeSus -> Disability,15_19,0.07335614805838969,Central Asia,F
DsFreeSus -> Disability,20_24,0.08634785607205986,Central Asia,F
DsFreeSus -> Disability,25_29,0.09933956408573004,Central Asia,F
DsFreeSus -> Disability,30_39,0.11882712610623529,Central Asia,F
DsFreeSus -> Disability,40_49,0.14481054213357564,Central Asia,F
DsFreeSus -> Disability,50_59,0.17079395816091597,Central Asia,F
DsFreeSus -> Disability,60_69,0.1967773741882563,Central Asia,F
DsFreeSus -> Disability,70_79,0.22276079021559664,Central Asia,F
DsFreeSus -> Disability,80_100,0.2552400602497721,Central Asia,F
DsFreeSus -> Diabetes,0_4,2e-09,Central Asia,F
DsFreeSus -> Diabetes,5_9,1e-09,Central Asia,F
DsFreeSus -> Diabetes,10_14,0.0,Central Asia,F
DsFreeSus -> Diabetes,15_19,0.0002,Central Asia,F
DsFreeSus -> Diabetes,20_24,0.0005,Central Asia,F
DsFreeSus -> Diabetes,25_29,0.0012,Central Asia,F
DsFreeSus -> Diabetes,30_39,0.0024,Central Asia,F
DsFreeSus -> Diabetes,40_49,0.0042,Central Asia,F
DsFreeSus -> Diabetes,50_59,0.0048,Central Asia,F
DsFreeSus -> Diabetes,60_69,0.0034,Central Asia,F
DsFreeSus -> Diabetes,70_79,0.0091,Central Asia,F
DsFreeSus -> Diabetes,80_100,0.021,Central Asia,F
Diabetes -> Disability,0_4,0.031,Central Asia,F
Diabetes -> Disability,5_9,0.031,Central Asia,F
Diabetes -> Disability,10_14,0.031,Central Asia,F
Diabetes -> Disability,15_19,0.031,Central Asia,F
Diabetes -> Disability,20_24,0.031,Central Asia,F
Diabetes -> Disability,25_29,0.031,Central Asia,F
Diabetes -> Disability,30_39,0.031,Central Asia,F
Diabetes -> Disability,40_49,0.031,Central Asia,F
Diabetes -> Disability,50_59,0.031,Central Asia,F
Diabetes -> Disability,60_69,0.031,Central Asia,F
Diabetes -> Disability,70_79,0.031,Central Asia,F
Diabetes -> Disability,80_100,0.031,Central Asia,F
Diabetes -> Deceased,0_4,0.0,Central Asia,F
Diabetes -> Deceased,5_9,0.0,Central Asia,F
Diabetes -> Deceased,10_14,0.0,Central Asia,F
Diabetes -> Deceased,15_19,0.0,Central Asia,F
Diabetes -> Deceased,20_24,6.108101174587856e-05,Central Asia,F
Diabetes -> Deceased,25_29,0.0004275670822211499,Central Asia,F
Diabetes -> Deceased,30_39,0.0012216202349175712,Central Asia,F
Diabetes -> Deceased,40_49,0.0024432404698351423,Central Asia,F
Diabetes -> Deceased,50_59,0.00506972397490792,Central Asia,F
Diabetes -> Deceased,60_69,0.008001612538710092,Central Asia,F
Diabetes -> Deceased,70_79,0.014598361807264976,Central Asia,F
Diabetes -> Deceased,80_100,0.02583726796850663,Central Asia,F
Diabetes -> DiabeticRetinopathy,0_4,0.0,Central Asia,F
Diabetes -> DiabeticRetinopathy,5_9,0.0,Central Asia,F
Diabetes -> DiabeticRetinopathy,10_14,0.01805573446691571,Central Asia,F
Diabetes -> DiabeticRetinopathy,15_19,0.020722796862997304,Central Asia,F
Diabetes -> DiabeticRetinopathy,20_24,0.0034001826023990177,Central Asia,F
Diabetes -> DiabeticRetinopathy,25_29,0.00030010203469179523,Central Asia,F
Diabetes -> DiabeticRetinopathy,30_39,0.003699030487344571,Central Asia,F
Diabetes -> DiabeticRetinopathy,40_49,0.0075798880720951076,Central Asia,F
Diabetes -> DiabeticRetinopathy,50_59,0.009676266819968247,Central Asia,F
Diabetes -> DiabeticRetinopathy,60_69,0.01482250090381103,Central Asia,F
Diabetes -> DiabeticRetinopathy,70_79,0.010671525247267048,Central Asia,F
Diabetes -> DiabeticRetinopathy,80_100,0.01195954795628431,Central Asia,F
Diabetes -> LowerExtrmAmpt,0_4,0.0,Central Asia,F
Diabetes -> LowerExtrmAmpt,5_9,0.0,Central Asia,F
Diabetes -> LowerExtrmAmpt,10_14,6.44080896560608e-05,Central Asia,F
Diabetes -> LowerExtrmAmpt,15_19,0.0012862425639101774,Central Asia,F
Diabetes -> LowerExtrmAmpt,20_24,0.0032270251550546233,Central Asia,F
Diabetes -> LowerExtrmAmpt,25_29,0.005266790708841006,Central Asia,F
Diabetes -> LowerExtrmAmpt,30_39,0.0056402126672921585,Central Asia,F
Diabetes -> LowerExtrmAmpt,40_49,0.0008115713148708693,Central Asia,F
Diabetes -> LowerExtrmAmpt,50_59,0.0004942901429411875,Central Asia,F
Diabetes -> LowerExtrmAmpt,60_69,0.005131768605595647,Central Asia,F
Diabetes -> LowerExtrmAmpt,70_79,0.01170782964119768,Central Asia,F
Diabetes -> LowerExtrmAmpt,80_100,0.01389197042677908,Central Asia,F
Diabetes -> DiabeticNephropathy,0_4,0.0,Central Asia,F
Diabetes -> DiabeticNephropathy,5_9,0.0,Central Asia,F
Diabetes -> DiabeticNephropathy,10_14,0.014,Central Asia,F
Diabetes -> DiabeticNephropathy,15_19,0.014,Central Asia,F
Diabetes -> DiabeticNephropathy,20_24,0.014,Central Asia,F
Diabetes -> DiabeticNephropathy,25_29,0.014,Central Asia,F
Diabetes -> DiabeticNephropathy,30_39,0.014,Central Asia,F
Diabetes -> DiabeticNephropathy,40_49,0.014,Central Asia,F
Diabetes -> DiabeticNephropathy,50_59,0.014,Central Asia,F
Diabetes -> DiabeticNephropathy,60_69,0.014,Central Asia,F
Diabetes -> DiabeticNephropathy,70_79,0.014,Central Asia,F
Diabetes -> DiabeticNephropathy,80_100,0.014,Central Asia,F
Prevalence -> Diabetes,0_4,0.0084692,Central Asia,F
Prevalence -> Diabetes,5_9,0.008879,Central Asia,F
Prevalence -> Diabetes,10_14,0.0090156,Central Asia,F
Prevalence -> Diabetes,15_19,0.0093571,Central Asia,F
Prevalence -> Diabetes,20_24,0.010313300000000001,Central Asia,F
Prevalence -> Diabetes,25_29,0.012840400000000002,Central Asia,F
Prevalence -> Diabetes,30_39,0.022060900000000005,Central Asia,F
Prevalence -> Diabetes,40_49,0.0424826,Central Asia,F
Prevalence -> Diabetes,50_59,0.0680951,Central Asia,F
Prevalence -> Diabetes,60_69,0.0848969,Central Asia,F
Prevalence -> Diabetes,70_79,0.09855690000000002,Central Asia,F
Prevalence -> Diabetes,80_100,0.1627589,Central Asia,F
DiabeticRetinopathy -> Disability,0_4,0.338,Central Asia,F
DiabeticRetinopathy -> Disability,5_9,0.338,Central Asia,F
DiabeticRetinopathy -> Disability,10_14,0.338,Central Asia,F
DiabeticRetinopathy -> Disability,15_19,0.338,Central Asia,F
DiabeticRetinopathy -> Disability,20_24,0.338,Central Asia,F
DiabeticRetinopathy -> Disability,25_29,0.338,Central Asia,F
DiabeticRetinopathy -> Disability,30_39,0.338,Central Asia,F
DiabeticRetinopathy -> Disability,40_49,0.338,Central Asia,F
DiabeticRetinopathy -> Disability,50_59,0.338,Central Asia,F
DiabeticRetinopathy -> Disability,60_69,0.338,Central Asia,F
DiabeticRetinopathy -> Disability,70_79,0.338,Central Asia,F
DiabeticRetinopathy -> Disability,80_100,0.338,Central Asia,F
DiabeticRetinopathy -> Deceased,0_4,0.0,Central Asia,F
DiabeticRetinopathy -> Deceased,5_9,0.0,Central Asia,F
DiabeticRetinopathy -> Deceased,10_14,0.0,Central Asia,F
DiabeticRetinopathy -> Deceased,15_19,0.0,Central Asia,F
DiabeticRetinopathy -> Deceased,20_24,0.0002,Central Asia,F
DiabeticRetinopathy -> Deceased,25_29,0.001,Central Asia,F
DiabeticRetinopathy -> Deceased,30_39,0.0039,Central Asia,F
DiabeticRetinopathy -> Deceased,40_49,0.008,Central Asia,F
DiabeticRetinopathy -> Deceased,50_59,0.0169,Central Asia,F
DiabeticRetinopathy -> Deceased,60_69,0.027,Central Asia,F
DiabeticRetinopathy -> Deceased,70_79,0.0469,Central Asia,F
DiabeticRetinopathy -> Deceased,80_100,0.0828,Central Asia,F
Prevalence -> DiabeticRetinopathy,0_4,0.0001,Central Asia,F
Prevalence -> DiabeticRetinopathy,5_9,0.0,Central Asia,F
Prevalence -> DiabeticRetinopathy,10_14,0.0008,Central Asia,F
Prevalence -> DiabeticRetinopathy,15_19,0.0024,Central Asia,F
Prevalence -> DiabeticRetinopathy,20_24,0.0032,Central Asia,F
Prevalence -> DiabeticRetinopathy,25_29,0.0032,Central Asia,F
Prevalence -> DiabeticRetinopathy,30_39,0.0035,Central Asia,F
Prevalence -> DiabeticRetinopathy,40_49,0.0062,Central Asia,F
Prevalence -> DiabeticRetinopathy,50_59,0.0117,Central Asia,F
Prevalence -> DiabeticRetinopathy,60_69,0.0222,Central Asia,F
Prevalence -> DiabeticRetinopathy,70_79,0.0301,Central Asia,F
Prevalence -> DiabeticRetinopathy,80_100,0.032,Central Asia,F
LowerExtrmAmpt -> Disability,0_4,0.164,Central Asia,F
LowerExtrmAmpt -> Disability,5_9,0.164,Central Asia,F
LowerExtrmAmpt -> Disability,10_14,0.164,Central Asia,F
LowerExtrmAmpt -> Disability,15_19,0.164,Central Asia,F
LowerExtrmAmpt -> Disability,20_24,0.164,Central Asia,F
LowerExtrmAmpt -> Disability,25_29,0.164,Central Asia,F
LowerExtrmAmpt -> Disability,30_39,0.164,Central Asia,F
LowerExtrmAmpt -> Disability,40_49,0.164,Central Asia,F
LowerExtrmAmpt -> Disability,50_59,0.164,Central Asia,F
LowerExtrmAmpt -> Disability,60_69,0.164,Central Asia,F
LowerExtrmAmpt -> Disability,70_79,0.164,Central Asia,F
LowerExtrmAmpt -> Disability,80_100,0.164,Central Asia,F
LowerExtrmAmpt -> Deceased,0_4,0.0,Central Asia,F
LowerExtrmAmpt -> Deceased,5_9,0.0,Central Asia,F
LowerExtrmAmpt -> Deceased,10_14,0.0,Central Asia,F
LowerExtrmAmpt -> Deceased,15_19,0.0,Central Asia,F
LowerExtrmAmpt -> Deceased,20_24,0.0002,Central Asia,F
LowerExtrmAmpt -> Deceased,25_29,0.0011,Central Asia,F
LowerExtrmAmpt -> Deceased,30_39,0.0041,Central Asia,F
LowerExtrmAmpt -> Deceased,40_49,0.0078,Central Asia,F
LowerExtrmAmpt -> Deceased,50_59,0.0164,Central Asia,F
LowerExtrmAmpt -> Deceased,60_69,0.0278,Central Asia,F
LowerExtrmAmpt -> Deceased,70_79,0.048,Central Asia,F
LowerExtrmAmpt -> Deceased,80_100,0.085,Central Asia,F
Prevalence -> LowerExtrmAmpt,0_4,0.0,Central Asia,F
Prevalence -> LowerExtrmAmpt,5_9,0.0,Central Asia,F
Prevalence -> LowerExtrmAmpt,10_14,0.0,Central Asia,F
Prevalence -> LowerExtrmAmpt,15_19,0.0,Central Asia,F
Prevalence -> LowerExtrmAmpt,20_24,0.0002,Central Asia,F
Prevalence -> LowerExtrmAmpt,25_29,0.0005,Central Asia,F
Prevalence -> LowerExtrmAmpt,30_39,0.0017,Central Asia,F
Prevalence -> LowerExtrmAmpt,40_49,0.0028,Central Asia,F
Prevalence -> LowerExtrmAmpt,50_59,0.0028,Central Asia,F
Prevalence -> LowerExtrmAmpt,60_69,0.0049,Central Asia,F
Prevalence -> LowerExtrmAmpt,70_79,0.0123,Central Asia,F
Prevalence -> LowerExtrmAmpt,80_100,0.0267,Central Asia,F
Disability -> Disability,0_4,0.0,Central Asia,F
Disability -> Disability,5_9,0.0,Central Asia,F
Disability -> Disability,10_14,0.0,Central Asia,F
Disability -> Disability,15_19,0.0,Central Asia,F
Disability -> Disability,20_24,0.0,Central Asia,F
Disability -> Disability,25_29,0.0,Central Asia,F
Disability -> Disability,30_39,0.0,Central Asia,F
Disability -> Disability,40_49,0.0,Central Asia,F
Disability -> Disability,50_59,0.0,Central Asia,F
Disability -> Disability,60_69,0.0,Central Asia,F
Disability -> Disability,70_79,0.0,Central Asia,F
Disability -> Disability,80_100,0.0,Central Asia,F
StdGlycControl -> DiabeticRetinopathy,0_4,-75.0,Central Asia,F
StdGlycControl -> DiabeticRetinopathy,5_9,-75.0,Central Asia,F
StdGlycControl -> DiabeticRetinopathy,10_14,-75.0,Central Asia,F
StdGlycControl -> DiabeticRetinopathy,15_19,-75.0,Central Asia,F
StdGlycControl -> DiabeticRetinopathy,20_24,-75.0,Central Asia,F
StdGlycControl -> DiabeticRetinopathy,25_29,-75.0,Central Asia,F
StdGlycControl -> DiabeticRetinopathy,30_39,-75.0,Central Asia,F
StdGlycControl -> DiabeticRetinopathy,40_49,-75.0,Central Asia,F
StdGlycControl -> DiabeticRetinopathy,50_59,-75.0,Central Asia,F
StdGlycControl -> DiabeticRetinopathy,60_69,-75.0,Central Asia,F
StdGlycControl -> DiabeticRetinopathy,70_79,-75.0,Central Asia,F
StdGlycControl -> DiabeticRetinopathy,80_100,-75.0,Central Asia,F
StdGlycControl -> LowerExtrmAmpt,0_4,-28.6,Central Asia,F
StdGlycControl -> LowerExtrmAmpt,5_9,-28.6,Central Asia,F
StdGlycControl -> LowerExtrmAmpt,10_14,-28.6,Central Asia,F
StdGlycControl -> LowerExtrmAmpt,15_19,-28.6,Central Asia,F
StdGlycControl -> LowerExtrmAmpt,20_24,-28.6,Central Asia,F
StdGlycControl -> LowerExtrmAmpt,25_29,-28.6,Central Asia,F
StdGlycControl -> LowerExtrmAmpt,30_39,-28.6,Central Asia,F
StdGlycControl -> LowerExtrmAmpt,40_49,-28.6,Central Asia,F
StdGlycControl -> LowerExtrmAmpt,50_59,-28.6,Central Asia,F
StdGlycControl -> LowerExtrmAmpt,60_69,-28.6,Central Asia,F
StdGlycControl -> LowerExtrmAmpt,70_79,-28.6,Central Asia,F
StdGlycControl -> LowerExtrmAmpt,80_100,-28.6,Central Asia,F
StdGlycControl -> DiabeticNephropathy,0_4,-39.0,Central Asia,F
StdGlycControl -> DiabeticNephropathy,5_9,-39.0,Central Asia,F
StdGlycControl -> DiabeticNephropathy,10_14,-39.0,Central Asia,F
StdGlycControl -> DiabeticNephropathy,15_19,-39.0,Central Asia,F
StdGlycControl -> DiabeticNephropathy,20_24,-39.0,Central Asia,F
StdGlycControl -> DiabeticNephropathy,25_29,-39.0,Central Asia,F
StdGlycControl -> DiabeticNephropathy,30_39,-39.0,Central Asia,F
StdGlycControl -> DiabeticNephropathy,40_49,-39.0,Central Asia,F
StdGlycControl -> DiabeticNephropathy,50_59,-39.0,Central Asia,F
StdGlycControl -> DiabeticNephropathy,60_69,-39.0,Central Asia,F
StdGlycControl -> DiabeticNephropathy,70_79,-39.0,Central Asia,F
StdGlycControl -> DiabeticNephropathy,80_100,-39.0,Central Asia,F
IntsvGlycControl -> DiabeticRetinopathy,0_4,-65.0,Central Asia,F
IntsvGlycControl -> DiabeticRetinopathy,5_9,-65.0,Central Asia,F
IntsvGlycControl -> DiabeticRetinopathy,10_14,-65.0,Central Asia,F
IntsvGlycControl -> DiabeticRetinopathy,15_19,-65.0,Central Asia,F
IntsvGlycControl -> DiabeticRetinopathy,20_24,-65.0,Central Asia,F
IntsvGlycControl -> DiabeticRetinopathy,25_29,-65.0,Central Asia,F
IntsvGlycControl -> DiabeticRetinopathy,30_39,-65.0,Central Asia,F
IntsvGlycControl -> DiabeticRetinopathy,40_49,-65.0,Central Asia,F
IntsvGlycControl -> DiabeticRetinopathy,50_59,-65.0,Central Asia,F
IntsvGlycControl -> DiabeticRetinopathy,60_69,-65.0,Central Asia,F
IntsvGlycControl -> DiabeticRetinopathy,70_79,-65.0,Central Asia,F
IntsvGlycControl -> DiabeticRetinopathy,80_100,-65.0,Central Asia,F
IntsvGlycControl -> LowerExtrmAmpt,0_4,-15.1,Central Asia,F
IntsvGlycControl -> LowerExtrmAmpt,5_9,-15.1,Central Asia,F
IntsvGlycControl -> LowerExtrmAmpt,10_14,-15.1,Central Asia,F
IntsvGlycControl -> LowerExtrmAmpt,15_19,-15.1,Central Asia,F
IntsvGlycControl -> LowerExtrmAmpt,20_24,-15.1,Central Asia,F
IntsvGlycControl -> LowerExtrmAmpt,25_29,-15.1,Central Asia,F
IntsvGlycControl -> LowerExtrmAmpt,30_39,-15.1,Central Asia,F
IntsvGlycControl -> LowerExtrmAmpt,40_49,-15.1,Central Asia,F
IntsvGlycControl -> LowerExtrmAmpt,50_59,-15.1,Central Asia,F
IntsvGlycControl -> LowerExtrmAmpt,60_69,-15.1,Central Asia,F
IntsvGlycControl -> LowerExtrmAmpt,70_79,-15.1,Central Asia,F
IntsvGlycControl -> LowerExtrmAmpt,80_100,-15.1,Central Asia,F
IntsvGlycControl -> DiabeticNephropathy,0_4,-39.0,Central Asia,F
IntsvGlycControl -> DiabeticNephropathy,5_9,-39.0,Central Asia,F
IntsvGlycControl -> DiabeticNephropathy,10_14,-39.0,Central Asia,F
IntsvGlycControl -> DiabeticNephropathy,15_19,-39.0,Central Asia,F
IntsvGlycControl -> DiabeticNephropathy,20_24,-39.0,Central Asia,F
IntsvGlycControl -> DiabeticNephropathy,25_29,-39.0,Central Asia,F
IntsvGlycControl -> DiabeticNephropathy,30_39,-39.0,Central Asia,F
IntsvGlycControl -> DiabeticNephropathy,40_49,-39.0,Central Asia,F
IntsvGlycControl -> DiabeticNephropathy,50_59,-39.0,Central Asia,F
IntsvGlycControl -> DiabeticNephropathy,60_69,-39.0,Central Asia,F
IntsvGlycControl -> DiabeticNephropathy,70_79,-39.0,Central Asia,F
IntsvGlycControl -> DiabeticNephropathy,80_100,-39.0,Central Asia,F
RetinopathyScrn -> DiabeticRetinopathy,0_4,-20.0,Central Asia,F
RetinopathyScrn -> DiabeticRetinopathy,5_9,-20.0,Central Asia,F
RetinopathyScrn -> DiabeticRetinopathy,10_14,-20.0,Central Asia,F
RetinopathyScrn -> DiabeticRetinopathy,15_19,-20.0,Central Asia,F
RetinopathyScrn -> DiabeticRetinopathy,20_24,-20.0,Central Asia,F
RetinopathyScrn -> DiabeticRetinopathy,25_29,-20.0,Central Asia,F
RetinopathyScrn -> DiabeticRetinopathy,30_39,-20.0,Central Asia,F
RetinopathyScrn -> DiabeticRetinopathy,40_49,-20.0,Central Asia,F
RetinopathyScrn -> DiabeticRetinopathy,50_59,-20.0,Central Asia,F
RetinopathyScrn -> DiabeticRetinopathy,60_69,-20.0,Central Asia,F
RetinopathyScrn -> DiabeticRetinopathy,70_79,-20.0,Central Asia,F
RetinopathyScrn -> DiabeticRetinopathy,80_100,-20.0,Central Asia,F
NeuropathyScr -> LowerExtrmAmpt,0_4,-35.0,Central Asia,F
NeuropathyScr -> LowerExtrmAmpt,5_9,-35.0,Central Asia,F
NeuropathyScr -> LowerExtrmAmpt,10_14,-35.0,Central Asia,F
NeuropathyScr -> LowerExtrmAmpt,15_19,-35.0,Central Asia,F
NeuropathyScr -> LowerExtrmAmpt,20_24,-35.0,Central Asia,F
NeuropathyScr -> LowerExtrmAmpt,25_29,-35.0,Central Asia,F
NeuropathyScr -> LowerExtrmAmpt,30_39,-35.0,Central Asia,F
NeuropathyScr -> LowerExtrmAmpt,40_49,-35.0,Central Asia,F
NeuropathyScr -> LowerExtrmAmpt,50_59,-35.0,Central Asia,F
NeuropathyScr -> LowerExtrmAmpt,60_69,-35.0,Central Asia,F
NeuropathyScr -> LowerExtrmAmpt,70_79,-35.0,Central Asia,F
NeuropathyScr -> LowerExtrmAmpt,80_100,-35.0,Central Asia,F
NephropathyScr -> DiabeticNephropathy,0_4,-24.0,Central Asia,F
NephropathyScr -> DiabeticNephropathy,5_9,-24.0,Central Asia,F
NephropathyScr -> DiabeticNephropathy,10_14,-24.0,Central Asia,F
NephropathyScr -> DiabeticNephropathy,15_19,-24.0,Central Asia,F
NephropathyScr -> DiabeticNephropathy,20_24,-24.0,Central Asia,F
NephropathyScr -> DiabeticNephropathy,25_29,-24.0,Central Asia,F
NephropathyScr -> DiabeticNephropathy,30_39,-24.0,Central Asia,F
NephropathyScr -> DiabeticNephropathy,40_49,-24.0,Central Asia,F
NephropathyScr -> DiabeticNephropathy,50_59,-24.0,Central Asia,F
NephropathyScr -> DiabeticNephropathy,60_69,-24.0,Central Asia,F
NephropathyScr -> DiabeticNephropathy,70_79,-24.0,Central Asia,F
NephropathyScr -> DiabeticNephropathy,80_100,-24.0,Central Asia,F
DiabeticNephropathy -> Disability,0_4,0.338,Central Asia,F
DiabeticNephropathy -> Disability,5_9,0.338,Central Asia,F
DiabeticNephropathy -> Disability,10_14,0.338,Central Asia,F
DiabeticNephropathy -> Disability,15_19,0.338,Central Asia,F
DiabeticNephropathy -> Disability,20_24,0.338,Central Asia,F
DiabeticNephropathy -> Disability,25_29,0.338,Central Asia,F
DiabeticNephropathy -> Disability,30_39,0.338,Central Asia,F
DiabeticNephropathy -> Disability,40_49,0.338,Central Asia,F
DiabeticNephropathy -> Disability,50_59,0.338,Central Asia,F
DiabeticNephropathy -> Disability,60_69,0.338,Central Asia,F
DiabeticNephropathy -> Disability,70_79,0.338,Central Asia,F
DiabeticNephropathy -> Disability,80_100,0.338,Central Asia,F
DiabeticNephropathy -> Deceased,0_4,0.0,Central Asia,F
DiabeticNephropathy -> Deceased,5_9,0.0,Central Asia,F
DiabeticNephropathy -> Deceased,10_14,0.0,Central Asia,F
DiabeticNephropathy -> Deceased,15_19,0.0,Central Asia,F
DiabeticNephropathy -> Deceased,20_24,0.00018385384535509443,Central Asia,F
DiabeticNephropathy -> Deceased,25_29,0.0012869769174856612,Central Asia,F
DiabeticNephropathy -> Deceased,30_39,0.003677076907101889,Central Asia,F
DiabeticNephropathy -> Deceased,40_49,0.007354153814203778,Central Asia,F
DiabeticNephropathy -> Deceased,50_59,0.015259869164472839,Central Asia,F
DiabeticNephropathy -> Deceased,60_69,0.024084853741517375,Central Asia,F
DiabeticNephropathy -> Deceased,70_79,0.043941069039867574,Central Asia,F
DiabeticNephropathy -> Deceased,80_100,0.07777017658520495,Central Asia,F
Prevalence -> DiabeticNephropathy,0_4,0.00428,Central Asia,F
Prevalence -> DiabeticNephropathy,5_9,0.00428,Central Asia,F
Prevalence -> DiabeticNephropathy,10_14,0.00436,Central Asia,F
Prevalence -> DiabeticNephropathy,15_19,0.004560000000000001,Central Asia,F
Prevalence -> DiabeticNephropathy,20_24,0.00496,Central Asia,F
Prevalence -> DiabeticNephropathy,25_29,0.006200000000000001,Central Asia,F
Prevalence -> DiabeticNephropathy,30_39,0.011000000000000001,Central Asia,F
Prevalence -> DiabeticNephropathy,40_49,0.020680000000000004,Central Asia,F
Prevalence -> DiabeticNephropathy,50_59,0.03332,Central Asia,F
Prevalence -> DiabeticNephropathy,60_69,0.04012,Central Asia,F
Prevalence -> DiabeticNephropathy,70_79,0.04916,Central Asia,F
Prevalence -> DiabeticNephropathy,80_100,0.08984,Central Asia,F
DsFreeSus -> Disability,0_4,0.027863054368734052,Central Europe,M
DsFreeSus -> Disability,5_9,0.04170351484458662,Central Europe,M
DsFreeSus -> Disability,10_14,0.0555439753204392,Central Europe,M
DsFreeSus -> Disability,15_19,0.06938443579629178,Central Europe,M
DsFreeSus -> Disability,20_24,0.08322489627214434,Central Europe,M
DsFreeSus -> Disability,25_29,0.09706535674799692,Central Europe,M
DsFreeSus -> Disability,30_39,0.11782604746177577,Central Europe,M
DsFreeSus -> Disability,40_49,0.14550696841348093,Central Europe,M
DsFreeSus -> Disability,50_59,0.1731878893651861,Central Europe,M
DsFreeSus -> Disability,60_69,0.2008688103168912,Central Europe,M
DsFreeSus -> Disability,70_79,0.22854973126859635,Central Europe,M
DsFreeSus -> Disability,80_100,0.26315088245822776,Central Europe,M
DsFreeSus -> Diabetes,0_4,0.0,Central Europe,M
DsFreeSus -> Diabetes,5_9,0.0,Central Europe,M
DsFreeSus -> Diabetes,10_14,1e-09,Central Europe,M
DsFreeSus -> Diabetes,15_19,0.0002,Central Europe,M
DsFreeSus -> Diabetes,20_24,0.0004,Central Europe,M
DsFreeSus -> Diabetes,25_29,0.001,Central Europe,M
DsFreeSus -> Diabetes,30_39,0.0019,Central Europe,M
DsFreeSus -> Diabetes,40_49,0.0034,Central Europe,M
DsFreeSus -> Diabetes,50_59,0.0045,Central Europe,M
DsFreeSus -> Diabetes,60_69,0.0035,Central Europe,M
DsFreeSus -> Diabetes,70_79,0.0074,Central Europe,M
DsFreeSus -> Diabetes,80_100,0.0143,Central Europe,M
Diabetes -> Disability,0_4,0.031,Central Europe,M
Diabetes -> Disability,5_9,0.031,Central Europe,M
Diabetes -> Disability,10_14,0.031,Central Europe,M
Diabetes -> Disability,15_19,0.031,Central Europe,M
Diabetes -> Disability,20_24,0.031,Central Europe,M
Diabetes -> Disability,25_29,0.031,Central Europe,M
Diabetes -> Disability,30_39,0.031,Central Europe,M
Diabetes -> Disability,40_49,0.031,Central Europe,M
Diabetes -> Disability,50_59,0.031,Central Europe,M
Diabetes -> Disability,60_69,0.031,Central Europe,M
Diabetes -> Disability,70_79,0.031,Central Europe,M
Diabetes -> Disability,80_100,0.031,Central Europe,M
Diabetes -> Deceased,0_4,0.0,Central Europe,M
Diabetes -> Deceased,5_9,0.0,Central Europe,M
Diabetes -> Deceased,10_14,0.0,Central Europe,M
Diabetes -> Deceased,15_19,0.0,Central Europe,M
Diabetes -> Deceased,20_24,0.0001221620234917571,Central Europe,M
Diabetes -> Deceased,25_29,0.0004275670822211499,Central Europe,M
Diabetes -> Deceased,30_39,0.0013437822584093284,Central Europe,M
Diabetes -> Deceased,40_49,0.0036037796930068347,Central Europe,M
Diabetes -> Deceased,50_59,0.008184855573947727,Central Europe,M
Diabetes -> Deceased,60_69,0.010505934020291112,Central Europe,M
Diabetes -> Deceased,70_79,0.01575890103043667,Central Europe,M
Diabetes -> Deceased,80_100,0.02113403006407398,Central Europe,M
Diabetes -> DiabeticRetinopathy,0_4,0.0,Central Europe,M
Diabetes -> DiabeticRetinopathy,5_9,0.0,Central Europe,M
Diabetes -> DiabeticRetinopathy,10_14,0.0,Central Europe,M
Diabetes -> DiabeticRetinopathy,15_19,0.0,Central Europe,M
Diabetes -> DiabeticRetinopathy,20_24,0.0008974030255302003,Central Europe,M
Diabetes -> DiabeticRetinopathy,25_29,0.00311578018584388,Central Europe,M
Diabetes -> DiabeticRetinopathy,30_39,0.006573511244917494,Central Europe,M
Diabetes -> DiabeticRetinopathy,40_49,0.007259798330523957,Central Europe,M
Diabetes -> DiabeticRetinopathy,50_59,0.010222679621542727,Central Europe,M
Diabetes -> DiabeticRetinopathy,60_69,0.014031511014517587,Central Europe,M
Diabetes -> DiabeticRetinopathy,70_79,0.010699125328766285,Central Europe,M
Diabetes -> DiabeticRetinopathy,80_100,0.008543276839953148,Central Europe,M
Diabetes -> LowerExtrmAmpt,0_4,0.0,Central Europe,M
Diabetes -> LowerExtrmAmpt,5_9,0.0,Central Europe,M
Diabetes -> LowerExtrmAmpt,10_14,0.00011982505541908813,Central Europe,M
Diabetes -> LowerExtrmAmpt,15_19,0.0024240969638785552,Central Europe,M
Diabetes -> LowerExtrmAmpt,20_24,0.006007105966814402,Central Europe,M
Diabetes -> LowerExtrmAmpt,25_29,0.009181900901646124,Central Europe,M
Diabetes -> LowerExtrmAmpt,30_39,0.010308181914867508,Central Europe,M
Diabetes -> LowerExtrmAmpt,40_49,0.002316473711303786,Central Europe,M
Diabetes -> LowerExtrmAmpt,50_59,0.0014244117530804916,Central Europe,M
Diabetes -> LowerExtrmAmpt,60_69,0.009375322375058356,Central Europe,M
Diabetes -> LowerExtrmAmpt,70_79,0.021635574041225764,Central Europe,M
Diabetes -> LowerExtrmAmpt,80_100,0.0217129375018367,Central Europe,M
Diabetes -> DiabeticNephropathy,0_4,0.0,Central Europe,M
Diabetes -> DiabeticNephropathy,5_9,0.0,Central Europe,M
Diabetes -> DiabeticNephropathy,10_14,0.014,Central Europe,M
Diabetes -> DiabeticNephropathy,15_19,0.014,Central Europe,M
Diabetes -> DiabeticNephropathy,20_24,0.014,Central Europe,M
Diabetes -> DiabeticNephropathy,25_29,0.014,Central Europe,M
Diabetes -> DiabeticNephropathy,30_39,0.014,Central Europe,M
Diabetes -> DiabeticNephropathy,40_49,0.014,Central Europe,M
Diabetes -> DiabeticNephropathy,50_59,0.014,Central Europe,M
Diabetes -> DiabeticNephropathy,60_69,0.014,Central Europe,M
Diabetes -> DiabeticNephropathy,70_79,0.014,Central Europe,M
Diabetes -> DiabeticNephropathy,80_100,0.014,Central Europe,M
Prevalence -> Diabetes,0_4,0.0,Central Europe,M
Prevalence -> Diabetes,5_9,0.0,Central Europe,M
Prevalence -> Diabetes,10_14,0.007034900000000001,Central Europe,M
Prevalence -> Diabetes,15_19,0.0074447,Central Europe,M
Prevalence -> Diabetes,20_24,0.0083326,Central Europe,M
Prevalence -> Diabetes,25_29,0.010518200000000002,Central Europe,M
Prevalence -> Diabetes,30_39,0.0180312,Central Europe,M
Prevalence -> Diabetes,40_49,0.03415000000000001,Central Europe,M
Prevalence -> Diabetes,50_59,0.0562109,Central Europe,M
Prevalence -> Diabetes,60_69,0.072398,Central Europe,M
Prevalence -> Diabetes,70_79,0.08243810000000001,Central Europe,M
Prevalence -> Diabetes,80_100,0.1286089,Central Europe,M
DiabeticRetinopathy -> Disability,0_4,0.338,Central Europe,M
DiabeticRetinopathy -> Disability,5_9,0.338,Central Europe,M
DiabeticRetinopathy -> Disability,10_14,0.338,Central Europe,M
DiabeticRetinopathy -> Disability,15_19,0.338,Central Europe,M
DiabeticRetinopathy -> Disability,20_24,0.338,Central Europe,M
DiabeticRetinopathy -> Disability,25_29,0.338,Central Europe,M
DiabeticRetinopathy -> Disability,30_39,0.338,Central Europe,M
DiabeticRetinopathy -> Disability,40_49,0.338,Central Europe,M
DiabeticRetinopathy -> Disability,50_59,0.338,Central Europe,M
DiabeticRetinopathy -> Disability,60_69,0.338,Central Europe,M
DiabeticRetinopathy -> Disability,70_79,0.338,Central Europe,M
DiabeticRetinopathy -> Disability,80_100,0.338,Central Europe,M
DiabeticRetinopathy -> Deceased,0_4,0.0,Central Europe,M
DiabeticRetinopathy -> Deceased,5_9,0.0,Central Europe,M
DiabeticRetinopathy -> Deceased,10_14,0.0,Central Europe,M
DiabeticRetinopathy -> Deceased,15_19,0.0,Central Europe,M
DiabeticRetinopathy -> Deceased,20_24,0.0002,Central Europe,M
DiabeticRetinopathy -> Deceased,25_29,0.0011,Central Europe,M
DiabeticRetinopathy -> Deceased,30_39,0.0044,Central Europe,M
DiabeticRetinopathy -> Deceased,40_49,0.012,Central Europe,M
DiabeticRetinopathy -> Deceased,50_59,0.0272,Central Europe,M
DiabeticRetinopathy -> Deceased,60_69,0.0349,Central Europe,M
DiabeticRetinopathy -> Deceased,70_79,0.0509,Central Europe,M
DiabeticRetinopathy -> Deceased,80_100,0.0695,Central Europe,M
Prevalence -> DiabeticRetinopathy,0_4,0.0,Central Europe,M
Prevalence -> DiabeticRetinopathy,5_9,0.0,Central Europe,M
Prevalence -> DiabeticRetinopathy,10_14,0.0,Central Europe,M
Prevalence -> DiabeticRetinopathy,15_19,0.0,Central Europe,M
Prevalence -> DiabeticRetinopathy,20_24,0.0006,Central Europe,M
Prevalence -> DiabeticRetinopathy,25_29,0.0007,Central Europe,M
Prevalence -> DiabeticRetinopathy,30_39,0.0016,Central Europe,M
Prevalence -> DiabeticRetinopathy,40_49,0.0039,Central Europe,M
Prevalence -> DiabeticRetinopathy,50_59,0.0084,Central Europe,M
Prevalence -> DiabeticRetinopathy,60_69,0.0162,Central Europe,M
Prevalence -> DiabeticRetinopathy,70_79,0.0223,Central Europe,M
Prevalence -> DiabeticRetinopathy,80_100,0.023,Central Europe,M
LowerExtrmAmpt -> Disability,0_4,0.164,Central Europe,M
LowerExtrmAmpt -> Disability,5_9,0.164,Central Europe,M
LowerExtrmAmpt -> Disability,10_14,0.164,Central Europe,M
LowerExtrmAmpt -> Disability,15_19,0.164,Central Europe,M
LowerExtrmAmpt -> Disability,20_24,0.164,Central Europe,M
LowerExtrmAmpt -> Disability,25_29,0.164,Central Europe,M
LowerExtrmAmpt -> Disability,30_39,0.164,Central Europe,M
LowerExtrmAmpt -> Disability,40_49,0.164,Central Europe,M
LowerExtrmAmpt -> Disability,50_59,0.164,Central Europe,M
LowerExtrmAmpt -> Disability,60_69,0.164,Central Europe,M
LowerExtrmAmpt -> Disability,70_79,0.164,Central Europe,M
LowerExtrmAmpt -> Disability,80_100,0.164,Central Europe,M
LowerExtrmAmpt -> Deceased,0_4,0.0,Central Europe,M
LowerExtrmAmpt -> Deceased,5_9,0.0,Central Europe,M
LowerExtrmAmpt -> Deceased,10_14,0.0,Central Europe,M
LowerExtrmAmpt -> Deceased,15_19,0.0,Central Europe,M
LowerExtrmAmpt -> Deceased,20_24,0.0002,Central Europe,M
LowerExtrmAmpt -> Deceased,25_29,0.0011,Central Europe,M
LowerExtrmAmpt -> Deceased,30_39,0.0045,Central Europe,M
LowerExtrmAmpt -> Deceased,40_49,0.0114,Central Europe,M
LowerExtrmAmpt -> Deceased,50_59,0.0264,Central Europe,M
LowerExtrmAmpt -> Deceased,60_69,0.0354,Central Europe,M
LowerExtrmAmpt -> Deceased,70_79,0.0516,Central Europe,M
LowerExtrmAmpt -> Deceased,80_100,0.0703,Central Europe,M
Prevalence -> LowerExtrmAmpt,0_4,0.0,Central Europe,M
Prevalence -> LowerExtrmAmpt,5_9,0.0,Central Europe,M
Prevalence -> LowerExtrmAmpt,10_14,0.0,Central Europe,M
Prevalence -> LowerExtrmAmpt,15_19,0.0001,Central Europe,M
Prevalence -> LowerExtrmAmpt,20_24,0.0003,Central Europe,M
Prevalence -> LowerExtrmAmpt,25_29,0.0008,Central Europe,M
Prevalence -> LowerExtrmAmpt,30_39,0.0025,Central Europe,M
Prevalence -> LowerExtrmAmpt,40_49,0.0043,Central Europe,M
Prevalence -> LowerExtrmAmpt,50_59,0.0042,Central Europe,M
Prevalence -> LowerExtrmAmpt,60_69,0.0074,Central Europe,M
Prevalence -> LowerExtrmAmpt,70_79,0.0186,Central Europe,M
Prevalence -> LowerExtrmAmpt,80_100,0.038,Central Europe,M
Disability -> Disability,0_4,0.0,Central Europe,M
Disability -> Disability,5_9,0.0,Central Europe,M
Disability -> Disability,10_14,0.0,Central Europe,M
Disability -> Disability,15_19,0.0,Central Europe,M
Disability -> Disability,20_24,0.0,Central Europe,M
Disability -> Disability,25_29,0.0,Central Europe,M
Disability -> Disability,30_39,0.0,Central Europe,M
Disability -> Disability,40_49,0.0,Central Europe,M
Disability -> Disability,50_59,0.0,Central Europe,M
Disability -> Disability,60_69,0.0,Central Europe,M
Disability -> Disability,70_79,0.0,Central Europe,M
Disability -> Disability,80_100,0.0,Central Europe,M
StdGlycControl -> DiabeticRetinopathy,0_4,-75.0,Central Europe,M
StdGlycControl -> DiabeticRetinopathy,5_9,-75.0,Central Europe,M
StdGlycControl -> DiabeticRetinopathy,10_14,-75.0,Central Europe,M
StdGlycControl -> DiabeticRetinopathy,15_19,-75.0,Central Europe,M
StdGlycControl -> DiabeticRetinopathy,20_24,-75.0,Central Europe,M
StdGlycControl -> DiabeticRetinopathy,25_29,-75.0,Central Europe,M
StdGlycControl -> DiabeticRetinopathy,30_39,-75.0,Central Europe,M
StdGlycControl -> DiabeticRetinopathy,40_49,-75.0,Central Europe,M
StdGlycControl -> DiabeticRetinopathy,50_59,-75.0,Central Europe,M
StdGlycControl -> DiabeticRetinopathy,60_69,-75.0,Central Europe,M
StdGlycControl -> DiabeticRetinopathy,70_79,-75.0,Central Europe,M
StdGlycControl -> DiabeticRetinopathy,80_100,-75.0,Central Europe,M
StdGlycControl -> LowerExtrmAmpt,0_4,-28.6,Central Europe,M
StdGlycControl -> LowerExtrmAmpt,5_9,-28.6,Central Europe,M
StdGlycControl -> LowerExtrmAmpt,10_14,-28.6,Central Europe,M
StdGlycControl -> LowerExtrmAmpt,15_19,-28.6,Central Europe,M
StdGlycControl -> LowerExtrmAmpt,20_24,-28.6,Central Europe,M
StdGlycControl -> LowerExtrmAmpt,25_29,-28.6,Central Europe,M
StdGlycControl -> LowerExtrmAmpt,30_39,-28.6,Central Europe,M
StdGlycControl -> LowerExtrmAmpt,40_49,-28.6,Central Europe,M
StdGlycControl -> LowerExtrmAmpt,50_59,-28.6,Central Europe,M
StdGlycControl -> LowerExtrmAmpt,60_69,-28.6,Central Europe,M
StdGlycControl -> LowerExtrmAmpt,70_79,-28.6,Central Europe,M
StdGlycControl -> LowerExtrmAmpt,80_100,-28.6,Central Europe,M
StdGlycControl -> DiabeticNephropathy,0_4,-39.0,Central Europe,M
StdGlycControl -> DiabeticNephropathy,5_9,-39.0,Central Europe,M
StdGlycControl -> DiabeticNephropathy,10_14,-39.0,Central Europe,M
StdGlycControl -> DiabeticNephropathy,15_19,-39.0,Central Europe,M
StdGlycControl -> DiabeticNephropathy,20_24,-39.0,Central Europe,M
StdGlycControl -> DiabeticNephropathy,25_29,-39.0,Central Europe,M
StdGlycControl -> DiabeticNephropathy,30_39,-39.0,Central Europe,M
StdGlycControl -> DiabeticNephropathy,40_49,-39.0,Central Europe,M
StdGlycControl -> DiabeticNephropathy,50_59,-39.0,Central Europe,M
StdGlycControl -> DiabeticNephropathy,60_69,-39.0,Central Europe,M
StdGlycControl -> DiabeticNephropathy,70_79,-39.0,Central Europe,M
StdGlycControl -> DiabeticNephropathy,80_100,-39.0,Central Europe,M
IntsvGlycControl -> DiabeticRetinopathy,0_4,-65.0,Central Europe,M
IntsvGlycControl -> DiabeticRetinopathy,5_9,-65.0,Central Europe,M
IntsvGlycControl -> DiabeticRetinopathy,10_14,-65.0,Central Europe,M
IntsvGlycControl -> DiabeticRetinopathy,15_19,-65.0,Central Europe,M
IntsvGlycControl -> DiabeticRetinopathy,20_24,-65.0,Central Europe,M
IntsvGlycControl -> DiabeticRetinopathy,25_29,-65.0,Central Europe,M
IntsvGlycControl -> DiabeticRetinopathy,30_39,-65.0,Central Europe,M
IntsvGlycControl -> DiabeticRetinopathy,40_49,-65.0,Central Europe,M
IntsvGlycControl -> DiabeticRetinopathy,50_59,-65.0,Central Europe,M
IntsvGlycControl -> DiabeticRetinopathy,60_69,-65.0,Central Europe,M
IntsvGlycControl -> DiabeticRetinopathy,70_79,-65.0,Central Europe,M
IntsvGlycControl -> DiabeticRetinopathy,80_100,-65.0,Central Europe,M
IntsvGlycControl -> LowerExtrmAmpt,0_4,-15.1,Central Europe,M
IntsvGlycControl -> LowerExtrmAmpt,5_9,-15.1,Central Europe,M
IntsvGlycControl -> LowerExtrmAmpt,10_14,-15.1,Central Europe,M
IntsvGlycControl -> LowerExtrmAmpt,15_19,-15.1,Central Europe,M
IntsvGlycControl -> LowerExtrmAmpt,20_24,-15.1,Central Europe,M
IntsvGlycControl -> LowerExtrmAmpt,25_29,-15.1,Central Europe,M
IntsvGlycControl -> LowerExtrmAmpt,30_39,-15.1,Central Europe,M
IntsvGlycControl -> LowerExtrmAmpt,40_49,-15.1,Central Europe,M
IntsvGlycControl -> LowerExtrmAmpt,50_59,-15.1,Central Europe,M
IntsvGlycControl -> LowerExtrmAmpt,60_69,-15.1,Central Europe,M
IntsvGlycControl -> LowerExtrmAmpt,70_79,-15.1,Central Europe,M
IntsvGlycControl -> LowerExtrmAmpt,80_100,-15.1,Central Europe,M
IntsvGlycControl -> DiabeticNephropathy,0_4,-39.0,Central Europe,M
IntsvGlycControl -> DiabeticNephropathy,5_9,-39.0,Central Europe,M
IntsvGlycControl -> DiabeticNephropathy,10_14,-39.0,Central Europe,M
IntsvGlycControl -> DiabeticNephropathy,15_19,-39.0,Central Europe,M
IntsvGlycControl -> DiabeticNephropathy,20_24,-39.0,Central Europe,M
IntsvGlycControl -> DiabeticNephropathy,25_29,-39.0,Central Europe,M
IntsvGlycControl -> DiabeticNephropathy,30_39,-39.0,Central Europe,M
IntsvGlycControl -> DiabeticNephropathy,40_49,-39.0,Central Europe,M
IntsvGlycControl -> DiabeticNephropathy,50_59,-39.0,Central Europe,M
IntsvGlycControl -> DiabeticNephropathy,60_69,-39.0,Central Europe,M
IntsvGlycControl -> DiabeticNephropathy,70_79,-39.0,Central Europe,M
IntsvGlycControl -> DiabeticNephropathy,80_100,-39.0,Central Europe,M
RetinopathyScrn -> DiabeticRetinopathy,0_4,-20.0,Central Europe,M
RetinopathyScrn -> DiabeticRetinopathy,5_9,-20.0,Central Europe,M
RetinopathyScrn -> DiabeticRetinopathy,10_14,-20.0,Central Europe,M
RetinopathyScrn -> DiabeticRetinopathy,15_19,-20.0,Central Europe,M
RetinopathyScrn -> DiabeticRetinopathy,20_24,-20.0,Central Europe,M
RetinopathyScrn -> DiabeticRetinopathy,25_29,-20.0,Central Europe,M
RetinopathyScrn -> DiabeticRetinopathy,30_39,-20.0,Central Europe,M
RetinopathyScrn -> DiabeticRetinopathy,40_49,-20.0,Central Europe,M
RetinopathyScrn -> DiabeticRetinopathy,50_59,-20.0,Central Europe,M
RetinopathyScrn -> DiabeticRetinopathy,60_69,-20.0,Central Europe,M
RetinopathyScrn -> DiabeticRetinopathy,70_79,-20.0,Central Europe,M
RetinopathyScrn -> DiabeticRetinopathy,80_100,-20.0,Central Europe,M
NeuropathyScr -> LowerExtrmAmpt,0_4,-35.0,Central Europe,M
NeuropathyScr -> LowerExtrmAmpt,5_9,-35.0,Central Europe,M
NeuropathyScr -> LowerExtrmAmpt,10_14,-35.0,Central Europe,M
NeuropathyScr -> LowerExtrmAmpt,15_19,-35.0,Central Europe,M
NeuropathyScr -> LowerExtrmAmpt,20_24,-35.0,Central Europe,M
NeuropathyScr -> LowerExtrmAmpt,25_29,-35.0,Central Europe,M
NeuropathyScr -> LowerExtrmAmpt,30_39,-35.0,Central Europe,M
NeuropathyScr -> LowerExtrmAmpt,40_49,-35.0,Central Europe,M
NeuropathyScr -> LowerExtrmAmpt,50_59,-35.0,Central Europe,M
NeuropathyScr -> LowerExtrmAmpt,60_69,-35.0,Central Europe,M
NeuropathyScr -> LowerExtrmAmpt,70_79,-35.0,Central Europe,M
NeuropathyScr -> LowerExtrmAmpt,80_100,-35.0,Central Europe,M
NephropathyScr -> DiabeticNephropathy,0_4,-24.0,Central Europe,M
NephropathyScr -> DiabeticNephropathy,5_9,-24.0,Central Europe,M
NephropathyScr -> DiabeticNephropathy,10_14,-24.0,Central Europe,M
NephropathyScr -> DiabeticNephropathy,15_19,-24.0,Central Europe,M
NephropathyScr -> DiabeticNephropathy,20_24,-24.0,Central Europe,M
NephropathyScr -> DiabeticNephropathy,25_29,-24.0,Central Europe,M
NephropathyScr -> DiabeticNephropathy,30_39,-24.0,Central Europe,M
NephropathyScr -> DiabeticNephropathy,40_49,-24.0,Central Europe,M
NephropathyScr -> DiabeticNephropathy,50_59,-24.0,Central Europe,M
NephropathyScr -> DiabeticNephropathy,60_69,-24.0,Central Europe,M
NephropathyScr -> DiabeticNephropathy,70_79,-24.0,Central Europe,M
NephropathyScr -> DiabeticNephropathy,80_100,-24.0,Central Europe,M
DiabeticNephropathy -> Disability,0_4,0.338,Central Europe,M
DiabeticNephropathy -> Disability,5_9,0.338,Central Europe,M
DiabeticNephropathy -> Disability,10_14,0.338,Central Europe,M
DiabeticNephropathy -> Disability,15_19,0.338,Central Europe,M
DiabeticNephropathy -> Disability,20_24,0.338,Central Europe,M
DiabeticNephropathy -> Disability,25_29,0.338,Central Europe,M
DiabeticNephropathy -> Disability,30_39,0.338,Central Europe,M
DiabeticNephropathy -> Disability,40_49,0.338,Central Europe,M
DiabeticNephropathy -> Disability,50_59,0.338,Central Europe,M
DiabeticNephropathy -> Disability,60_69,0.338,Central Europe,M
DiabeticNephropathy -> Disability,70_79,0.338,Central Europe,M
DiabeticNephropathy -> Disability,80_100,0.338,Central Europe,M
DiabeticNephropathy -> Deceased,0_4,0.0,Central Europe,M
DiabeticNephropathy -> Deceased,5_9,0.0,Central Europe,M
DiabeticNephropathy -> Deceased,10_14,0.0,Central Europe,M
DiabeticNephropathy -> Deceased,15_19,0.0,Central Europe,M
DiabeticNephropathy -> Deceased,20_24,0.00036770769071018885,Central Europe,M
DiabeticNephropathy -> Deceased,25_29,0.0012869769174856612,Central Europe,M
DiabeticNephropathy -> Deceased,30_39,0.0040447845978120785,Central Europe,M
DiabeticNephropathy -> Deceased,40_49,0.010847376875950571,Central Europe,M
DiabeticNephropathy -> Deceased,50_59,0.024636415277582657,Central Europe,M
DiabeticNephropathy -> Deceased,60_69,0.031622861401076244,Central Europe,M
DiabeticNephropathy -> Deceased,70_79,0.04743429210161437,Central Europe,M
DiabeticNephropathy -> Deceased,80_100,0.06361343049286268,Central Europe,M
Prevalence -> DiabeticNephropathy,0_4,0.00428,Central Europe,M
Prevalence -> DiabeticNephropathy,5_9,0.00428,Central Europe,M
Prevalence -> DiabeticNephropathy,10_14,0.00436,Central Europe,M
Prevalence -> DiabeticNephropathy,15_19,0.004560000000000001,Central Europe,M
Prevalence -> DiabeticNephropathy,20_24,0.00496,Central Europe,M
Prevalence -> DiabeticNephropathy,25_29,0.006200000000000001,Central Europe,M
Prevalence -> DiabeticNephropathy,30_39,0.011000000000000001,Central Europe,M
Prevalence -> DiabeticNephropathy,40_49,0.020680000000000004,Central Europe,M
Prevalence -> DiabeticNephropathy,50_59,0.03332,Central Europe,M
Prevalence -> DiabeticNephropathy,60_69,0.04012,Central Europe,M
Prevalence -> DiabeticNephropathy,70_79,0.04916,Central Europe,M
Prevalence -> DiabeticNephropathy,80_100,0.08984,Central Europe,M
DsFreeSus -> Disability,0_4,0.025109323550478464,Central Europe,F
DsFreeSus -> Disability,5_9,0.03845895892110493,Central Europe,F
DsFreeSus -> Disability,10_14,0.05180859429173139,Central Europe,F
DsFreeSus -> Disability,15_19,0.06515822966235785,Central Europe,F
DsFreeSus -> Disability,20_24,0.0785078650329843,Central Europe,F
DsFreeSus -> Disability,25_29,0.09185750040361076,Central Europe,F
DsFreeSus -> Disability,30_39,0.11188195345955046,Central Europe,F
DsFreeSus -> Disability,40_49,0.13858122420080338,Central Europe,F
DsFreeSus -> Disability,50_59,0.1652804949420563,Central Europe,F
DsFreeSus -> Disability,60_69,0.19197976568330924,Central Europe,F
DsFreeSus -> Disability,70_79,0.21867903642456216,Central Europe,F
DsFreeSus -> Disability,80_100,0.2520531248511283,Central Europe,F
DsFreeSus -> Diabetes,0_4,0.0,Central Europe,F
DsFreeSus -> Diabetes,5_9,0.0,Central Europe,F
DsFreeSus -> Diabetes,10_14,1e-09,Central Europe,F
DsFreeSus -> Diabetes,15_19,0.0002,Central Europe,F
DsFreeSus -> Diabetes,20_24,0.0004,Central Europe,F
DsFreeSus -> Diabetes,25_29,0.0009,Central Europe,F
DsFreeSus -> Diabetes,30_39,0.0018,Central Europe,F
DsFreeSus -> Diabetes,40_49,0.003,Central Europe,F
DsFreeSus -> Diabetes,50_59,0.0036,Central Europe,F
DsFreeSus -> Diabetes,60_69,0.0022,Central Europe,F
DsFreeSus -> Diabetes,70_79,0.0064,Central Europe,F
DsFreeSus -> Diabetes,80_100,0.0149,Central Europe,F
Diabetes -> Disability,0_4,0.031,Central Europe,F
Diabetes -> Disability,5_9,0.031,Central Europe,F
Diabetes -> Disability,10_14,0.031,Central Europe,F
Diabetes -> Disability,15_19,0.031,Central Europe,F
Diabetes -> Disability,20_24,0.031,Central Europe,F
Diabetes -> Disability,25_29,0.031,Central Europe,F
Diabetes -> Disability,30_39,0.031,Central Europe,F
Diabetes -> Disability,40_49,0.031,Central Europe,F
Diabetes -> Disability,50_59,0.031,Central Europe,F
Diabetes -> Disability,60_69,0.031,Central Europe,F
Diabetes -> Disability,70_79,0.031,Central Europe,F
Diabetes -> Disability,80_100,0.031,Central Europe,F
Diabetes -> Deceased,0_4,0.0,Central Europe,F
Diabetes -> Deceased,5_9,0.0,Central Europe,F
Diabetes -> Deceased,10_14,0.0,Central Europe,F
Diabetes -> Deceased,15_19,0.0,Central Europe,F
Diabetes -> Deceased,20_24,6.108101174587856e-05,Central Europe,F
Diabetes -> Deceased,25_29,0.0001221620234917571,Central Europe,F
Diabetes -> Deceased,30_39,0.0004886480939670284,Central Europe,F
Diabetes -> Deceased,40_49,0.0014659442819010852,Central Europe,F
Diabetes -> Deceased,50_59,0.0032983746342774424,Central Europe,F
Diabetes -> Deceased,60_69,0.004764318916178527,Central Europe,F
Diabetes -> Deceased,70_79,0.009345394797119419,Central Europe,F
Diabetes -> Deceased,80_100,0.021744840181532766,Central Europe,F
Diabetes -> DiabeticRetinopathy,0_4,0.0,Central Europe,F
Diabetes -> DiabeticRetinopathy,5_9,0.0,Central Europe,F
Diabetes -> DiabeticRetinopathy,10_14,0.01731822666802763,Central Europe,F
Diabetes -> DiabeticRetinopathy,15_19,0.019278140730427332,Central Europe,F
Diabetes -> DiabeticRetinopathy,20_24,0.003200611940899392,Central Europe,F
Diabetes -> DiabeticRetinopathy,25_29,0.0024838549428713363,Central Europe,F
Diabetes -> DiabeticRetinopathy,30_39,0.00943993320674935,Central Europe,F
Diabetes -> DiabeticRetinopathy,40_49,0.01088542342108676,Central Europe,F
Diabetes -> DiabeticRetinopathy,50_59,0.01338723815107642,Central Europe,F
Diabetes -> DiabeticRetinopathy,60_69,0.018727773004600375,Central Europe,F
Diabetes -> DiabeticRetinopathy,70_79,0.012592517347549976,Central Europe,F
Diabetes -> DiabeticRetinopathy,80_100,0.015081758053935641,Central Europe,F
Diabetes -> LowerExtrmAmpt,0_4,0.0,Central Europe,F
Diabetes -> LowerExtrmAmpt,5_9,0.0,Central Europe,F
Diabetes -> LowerExtrmAmpt,10_14,0.00010207206287639073,Central Europe,F
Diabetes -> LowerExtrmAmpt,15_19,0.0017136125093713183,Central Europe,F
Diabetes -> LowerExtrmAmpt,20_24,0.0042070936833205844,Central Europe,F
Diabetes -> LowerExtrmAmpt,25_29,0.006337593520902016,Central Europe,F
Diabetes -> LowerExtrmAmpt,30_39,0.006486306934737428,Central Europe,F
Diabetes -> LowerExtrmAmpt,40_49,0.0011536549518004582,Central Europe,F
Diabetes -> LowerExtrmAmpt,50_59,0.0005819270097264943,Central Europe,F
Diabetes -> LowerExtrmAmpt,60_69,0.005078902435045514,Central Europe,F
Diabetes -> LowerExtrmAmpt,70_79,0.012895508376913835,Central Europe,F
Diabetes -> LowerExtrmAmpt,80_100,0.014847045937373992,Central Europe,F
Diabetes -> DiabeticNephropathy,0_4,0.0,Central Europe,F
Diabetes -> DiabeticNephropathy,5_9,0.0,Central Europe,F
Diabetes -> DiabeticNephropathy,10_14,0.014,Central Europe,F
Diabetes -> DiabeticNephropathy,15_19,0.014,Central Europe,F
Diabetes -> DiabeticNephropathy,20_24,0.014,Central Europe,F
Diabetes -> DiabeticNephropathy,25_29,0.014,Central Europe,F
Diabetes -> DiabeticNephropathy,30_39,0.014,Central Europe,F
Diabetes -> DiabeticNephropathy,40_49,0.014,Central Europe,F
Diabetes -> DiabeticNephropathy,50_59,0.014,Central Europe,F
Diabetes -> DiabeticNephropathy,60_69,0.014,Central Europe,F
Diabetes -> DiabeticNephropathy,70_79,0.014,Central Europe,F
Diabetes -> DiabeticNephropathy,80_100,0.014,Central Europe,F
Prevalence -> Diabetes,0_4,0.006215300000000001,Central Europe,F
Prevalence -> Diabetes,5_9,0.0063519,Central Europe,F
Prevalence -> Diabetes,10_14,0.0065568,Central Europe,F
Prevalence -> Diabetes,15_19,0.006966600000000001,Central Europe,F
Prevalence -> Diabetes,20_24,0.0079228,Central Europe,F
Prevalence -> Diabetes,25_29,0.0100401,Central Europe,F
Prevalence -> Diabetes,30_39,0.0169384,Central Europe,F
Prevalence -> Diabetes,40_49,0.032101000000000005,Central Europe,F
Prevalence -> Diabetes,50_59,0.052727600000000006,Central Europe,F
Prevalence -> Diabetes,60_69,0.06748040000000001,Central Europe,F
Prevalence -> Diabetes,70_79,0.0769741,Central Europe,F
Prevalence -> Diabetes,80_100,0.1293602,Central Europe,F
DiabeticRetinopathy -> Disability,0_4,0.338,Central Europe,F
DiabeticRetinopathy -> Disability,5_9,0.338,Central Europe,F
DiabeticRetinopathy -> Disability,10_14,0.338,Central Europe,F
DiabeticRetinopathy -> Disability,15_19,0.338,Central Europe,F
DiabeticRetinopathy -> Disability,20_24,0.338,Central Europe,F
DiabeticRetinopathy -> Disability,25_29,0.338,Central Europe,F
DiabeticRetinopathy -> Disability,30_39,0.338,Central Europe,F
DiabeticRetinopathy -> Disability,40_49,0.338,Central Europe,F
DiabeticRetinopathy -> Disability,50_59,0.338,Central Europe,F
DiabeticRetinopathy -> Disability,60_69,0.338,Central Europe,F
DiabeticRetinopathy -> Disability,70_79,0.338,Central Europe,F
DiabeticRetinopathy -> Disability,80_100,0.338,Central Europe,F
DiabeticRetinopathy -> Deceased,0_4,0.0,Central Europe,F
DiabeticRetinopathy -> Deceased,5_9,0.0,Central Europe,F
DiabeticRetinopathy -> Deceased,10_14,0.0,Central Europe,F
DiabeticRetinopathy -> Deceased,15_19,0.0,Central Europe,F
DiabeticRetinopathy -> Deceased,20_24,0.0001,Central Europe,F
DiabeticRetinopathy -> Deceased,25_29,0.0003,Central Europe,F
DiabeticRetinopathy -> Deceased,30_39,0.0017,Central Europe,F
DiabeticRetinopathy -> Deceased,40_49,0.0049,Central Europe,F
DiabeticRetinopathy -> Deceased,50_59,0.011,Central Europe,F
DiabeticRetinopathy -> Deceased,60_69,0.0159,Central Europe,F
DiabeticRetinopathy -> Deceased,70_79,0.0303,Central Europe,F
DiabeticRetinopathy -> Deceased,80_100,0.0704,Central Europe,F
Prevalence -> DiabeticRetinopathy,0_4,0.0,Central Europe,F
Prevalence -> DiabeticRetinopathy,5_9,0.0,Central Europe,F
Prevalence -> DiabeticRetinopathy,10_14,0.0006,Central Europe,F
Prevalence -> DiabeticRetinopathy,15_19,0.0016,Central Europe,F
Prevalence -> DiabeticRetinopathy,20_24,0.0022,Central Europe,F
Prevalence -> DiabeticRetinopathy,25_29,0.0023,Central Europe,F
Prevalence -> DiabeticRetinopathy,30_39,0.0033,Central Europe,F
Prevalence -> DiabeticRetinopathy,40_49,0.0069,Central Europe,F
Prevalence -> DiabeticRetinopathy,50_59,0.0134,Central Europe,F
Prevalence -> DiabeticRetinopathy,60_69,0.0254,Central Europe,F
Prevalence -> DiabeticRetinopathy,70_79,0.0351,Central Europe,F
Prevalence -> DiabeticRetinopathy,80_100,0.0383,Central Europe,F
LowerExtrmAmpt -> Disability,0_4,0.164,Central Europe,F
LowerExtrmAmpt -> Disability,5_9,0.164,Central Europe,F
LowerExtrmAmpt -> Disability,10_14,0.164,Central Europe,F
LowerExtrmAmpt -> Disability,15_19,0.164,Central Europe,F
LowerExtrmAmpt -> Disability,20_24,0.164,Central Europe,F
LowerExtrmAmpt -> Disability,25_29,0.164,Central Europe,F
LowerExtrmAmpt -> Disability,30_39,0.164,Central Europe,F
LowerExtrmAmpt -> Disability,40_49,0.164,Central Europe,F
LowerExtrmAmpt -> Disability,50_59,0.164,Central Europe,F
LowerExtrmAmpt -> Disability,60_69,0.164,Central Europe,F
LowerExtrmAmpt -> Disability,70_79,0.164,Central Europe,F
LowerExtrmAmpt -> Disability,80_100,0.164,Central Europe,F
LowerExtrmAmpt -> Deceased,0_4,0.0,Central Europe,F
LowerExtrmAmpt -> Deceased,5_9,0.0,Central Europe,F
LowerExtrmAmpt -> Deceased,10_14,0.0,Central Europe,F
LowerExtrmAmpt -> Deceased,15_19,0.0,Central Europe,F
LowerExtrmAmpt -> Deceased,20_24,0.0001,Central Europe,F
LowerExtrmAmpt -> Deceased,25_29,0.0004,Central Europe,F
LowerExtrmAmpt -> Deceased,30_39,0.0017,Central Europe,F
LowerExtrmAmpt -> Deceased,40_49,0.0047,Central Europe,F
LowerExtrmAmpt -> Deceased,50_59,0.0108,Central Europe,F
LowerExtrmAmpt -> Deceased,60_69,0.0162,Central Europe,F
LowerExtrmAmpt -> Deceased,70_79,0.0313,Central Europe,F
LowerExtrmAmpt -> Deceased,80_100,0.0729,Central Europe,F
Prevalence -> LowerExtrmAmpt,0_4,0.0,Central Europe,F
Prevalence -> LowerExtrmAmpt,5_9,0.0,Central Europe,F
Prevalence -> LowerExtrmAmpt,10_14,0.0,Central Europe,F
Prevalence -> LowerExtrmAmpt,15_19,0.0,Central Europe,F
Prevalence -> LowerExtrmAmpt,20_24,0.0002,Central Europe,F
Prevalence -> LowerExtrmAmpt,25_29,0.0005,Central Europe,F
Prevalence -> LowerExtrmAmpt,30_39,0.0016,Central Europe,F
Prevalence -> LowerExtrmAmpt,40_49,0.0027,Central Europe,F
Prevalence -> LowerExtrmAmpt,50_59,0.0028,Central Europe,F
Prevalence -> LowerExtrmAmpt,60_69,0.0046,Central Europe,F
Prevalence -> LowerExtrmAmpt,70_79,0.0116,Central Europe,F
Prevalence -> LowerExtrmAmpt,80_100,0.0251,Central Europe,F
Disability -> Disability,0_4,0.0,Central Europe,F
Disability -> Disability,5_9,0.0,Central Europe,F
Disability -> Disability,10_14,0.0,Central Europe,F
Disability -> Disability,15_19,0.0,Central Europe,F
Disability -> Disability,20_24,0.0,Central Europe,F
Disability -> Disability,25_29,0.0,Central Europe,F
Disability -> Disability,30_39,0.0,Central Europe,F
Disability -> Disability,40_49,0.0,Central Europe,F
Disability -> Disability,50_59,0.0,Central Europe,F
Disability -> Disability,60_69,0.0,Central Europe,F
Disability -> Disability,70_79,0.0,Central Europe,F
Disability -> Disability,80_100,0.0,Central Europe,F
StdGlycControl -> DiabeticRetinopathy,0_4,-75.0,Central Europe,F
StdGlycControl -> DiabeticRetinopathy,5_9,-75.0,Central Europe,F
StdGlycControl -> DiabeticRetinopathy,10_14,-75.0,Central Europe,F
StdGlycControl -> DiabeticRetinopathy,15_19,-75.0,Central Europe,F
StdGlycControl -> DiabeticRetinopathy,20_24,-75.0,Central Europe,F
StdGlycControl -> DiabeticRetinopathy,25_29,-75.0,Central Europe,F
StdGlycControl -> DiabeticRetinopathy,30_39,-75.0,Central Europe,F
StdGlycControl -> DiabeticRetinopathy,40_49,-75.0,Central Europe,F
StdGlycControl -> DiabeticRetinopathy,50_59,-75.0,Central Europe,F
StdGlycControl -> DiabeticRetinopathy,60_69,-75.0,Central Europe,F
StdGlycControl -> DiabeticRetinopathy,70_79,-75.0,Central Europe,F
StdGlycControl -> DiabeticRetinopathy,80_100,-75.0,Central Europe,F
StdGlycControl -> LowerExtrmAmpt,0_4,-28.6,Central Europe,F
StdGlycControl -> LowerExtrmAmpt,5_9,-28.6,Central Europe,F
StdGlycControl -> LowerExtrmAmpt,10_14,-28.6,Central Europe,F
StdGlycControl -> LowerExtrmAmpt,15_19,-28.6,Central Europe,F
StdGlycControl -> LowerExtrmAmpt,20_24,-28.6,Central Europe,F
StdGlycControl -> LowerExtrmAmpt,25_29,-28.6,Central Europe,F
StdGlycControl -> LowerExtrmAmpt,30_39,-28.6,Central Europe,F
StdGlycControl -> LowerExtrmAmpt,40_49,-28.6,Central Europe,F
StdGlycControl -> LowerExtrmAmpt,50_59,-28.6,Central Europe,F
StdGlycControl -> LowerExtrmAmpt,60_69,-28.6,Central Europe,F
StdGlycControl -> LowerExtrmAmpt,70_79,-28.6,Central Europe,F
StdGlycControl -> LowerExtrmAmpt,80_100,-28.6,Central Europe,F
StdGlycControl -> DiabeticNephropathy,0_4,-39.0,Central Europe,F
StdGlycControl -> DiabeticNephropathy,5_9,-39.0,Central Europe,F
StdGlycControl -> DiabeticNephropathy,10_14,-39.0,Central Europe,F
StdGlycControl -> DiabeticNephropathy,15_19,-39.0,Central Europe,F
StdGlycControl -> DiabeticNephropathy,20_24,-39.0,Central Europe,F
StdGlycControl -> DiabeticNephropathy,25_29,-39.0,Central Europe,F
StdGlycControl -> DiabeticNephropathy,30_39,-39.0,Central Europe,F
StdGlycControl -> DiabeticNephropathy,40_49,-39.0,Central Europe,F
StdGlycControl -> DiabeticNephropathy,50_59,-39.0,Central Europe,F
StdGlycControl -> DiabeticNephropathy,60_69,-39.0,Central Europe,F
StdGlycControl -> DiabeticNephropathy,70_79,-39.0,Central Europe,F
StdGlycControl -> DiabeticNephropathy,80_100,-39.0,Central Europe,F
IntsvGlycControl -> DiabeticRetinopathy,0_4,-65.0,Central Europe,F
IntsvGlycControl -> DiabeticRetinopathy,5_9,-65.0,Central Europe,F
IntsvGlycControl -> DiabeticRetinopathy,10_14,-65.0,Central Europe,F
IntsvGlycControl -> DiabeticRetinopathy,15_19,-65.0,Central Europe,F
IntsvGlycControl -> DiabeticRetinopathy,20_24,-65.0,Central Europe,F
IntsvGlycControl -> DiabeticRetinopathy,25_29,-65.0,Central Europe,F
IntsvGlycControl -> DiabeticRetinopathy,30_39,-65.0,Central Europe,F
IntsvGlycControl -> DiabeticRetinopathy,40_49,-65.0,Central Europe,F
IntsvGlycControl -> DiabeticRetinopathy,50_59,-65.0,Central Europe,F
IntsvGlycControl -> DiabeticRetinopathy,60_69,-65.0,Central Europe,F
IntsvGlycControl -> DiabeticRetinopathy,70_79,-65.0,Central Europe,F
IntsvGlycControl -> DiabeticRetinopathy,80_100,-65.0,Central Europe,F
IntsvGlycControl -> LowerExtrmAmpt,0_4,-15.1,Central Europe,F
IntsvGlycControl -> LowerExtrmAmpt,5_9,-15.1,Central Europe,F
IntsvGlycControl -> LowerExtrmAmpt,10_14,-15.1,Central Europe,F
IntsvGlycControl -> LowerExtrmAmpt,15_19,-15.1,Central Europe,F
IntsvGlycControl -> LowerExtrmAmpt,20_24,-15.1,Central Europe,F
IntsvGlycControl -> LowerExtrmAmpt,25_29,-15.1,Central Europe,F
IntsvGlycControl -> LowerExtrmAmpt,30_39,-15.1,Central Europe,F
IntsvGlycControl -> LowerExtrmAmpt,40_49,-15.1,Central Europe,F
IntsvGlycControl -> LowerExtrmAmpt,50_59,-15.1,Central Europe,F
IntsvGlycControl -> LowerExtrmAmpt,60_69,-15.1,Central Europe,F
IntsvGlycControl -> LowerExtrmAmpt,70_79,-15.1,Central Europe,F
IntsvGlycControl -> LowerExtrmAmpt,80_100,-15.1,Central Europe,F
IntsvGlycControl -> DiabeticNephropathy,0_4,-39.0,Central Europe,F
IntsvGlycControl -> DiabeticNephropathy,5_9,-39.0,Central Europe,F
IntsvGlycControl -> DiabeticNephropathy,10_14,-39.0,Central Europe,F
IntsvGlycControl -> DiabeticNephropathy,15_19,-39.0,Central Europe,F
IntsvGlycControl -> DiabeticNephropathy,20_24,-39.0,Central Europe,F
IntsvGlycControl -> DiabeticNephropathy,25_29,-39.0,Central Europe,F
IntsvGlycControl -> DiabeticNephropathy,30_39,-39.0,Central Europe,F
IntsvGlycControl -> DiabeticNephropathy,40_49,-39.0,Central Europe,F
IntsvGlycControl -> DiabeticNephropathy,50_59,-39.0,Central Europe,F
IntsvGlycControl -> DiabeticNephropathy,60_69,-39.0,Central Europe,F
IntsvGlycControl -> DiabeticNephropathy,70_79,-39.0,Central Europe,F
IntsvGlycControl -> DiabeticNephropathy,80_100,-39.0,Central Europe,F
RetinopathyScrn -> DiabeticRetinopathy,0_4,-20.0,Central Europe,F
RetinopathyScrn -> DiabeticRetinopathy,5_9,-20.0,Central Europe,F
RetinopathyScrn -> DiabeticRetinopathy,10_14,-20.0,Central Europe,F
RetinopathyScrn -> DiabeticRetinopathy,15_19,-20.0,Central Europe,F
RetinopathyScrn -> DiabeticRetinopathy,20_24,-20.0,Central Europe,F
RetinopathyScrn -> DiabeticRetinopathy,25_29,-20.0,Central Europe,F
RetinopathyScrn -> DiabeticRetinopathy,30_39,-20.0,Central Europe,F
RetinopathyScrn -> DiabeticRetinopathy,40_49,-20.0,Central Europe,F
RetinopathyScrn -> DiabeticRetinopathy,50_59,-20.0,Central Europe,F
RetinopathyScrn -> DiabeticRetinopathy,60_69,-20.0,Central Europe,F
RetinopathyScrn -> DiabeticRetinopathy,70_79,-20.0,Central Europe,F
RetinopathyScrn -> DiabeticRetinopathy,80_100,-20.0,Central Europe,F
NeuropathyScr -> LowerExtrmAmpt,0_4,-35.0,Central Europe,F
NeuropathyScr -> LowerExtrmAmpt,5_9,-35.0,Central Europe,F
NeuropathyScr -> LowerExtrmAmpt,10_14,-35.0,Central Europe,F
NeuropathyScr -> LowerExtrmAmpt,15_19,-35.0,Central Europe,F
NeuropathyScr -> LowerExtrmAmpt,20_24,-35.0,Central Europe,F
NeuropathyScr -> LowerExtrmAmpt,25_29,-35.0,Central Europe,F
NeuropathyScr -> LowerExtrmAmpt,30_39,-35.0,Central Europe,F
NeuropathyScr -> LowerExtrmAmpt,40_49,-35.0,Central Europe,F
NeuropathyScr -> LowerExtrmAmpt,50_59,-35.0,Central Europe,F
NeuropathyScr -> LowerExtrmAmpt,60_69,-35.0,Central Europe,F
NeuropathyScr -> LowerExtrmAmpt,70_79,-35.0,Central Europe,F
NeuropathyScr -> LowerExtrmAmpt,80_100,-35.0,Central Europe,F
NephropathyScr -> DiabeticNephropathy,0_4,-24.0,Central Europe,F
NephropathyScr -> DiabeticNephropathy,5_9,-24.0,Central Europe,F
NephropathyScr -> DiabeticNephropathy,10_14,-24.0,Central Europe,F
NephropathyScr -> DiabeticNephropathy,15_19,-24.0,Central Europe,F
NephropathyScr -> DiabeticNephropathy,20_24,-24.0,Central Europe,F
NephropathyScr -> DiabeticNephropathy,25_29,-24.0,Central Europe,F
NephropathyScr -> DiabeticNephropathy,30_39,-24.0,Central Europe,F
NephropathyScr -> DiabeticNephropathy,40_49,-24.0,Central Europe,F
NephropathyScr -> DiabeticNephropathy,50_59,-24.0,Central Europe,F
NephropathyScr -> DiabeticNephropathy,60_69,-24.0,Central Europe,F
NephropathyScr -> DiabeticNephropathy,70_79,-24.0,Central Europe,F
NephropathyScr -> DiabeticNephropathy,80_100,-24.0,Central Europe,F
DiabeticNephropathy -> Disability,0_4,0.338,Central Europe,F
DiabeticNephropathy -> Disability,5_9,0.338,Central Europe,F
DiabeticNephropathy -> Disability,10_14,0.338,Central Europe,F
DiabeticNephropathy -> Disability,15_19,0.338,Central Europe,F
DiabeticNephropathy -> Disability,20_24,0.338,Central Europe,F
DiabeticNephropathy -> Disability,25_29,0.338,Central Europe,F
DiabeticNephropathy -> Disability,30_39,0.338,Central Europe,F
DiabeticNephropathy -> Disability,40_49,0.338,Central Europe,F
DiabeticNephropathy -> Disability,50_59,0.338,Central Europe,F
DiabeticNephropathy -> Disability,60_69,0.338,Central Europe,F
DiabeticNephropathy -> Disability,70_79,0.338,Central Europe,F
DiabeticNephropathy -> Disability,80_100,0.338,Central Europe,F
DiabeticNephropathy -> Deceased,0_4,0.0,Central Europe,F
DiabeticNephropathy -> Deceased,5_9,0.0,Central Europe,F
DiabeticNephropathy -> Deceased,10_14,0.0,Central Europe,F
DiabeticNephropathy -> Deceased,15_19,0.0,Central Europe,F
DiabeticNephropathy -> Deceased,20_24,0.00018385384535509443,Central Europe,F
DiabeticNephropathy -> Deceased,25_29,0.00036770769071018885,Central Europe,F
DiabeticNephropathy -> Deceased,30_39,0.0014708307628407554,Central Europe,F
DiabeticNephropathy -> Deceased,40_49,0.0044124922885222665,Central Europe,F
DiabeticNephropathy -> Deceased,50_59,0.009928107649175101,Central Europe,F
DiabeticNephropathy -> Deceased,60_69,0.014340599937697365,Central Europe,F
DiabeticNephropathy -> Deceased,70_79,0.02812963833932945,Central Europe,F
DiabeticNephropathy -> Deceased,80_100,0.06545196894641363,Central Europe,F
Prevalence -> DiabeticNephropathy,0_4,0.00428,Central Europe,F
Prevalence -> DiabeticNephropathy,5_9,0.00428,Central Europe,F
Prevalence -> DiabeticNephropathy,10_14,0.00436,Central Europe,F
Prevalence -> DiabeticNephropathy,15_19,0.004560000000000001,Central Europe,F
Prevalence -> DiabeticNephropathy,20_24,0.00496,Central Europe,F
Prevalence -> DiabeticNephropathy,25_29,0.006200000000000001,Central Europe,F
Prevalence -> DiabeticNephropathy,30_39,0.011000000000000001,Central Europe,F
Prevalence -> DiabeticNephropathy,40_49,0.020680000000000004,Central Europe,F
Prevalence -> DiabeticNephropathy,50_59,0.03332,Central Europe,F
Prevalence -> DiabeticNephropathy,60_69,0.04012,Central Europe,F
Prevalence -> DiabeticNephropathy,70_79,0.04916,Central Europe,F
Prevalence -> DiabeticNephropathy,80_100,0.08984,Central Europe,F
DsFreeSus -> Disability,0_4,0.02970916633991215,Central Latin America,M
DsFreeSus -> Disability,5_9,0.04210113063801236,Central Latin America,M
DsFreeSus -> Disability,10_14,0.05449309493611257,Central Latin America,M
DsFreeSus -> Disability,15_19,0.06688505923421278,Central Latin America,M
DsFreeSus -> Disability,20_24,0.079277023532313,Central Latin America,M
DsFreeSus -> Disability,25_29,0.0916689878304132,Central Latin America,M
DsFreeSus -> Disability,30_39,0.11025693427756353,Central Latin America,M
DsFreeSus -> Disability,40_49,0.13504086287376393,Central Latin America,M
DsFreeSus -> Disability,50_59,0.15982479146996437,Central Latin America,M
DsFreeSus -> Disability,60_69,0.1846087200661648,Central Latin America,M
DsFreeSus -> Disability,70_79,0.20939264866236523,Central Latin America,M
DsFreeSus -> Disability,80_100,0.24037255940761576,Central Latin America,M
DsFreeSus -> Diabetes,0_4,0.0,Central Latin America,M
DsFreeSus -> Diabetes,5_9,0.0,Central Latin America,M
DsFreeSus -> Diabetes,10_14,1e-09,Central Latin America,M
DsFreeSus -> Diabetes,15_19,0.0001,Central Latin America,M
DsFreeSus -> Diabetes,20_24,0.0004,Central Latin America,M
DsFreeSus -> Diabetes,25_29,0.0011,Central Latin America,M
DsFreeSus -> Diabetes,30_39,0.0026,Central Latin America,M
DsFreeSus -> Diabetes,40_49,0.004,Central Latin America,M
DsFreeSus -> Diabetes,50_59,0.0038,Central Latin America,M
DsFreeSus -> Diabetes,60_69,0.0027,Central Latin America,M
DsFreeSus -> Diabetes,70_79,0.0079,Central Latin America,M
DsFreeSus -> Diabetes,80_100,0.016,Central Latin America,M
Diabetes -> Disability,0_4,0.031,Central Latin America,M
Diabetes -> Disability,5_9,0.031,Central Latin America,M
Diabetes -> Disability,10_14,0.031,Central Latin America,M
Diabetes -> Disability,15_19,0.031,Central Latin America,M
Diabetes -> Disability,20_24,0.031,Central Latin America,M
Diabetes -> Disability,25_29,0.031,Central Latin America,M
Diabetes -> Disability,30_39,0.031,Central Latin America,M
Diabetes -> Disability,40_49,0.031,Central Latin America,M
Diabetes -> Disability,50_59,0.031,Central Latin America,M
Diabetes -> Disability,60_69,0.031,Central Latin America,M
Diabetes -> Disability,70_79,0.031,Central Latin America,M
Diabetes -> Disability,80_100,0.031,Central Latin America,M
Diabetes -> Deceased,0_4,0.0,Central Latin America,M
Diabetes -> Deceased,5_9,0.0,Central Latin America,M
Diabetes -> Deceased,10_14,0.0,Central Latin America,M
Diabetes -> Deceased,15_19,0.0,Central Latin America,M
Diabetes -> Deceased,20_24,0.0003054050587293928,Central Latin America,M
Diabetes -> Deceased,25_29,0.0012216202349175712,Central Latin America,M
Diabetes -> Deceased,30_39,0.002626483505072778,Central Latin America,M
Diabetes -> Deceased,40_49,0.0034205366577691994,Central Latin America,M
Diabetes -> Deceased,50_59,0.00549729105712907,Central Latin America,M
Diabetes -> Deceased,60_69,0.007268640397759549,Central Latin America,M
Diabetes -> Deceased,70_79,0.011727554255208682,Central Latin America,M
Diabetes -> Deceased,80_100,0.020156733876139924,Central Latin America,M
Diabetes -> DiabeticRetinopathy,0_4,0.0,Central Latin America,M
Diabetes -> DiabeticRetinopathy,5_9,0.0,Central Latin America,M
Diabetes -> DiabeticRetinopathy,10_14,0.0,Central Latin America,M
Diabetes -> DiabeticRetinopathy,15_19,0.0,Central Latin America,M
Diabetes -> DiabeticRetinopathy,20_24,0.0019186725516069831,Central Latin America,M
Diabetes -> DiabeticRetinopathy,25_29,0.0008576842525182008,Central Latin America,M
Diabetes -> DiabeticRetinopathy,30_39,0.003666223398780533,Central Latin America,M
Diabetes -> DiabeticRetinopathy,40_49,0.0039391579399764304,Central Latin America,M
Diabetes -> DiabeticRetinopathy,50_59,0.004679973320817174,Central Latin America,M
Diabetes -> DiabeticRetinopathy,60_69,0.008371182541155542,Central Latin America,M
Diabetes -> DiabeticRetinopathy,70_79,0.006918079811018308,Central Latin America,M
Diabetes -> DiabeticRetinopathy,80_100,0.0059392542101042506,Central Latin America,M
Diabetes -> LowerExtrmAmpt,0_4,0.0,Central Latin America,M
Diabetes -> LowerExtrmAmpt,5_9,0.0,Central Latin America,M
Diabetes -> LowerExtrmAmpt,10_14,8.206995344395369e-05,Central Latin America,M
Diabetes -> LowerExtrmAmpt,15_19,0.0015435567744159211,Central Latin America,M
Diabetes -> LowerExtrmAmpt,20_24,0.004754971106156436,Central Latin America,M
Diabetes -> LowerExtrmAmpt,25_29,0.00908214487550281,Central Latin America,M
Diabetes -> LowerExtrmAmpt,30_39,0.009323035245972507,Central Latin America,M
Diabetes -> LowerExtrmAmpt,40_49,0.001782065197306919,Central Latin America,M
Diabetes -> LowerExtrmAmpt,50_59,0.0007546750327314048,Central Latin America,M
Diabetes -> LowerExtrmAmpt,60_69,0.008309900092098766,Central Latin America,M
Diabetes -> LowerExtrmAmpt,70_79,0.018261054236232935,Central Latin America,M
Diabetes -> LowerExtrmAmpt,80_100,0.018523623362737236,Central Latin America,M
Diabetes -> DiabeticNephropathy,0_4,0.0,Central Latin America,M
Diabetes -> DiabeticNephropathy,5_9,0.0,Central Latin America,M
Diabetes -> DiabeticNephropathy,10_14,0.014,Central Latin America,M
Diabetes -> DiabeticNephropathy,15_19,0.014,Central Latin America,M
Diabetes -> DiabeticNephropathy,20_24,0.014,Central Latin America,M
Diabetes -> DiabeticNephropathy,25_29,0.014,Central Latin America,M
Diabetes -> DiabeticNephropathy,30_39,0.014,Central Latin America,M
Diabetes -> DiabeticNephropathy,40_49,0.014,Central Latin America,M
Diabetes -> DiabeticNephropathy,50_59,0.014,Central Latin America,M
Diabetes -> DiabeticNephropathy,60_69,0.014,Central Latin America,M
Diabetes -> DiabeticNephropathy,70_79,0.014,Central Latin America,M
Diabetes -> DiabeticNephropathy,80_100,0.014,Central Latin America,M
Prevalence -> Diabetes,0_4,0.0,Central Latin America,M
Prevalence -> Diabetes,5_9,0.0,Central Latin America,M
Prevalence -> Diabetes,10_14,0.0074447,Central Latin America,M
Prevalence -> Diabetes,15_19,0.0078545,Central Latin America,M
Prevalence -> Diabetes,20_24,0.008537500000000002,Central Latin America,M
Prevalence -> Diabetes,25_29,0.010791400000000001,Central Latin America,M
Prevalence -> Diabetes,30_39,0.0200802,Central Latin America,M
Prevalence -> Diabetes,40_49,0.040023800000000005,Central Latin America,M
Prevalence -> Diabetes,50_59,0.0627677,Central Latin America,M
Prevalence -> Diabetes,60_69,0.07519830000000001,Central Latin America,M
Prevalence -> Diabetes,70_79,0.0881753,Central Latin America,M
Prevalence -> Diabetes,80_100,0.14691330000000002,Central Latin America,M
DiabeticRetinopathy -> Disability,0_4,0.338,Central Latin America,M
DiabeticRetinopathy -> Disability,5_9,0.338,Central Latin America,M
DiabeticRetinopathy -> Disability,10_14,0.338,Central Latin America,M
DiabeticRetinopathy -> Disability,15_19,0.338,Central Latin America,M
DiabeticRetinopathy -> Disability,20_24,0.338,Central Latin America,M
DiabeticRetinopathy -> Disability,25_29,0.338,Central Latin America,M
DiabeticRetinopathy -> Disability,30_39,0.338,Central Latin America,M
DiabeticRetinopathy -> Disability,40_49,0.338,Central Latin America,M
DiabeticRetinopathy -> Disability,50_59,0.338,Central Latin America,M
DiabeticRetinopathy -> Disability,60_69,0.338,Central Latin America,M
DiabeticRetinopathy -> Disability,70_79,0.338,Central Latin America,M
DiabeticRetinopathy -> Disability,80_100,0.338,Central Latin America,M
DiabeticRetinopathy -> Deceased,0_4,0.0,Central Latin America,M
DiabeticRetinopathy -> Deceased,5_9,0.0,Central Latin America,M
DiabeticRetinopathy -> Deceased,10_14,0.0,Central Latin America,M
DiabeticRetinopathy -> Deceased,15_19,0.0,Central Latin America,M
DiabeticRetinopathy -> Deceased,20_24,0.0006,Central Latin America,M
DiabeticRetinopathy -> Deceased,25_29,0.003,Central Latin America,M
DiabeticRetinopathy -> Deceased,30_39,0.0083,Central Latin America,M
DiabeticRetinopathy -> Deceased,40_49,0.0112,Central Latin America,M
DiabeticRetinopathy -> Deceased,50_59,0.0181,Central Latin America,M
DiabeticRetinopathy -> Deceased,60_69,0.0244,Central Latin America,M
DiabeticRetinopathy -> Deceased,70_79,0.0381,Central Latin America,M
DiabeticRetinopathy -> Deceased,80_100,0.0649,Central Latin America,M
Prevalence -> DiabeticRetinopathy,0_4,0.0,Central Latin America,M
Prevalence -> DiabeticRetinopathy,5_9,0.0,Central Latin America,M
Prevalence -> DiabeticRetinopathy,10_14,0.0,Central Latin America,M
Prevalence -> DiabeticRetinopathy,15_19,0.0,Central Latin America,M
Prevalence -> DiabeticRetinopathy,20_24,0.0014,Central Latin America,M
Prevalence -> DiabeticRetinopathy,25_29,0.0015,Central Latin America,M
Prevalence -> DiabeticRetinopathy,30_39,0.0018,Central Latin America,M
Prevalence -> DiabeticRetinopathy,40_49,0.0034,Central Latin America,M
Prevalence -> DiabeticRetinopathy,50_59,0.0058,Central Latin America,M
Prevalence -> DiabeticRetinopathy,60_69,0.0107,Central Latin America,M
Prevalence -> DiabeticRetinopathy,70_79,0.016,Central Latin America,M
Prevalence -> DiabeticRetinopathy,80_100,0.018,Central Latin America,M
LowerExtrmAmpt -> Disability,0_4,0.164,Central Latin America,M
LowerExtrmAmpt -> Disability,5_9,0.164,Central Latin America,M
LowerExtrmAmpt -> Disability,10_14,0.164,Central Latin America,M
LowerExtrmAmpt -> Disability,15_19,0.164,Central Latin America,M
LowerExtrmAmpt -> Disability,20_24,0.164,Central Latin America,M
LowerExtrmAmpt -> Disability,25_29,0.164,Central Latin America,M
LowerExtrmAmpt -> Disability,30_39,0.164,Central Latin America,M
LowerExtrmAmpt -> Disability,40_49,0.164,Central Latin America,M
LowerExtrmAmpt -> Disability,50_59,0.164,Central Latin America,M
LowerExtrmAmpt -> Disability,60_69,0.164,Central Latin America,M
LowerExtrmAmpt -> Disability,70_79,0.164,Central Latin America,M
LowerExtrmAmpt -> Disability,80_100,0.164,Central Latin America,M
LowerExtrmAmpt -> Deceased,0_4,0.0,Central Latin America,M
LowerExtrmAmpt -> Deceased,5_9,0.0,Central Latin America,M
LowerExtrmAmpt -> Deceased,10_14,0.0,Central Latin America,M
LowerExtrmAmpt -> Deceased,15_19,0.0,Central Latin America,M
LowerExtrmAmpt -> Deceased,20_24,0.0006,Central Latin America,M
LowerExtrmAmpt -> Deceased,25_29,0.0031,Central Latin America,M
LowerExtrmAmpt -> Deceased,30_39,0.0085,Central Latin America,M
LowerExtrmAmpt -> Deceased,40_49,0.0111,Central Latin America,M
LowerExtrmAmpt -> Deceased,50_59,0.0179,Central Latin America,M
LowerExtrmAmpt -> Deceased,60_69,0.0249,Central Latin America,M
LowerExtrmAmpt -> Deceased,70_79,0.0386,Central Latin America,M
LowerExtrmAmpt -> Deceased,80_100,0.0665,Central Latin America,M
Prevalence -> LowerExtrmAmpt,0_4,0.0,Central Latin America,M
Prevalence -> LowerExtrmAmpt,5_9,0.0,Central Latin America,M
Prevalence -> LowerExtrmAmpt,10_14,0.0,Central Latin America,M
Prevalence -> LowerExtrmAmpt,15_19,0.0,Central Latin America,M
Prevalence -> LowerExtrmAmpt,20_24,0.0002,Central Latin America,M
Prevalence -> LowerExtrmAmpt,25_29,0.0007,Central Latin America,M
Prevalence -> LowerExtrmAmpt,30_39,0.0024,Central Latin America,M
Prevalence -> LowerExtrmAmpt,40_49,0.0041,Central Latin America,M
Prevalence -> LowerExtrmAmpt,50_59,0.004,Central Latin America,M
Prevalence -> LowerExtrmAmpt,60_69,0.0071,Central Latin America,M
Prevalence -> LowerExtrmAmpt,70_79,0.0183,Central Latin America,M
Prevalence -> LowerExtrmAmpt,80_100,0.0391,Central Latin America,M
Disability -> Disability,0_4,0.0,Central Latin America,M
Disability -> Disability,5_9,0.0,Central Latin America,M
Disability -> Disability,10_14,0.0,Central Latin America,M
Disability -> Disability,15_19,0.0,Central Latin America,M
Disability -> Disability,20_24,0.0,Central Latin America,M
Disability -> Disability,25_29,0.0,Central Latin America,M
Disability -> Disability,30_39,0.0,Central Latin America,M
Disability -> Disability,40_49,0.0,Central Latin America,M
Disability -> Disability,50_59,0.0,Central Latin America,M
Disability -> Disability,60_69,0.0,Central Latin America,M
Disability -> Disability,70_79,0.0,Central Latin America,M
Disability -> Disability,80_100,0.0,Central Latin America,M
StdGlycControl -> DiabeticRetinopathy,0_4,-75.0,Central Latin America,M
StdGlycControl -> DiabeticRetinopathy,5_9,-75.0,Central Latin America,M
StdGlycControl -> DiabeticRetinopathy,10_14,-75.0,Central Latin America,M
StdGlycControl -> DiabeticRetinopathy,15_19,-75.0,Central Latin America,M
StdGlycControl -> DiabeticRetinopathy,20_24,-75.0,Central Latin America,M
StdGlycControl -> DiabeticRetinopathy,25_29,-75.0,Central Latin America,M
StdGlycControl -> DiabeticRetinopathy,30_39,-75.0,Central Latin America,M
StdGlycControl -> DiabeticRetinopathy,40_49,-75.0,Central Latin America,M
StdGlycControl -> DiabeticRetinopathy,50_59,-75.0,Central Latin America,M
StdGlycControl -> DiabeticRetinopathy,60_69,-75.0,Central Latin America,M
StdGlycControl -> DiabeticRetinopathy,70_79,-75.0,Central Latin America,M
StdGlycControl -> DiabeticRetinopathy,80_100,-75.0,Central Latin America,M
StdGlycControl -> LowerExtrmAmpt,0_4,-28.6,Central Latin America,M
StdGlycControl -> LowerExtrmAmpt,5_9,-28.6,Central Latin America,M
StdGlycControl -> LowerExtrmAmpt,10_14,-28.6,Central Latin America,M
StdGlycControl -> LowerExtrmAmpt,15_19,-28.6,Central Latin America,M
StdGlycControl -> LowerExtrmAmpt,20_24,-28.6,Central Latin America,M
StdGlycControl -> LowerExtrmAmpt,25_29,-28.6,Central Latin America,M
StdGlycControl -> LowerExtrmAmpt,30_39,-28.6,Central Latin America,M
StdGlycControl -> LowerExtrmAmpt,40_49,-28.6,Central Latin America,M
StdGlycControl -> LowerExtrmAmpt,50_59,-28.6,Central Latin America,M
StdGlycControl -> LowerExtrmAmpt,60_69,-28.6,Central Latin America,M
StdGlycControl -> LowerExtrmAmpt,70_79,-28.6,Central Latin America,M
StdGlycControl -> LowerExtrmAmpt,80_100,-28.6,Central Latin America,M
StdGlycControl -> DiabeticNephropathy,0_4,-39.0,Central Latin America,M
StdGlycControl -> DiabeticNephropathy,5_9,-39.0,Central Latin America,M
StdGlycControl -> DiabeticNephropathy,10_14,-39.0,Central Latin America,M
StdGlycControl -> DiabeticNephropathy,15_19,-39.0,Central Latin America,M
StdGlycControl -> DiabeticNephropathy,20_24,-39.0,Central Latin America,M
StdGlycControl -> DiabeticNephropathy,25_29,-39.0,Central Latin America,M
StdGlycControl -> DiabeticNephropathy,30_39,-39.0,Central Latin America,M
StdGlycControl -> DiabeticNephropathy,40_49,-39.0,Central Latin America,M
StdGlycControl -> DiabeticNephropathy,50_59,-39.0,Central Latin America,M
StdGlycControl -> DiabeticNephropathy,60_69,-39.0,Central Latin America,M
StdGlycControl -> DiabeticNephropathy,70_79,-39.0,Central Latin America,M
StdGlycControl -> DiabeticNephropathy,80_100,-39.0,Central Latin America,M
IntsvGlycControl -> DiabeticRetinopathy,0_4,-65.0,Central Latin America,M
IntsvGlycControl -> DiabeticRetinopathy,5_9,-65.0,Central Latin America,M
IntsvGlycControl -> DiabeticRetinopathy,10_14,-65.0,Central Latin America,M
IntsvGlycControl -> DiabeticRetinopathy,15_19,-65.0,Central Latin America,M
IntsvGlycControl -> DiabeticRetinopathy,20_24,-65.0,Central Latin America,M
IntsvGlycControl -> DiabeticRetinopathy,25_29,-65.0,Central Latin America,M
IntsvGlycControl -> DiabeticRetinopathy,30_39,-65.0,Central Latin America,M
IntsvGlycControl -> DiabeticRetinopathy,40_49,-65.0,Central Latin America,M
IntsvGlycControl -> DiabeticRetinopathy,50_59,-65.0,Central Latin America,M
IntsvGlycControl -> DiabeticRetinopathy,60_69,-65.0,Central Latin America,M
IntsvGlycControl -> DiabeticRetinopathy,70_79,-65.0,Central Latin America,M
IntsvGlycControl -> DiabeticRetinopathy,80_100,-65.0,Central Latin America,M
IntsvGlycControl -> LowerExtrmAmpt,0_4,-15.1,Central Latin America,M
IntsvGlycControl -> LowerExtrmAmpt,5_9,-15.1,Central Latin America,M
IntsvGlycControl -> LowerExtrmAmpt,10_14,-15.1,Central Latin America,M
IntsvGlycControl -> LowerExtrmAmpt,15_19,-15.1,Central Latin America,M
IntsvGlycControl -> LowerExtrmAmpt,20_24,-15.1,Central Latin America,M
IntsvGlycControl -> LowerExtrmAmpt,25_29,-15.1,Central Latin America,M
IntsvGlycControl -> LowerExtrmAmpt,30_39,-15.1,Central Latin America,M
IntsvGlycControl -> LowerExtrmAmpt,40_49,-15.1,Central Latin America,M
IntsvGlycControl -> LowerExtrmAmpt,50_59,-15.1,Central Latin America,M
IntsvGlycControl -> LowerExtrmAmpt,60_69,-15.1,Central Latin America,M
IntsvGlycControl -> LowerExtrmAmpt,70_79,-15.1,Central Latin America,M
IntsvGlycControl -> LowerExtrmAmpt,80_100,-15.1,Central Latin America,M
IntsvGlycControl -> DiabeticNephropathy,0_4,-39.0,Central Latin America,M
IntsvGlycControl -> DiabeticNephropathy,5_9,-39.0,Central Latin America,M
IntsvGlycControl -> DiabeticNephropathy,10_14,-39.0,Central Latin America,M
IntsvGlycControl -> DiabeticNephropathy,15_19,-39.0,Central Latin America,M
IntsvGlycControl -> DiabeticNephropathy,20_24,-39.0,Central Latin America,M
IntsvGlycControl -> DiabeticNephropathy,25_29,-39.0,Central Latin America,M
IntsvGlycControl -> DiabeticNephropathy,30_39,-39.0,Central Latin America,M
IntsvGlycControl -> DiabeticNephropathy,40_49,-39.0,Central Latin America,M
IntsvGlycControl -> DiabeticNephropathy,50_59,-39.0,Central Latin America,M
IntsvGlycControl -> DiabeticNephropathy,60_69,-39.0,Central Latin America,M
IntsvGlycControl -> DiabeticNephropathy,70_79,-39.0,Central Latin America,M
IntsvGlycControl -> DiabeticNephropathy,80_100,-39.0,Central Latin America,M
RetinopathyScrn -> DiabeticRetinopathy,0_4,-20.0,Central Latin America,M
RetinopathyScrn -> DiabeticRetinopathy,5_9,-20.0,Central Latin America,M
RetinopathyScrn -> DiabeticRetinopathy,10_14,-20.0,Central Latin America,M
RetinopathyScrn -> DiabeticRetinopathy,15_19,-20.0,Central Latin America,M
RetinopathyScrn -> DiabeticRetinopathy,20_24,-20.0,Central Latin America,M
RetinopathyScrn -> DiabeticRetinopathy,25_29,-20.0,Central Latin America,M
RetinopathyScrn -> DiabeticRetinopathy,30_39,-20.0,Central Latin America,M
RetinopathyScrn -> DiabeticRetinopathy,40_49,-20.0,Central Latin America,M
RetinopathyScrn -> DiabeticRetinopathy,50_59,-20.0,Central Latin America,M
RetinopathyScrn -> DiabeticRetinopathy,60_69,-20.0,Central Latin America,M
RetinopathyScrn -> DiabeticRetinopathy,70_79,-20.0,Central Latin America,M
RetinopathyScrn -> DiabeticRetinopathy,80_100,-20.0,Central Latin America,M
NeuropathyScr -> LowerExtrmAmpt,0_4,-35.0,Central Latin America,M
NeuropathyScr -> LowerExtrmAmpt,5_9,-35.0,Central Latin America,M
NeuropathyScr -> LowerExtrmAmpt,10_14,-35.0,Central Latin America,M
NeuropathyScr -> LowerExtrmAmpt,15_19,-35.0,Central Latin America,M
NeuropathyScr -> LowerExtrmAmpt,20_24,-35.0,Central Latin America,M
NeuropathyScr -> LowerExtrmAmpt,25_29,-35.0,Central Latin America,M
NeuropathyScr -> LowerExtrmAmpt,30_39,-35.0,Central Latin America,M
NeuropathyScr -> LowerExtrmAmpt,40_49,-35.0,Central Latin America,M
NeuropathyScr -> LowerExtrmAmpt,50_59,-35.0,Central Latin America,M
NeuropathyScr -> LowerExtrmAmpt,60_69,-35.0,Central Latin America,M
NeuropathyScr -> LowerExtrmAmpt,70_79,-35.0,Central Latin America,M
NeuropathyScr -> LowerExtrmAmpt,80_100,-35.0,Central Latin America,M
NephropathyScr -> DiabeticNephropathy,0_4,-24.0,Central Latin America,M
NephropathyScr -> DiabeticNephropathy,5_9,-24.0,Central Latin America,M
NephropathyScr -> DiabeticNephropathy,10_14,-24.0,Central Latin America,M
NephropathyScr -> DiabeticNephropathy,15_19,-24.0,Central Latin America,M
NephropathyScr -> DiabeticNephropathy,20_24,-24.0,Central Latin America,M
NephropathyScr -> DiabeticNephropathy,25_29,-24.0,Central Latin America,M
NephropathyScr -> DiabeticNephropathy,30_39,-24.0,Central Latin America,M
NephropathyScr -> DiabeticNephropathy,40_49,-24.0,Central Latin America,M
NephropathyScr -> DiabeticNephropathy,50_59,-24.0,Central Latin America,M
NephropathyScr -> DiabeticNephropathy,60_69,-24.0,Central Latin America,M
NephropathyScr -> DiabeticNephropathy,70_79,-24.0,Central Latin America,M
NephropathyScr -> DiabeticNephropathy,80_100,-24.0,Central Latin America,M
DiabeticNephropathy -> Disability,0_4,0.338,Central Latin America,M
DiabeticNephropathy -> Disability,5_9,0.338,Central Latin America,M
DiabeticNephropathy -> Disability,10_14,0.338,Central Latin America,M
DiabeticNephropathy -> Disability,15_19,0.338,Central Latin America,M
DiabeticNephropathy -> Disability,20_24,0.338,Central Latin America,M
DiabeticNephropathy -> Disability,25_29,0.338,Central Latin America,M
DiabeticNephropathy -> Disability,30_39,0.338,Central Latin America,M
DiabeticNephropathy -> Disability,40_49,0.338,Central Latin America,M
DiabeticNephropathy -> Disability,50_59,0.338,Central Latin America,M
DiabeticNephropathy -> Disability,60_69,0.338,Central Latin America,M
DiabeticNephropathy -> Disability,70_79,0.338,Central Latin America,M
DiabeticNephropathy -> Disability,80_100,0.338,Central Latin America,M
DiabeticNephropathy -> Deceased,0_4,0.0,Central Latin America,M
DiabeticNephropathy -> Deceased,5_9,0.0,Central Latin America,M
DiabeticNephropathy -> Deceased,10_14,0.0,Central Latin America,M
DiabeticNephropathy -> Deceased,15_19,0.0,Central Latin America,M
DiabeticNephropathy -> Deceased,20_24,0.0009192692267754722,Central Latin America,M
DiabeticNephropathy -> Deceased,25_29,0.003677076907101889,Central Latin America,M
DiabeticNephropathy -> Deceased,30_39,0.007905715350269061,Central Latin America,M
DiabeticNephropathy -> Deceased,40_49,0.01029581533988529,Central Latin America,M
DiabeticNephropathy -> Deceased,50_59,0.0165468460819585,Central Latin America,M
DiabeticNephropathy -> Deceased,60_69,0.021878607597256242,Central Latin America,M
DiabeticNephropathy -> Deceased,70_79,0.03529993830817813,Central Latin America,M
DiabeticNephropathy -> Deceased,80_100,0.06067176896718117,Central Latin America,M
Prevalence -> DiabeticNephropathy,0_4,0.00428,Central Latin America,M
Prevalence -> DiabeticNephropathy,5_9,0.00428,Central Latin America,M
Prevalence -> DiabeticNephropathy,10_14,0.00436,Central Latin America,M
Prevalence -> DiabeticNephropathy,15_19,0.004560000000000001,Central Latin America,M
Prevalence -> DiabeticNephropathy,20_24,0.00496,Central Latin America,M
Prevalence -> DiabeticNephropathy,25_29,0.006200000000000001,Central Latin America,M
Prevalence -> DiabeticNephropathy,30_39,0.011000000000000001,Central Latin America,M
Prevalence -> DiabeticNephropathy,40_49,0.020680000000000004,Central Latin America,M
Prevalence -> DiabeticNephropathy,50_59,0.03332,Central Latin America,M
Prevalence -> DiabeticNephropathy,60_69,0.04012,Central Latin America,M
Prevalence -> DiabeticNephropathy,70_79,0.04916,Central Latin America,M
Prevalence -> DiabeticNephropathy,80_100,0.08984,Central Latin America,M
DsFreeSus -> Disability,0_4,0.02759623506136083,Central Latin America,F
DsFreeSus -> Disability,5_9,0.040654952573532736,Central Latin America,F
DsFreeSus -> Disability,10_14,0.05371367008570465,Central Latin America,F
DsFreeSus -> Disability,15_19,0.06677238759787656,Central Latin America,F
DsFreeSus -> Disability,20_24,0.07983110511004847,Central Latin America,F
DsFreeSus -> Disability,25_29,0.09288982262222038,Central Latin America,F
DsFreeSus -> Disability,30_39,0.11247789889047824,Central Latin America,F
DsFreeSus -> Disability,40_49,0.13859533391482207,Central Latin America,F
DsFreeSus -> Disability,50_59,0.1647127689391659,Central Latin America,F
DsFreeSus -> Disability,60_69,0.1908302039635097,Central Latin America,F
DsFreeSus -> Disability,70_79,0.21694763898785352,Central Latin America,F
DsFreeSus -> Disability,80_100,0.2495944327682833,Central Latin America,F
DsFreeSus -> Diabetes,0_4,0.0,Central Latin America,F
DsFreeSus -> Diabetes,5_9,0.0,Central Latin America,F
DsFreeSus -> Diabetes,10_14,1e-09,Central Latin America,F
DsFreeSus -> Diabetes,15_19,0.0001,Central Latin America,F
DsFreeSus -> Diabetes,20_24,0.0003,Central Latin America,F
DsFreeSus -> Diabetes,25_29,0.001,Central Latin America,F
DsFreeSus -> Diabetes,30_39,0.0021,Central Latin America,F
DsFreeSus -> Diabetes,40_49,0.0034,Central Latin America,F
DsFreeSus -> Diabetes,50_59,0.0032,Central Latin America,F
DsFreeSus -> Diabetes,60_69,0.0022,Central Latin America,F
DsFreeSus -> Diabetes,70_79,0.0086,Central Latin America,F
DsFreeSus -> Diabetes,80_100,0.016,Central Latin America,F
Diabetes -> Disability,0_4,0.031,Central Latin America,F
Diabetes -> Disability,5_9,0.031,Central Latin America,F
Diabetes -> Disability,10_14,0.031,Central Latin America,F
Diabetes -> Disability,15_19,0.031,Central Latin America,F
Diabetes -> Disability,20_24,0.031,Central Latin America,F
Diabetes -> Disability,25_29,0.031,Central Latin America,F
Diabetes -> Disability,30_39,0.031,Central Latin America,F
Diabetes -> Disability,40_49,0.031,Central Latin America,F
Diabetes -> Disability,50_59,0.031,Central Latin America,F
Diabetes -> Disability,60_69,0.031,Central Latin America,F
Diabetes -> Disability,70_79,0.031,Central Latin America,F
Diabetes -> Disability,80_100,0.031,Central Latin America,F
Diabetes -> Deceased,0_4,0.0,Central Latin America,F
Diabetes -> Deceased,5_9,0.0,Central Latin America,F
Diabetes -> Deceased,10_14,0.0,Central Latin America,F
Diabetes -> Deceased,15_19,0.0,Central Latin America,F
Diabetes -> Deceased,20_24,6.108101174587856e-05,Central Latin America,F
Diabetes -> Deceased,25_29,0.0003664860704752713,Central Latin America,F
Diabetes -> Deceased,30_39,0.0009162151761881784,Central Latin America,F
Diabetes -> Deceased,40_49,0.001771349340630478,Central Latin America,F
Diabetes -> Deceased,50_59,0.003481617669515078,Central Latin America,F
Diabetes -> Deceased,60_69,0.005130804986653799,Central Latin America,F
Diabetes -> Deceased,70_79,0.008917827714898269,Central Latin America,F
Diabetes -> Deceased,80_100,0.016675116206624846,Central Latin America,F
Diabetes -> DiabeticRetinopathy,0_4,0.0,Central Latin America,F
Diabetes -> DiabeticRetinopathy,5_9,0.0,Central Latin America,F
Diabetes -> DiabeticRetinopathy,10_14,0.021847860860337548,Central Latin America,F
Diabetes -> DiabeticRetinopathy,15_19,0.024201116974629597,Central Latin America,F
Diabetes -> DiabeticRetinopathy,20_24,0.004023477821897063,Central Latin America,F
Diabetes -> DiabeticRetinopathy,25_29,0.00036110089815641577,Central Latin America,F
Diabetes -> DiabeticRetinopathy,30_39,0.002264197127937337,Central Latin America,F
Diabetes -> DiabeticRetinopathy,40_49,0.005798207802156895,Central Latin America,F
Diabetes -> DiabeticRetinopathy,50_59,0.006447824144573452,Central Latin America,F
Diabetes -> DiabeticRetinopathy,60_69,0.012287744578369751,Central Latin America,F
Diabetes -> DiabeticRetinopathy,70_79,0.01071451752218045,Central Latin America,F
Diabetes -> DiabeticRetinopathy,80_100,0.0079733894242528,Central Latin America,F
Diabetes -> LowerExtrmAmpt,0_4,0.0,Central Latin America,F
Diabetes -> LowerExtrmAmpt,5_9,0.0,Central Latin America,F
Diabetes -> LowerExtrmAmpt,10_14,7.802807450120553e-05,Central Latin America,F
Diabetes -> LowerExtrmAmpt,15_19,0.0015308398849177654,Central Latin America,F
Diabetes -> LowerExtrmAmpt,20_24,0.0034659172248551473,Central Latin America,F
Diabetes -> LowerExtrmAmpt,25_29,0.004845317506171542,Central Latin America,F
Diabetes -> LowerExtrmAmpt,30_39,0.004979193864229765,Central Latin America,F
Diabetes -> LowerExtrmAmpt,40_49,0.0007997993083691647,Central Latin America,F
Diabetes -> LowerExtrmAmpt,50_59,0.0004815752434296804,Central Latin America,F
Diabetes -> LowerExtrmAmpt,60_69,0.00491375802002683,Central Latin America,F
Diabetes -> LowerExtrmAmpt,70_79,0.011643175611241756,Central Latin America,F
Diabetes -> LowerExtrmAmpt,80_100,0.010313228652024328,Central Latin America,F
Diabetes -> DiabeticNephropathy,0_4,0.0,Central Latin America,F
Diabetes -> DiabeticNephropathy,5_9,0.0,Central Latin America,F
Diabetes -> DiabeticNephropathy,10_14,0.014,Central Latin America,F
Diabetes -> DiabeticNephropathy,15_19,0.014,Central Latin America,F
Diabetes -> DiabeticNephropathy,20_24,0.014,Central Latin America,F
Diabetes -> DiabeticNephropathy,25_29,0.014,Central Latin America,F
Diabetes -> DiabeticNephropathy,30_39,0.014,Central Latin America,F
Diabetes -> DiabeticNephropathy,40_49,0.014,Central Latin America,F
Diabetes -> DiabeticNephropathy,50_59,0.014,Central Latin America,F
Diabetes -> DiabeticNephropathy,60_69,0.014,Central Latin America,F
Diabetes -> DiabeticNephropathy,70_79,0.014,Central Latin America,F
Diabetes -> DiabeticNephropathy,80_100,0.014,Central Latin America,F
Prevalence -> Diabetes,0_4,0.0073081000000000005,Central Latin America,F
Prevalence -> Diabetes,5_9,0.0073081000000000005,Central Latin America,F
Prevalence -> Diabetes,10_14,0.0074447,Central Latin America,F
Prevalence -> Diabetes,15_19,0.007786200000000001,Central Latin America,F
Prevalence -> Diabetes,20_24,0.0084692,Central Latin America,F
Prevalence -> Diabetes,25_29,0.0105865,Central Latin America,F
Prevalence -> Diabetes,30_39,0.0187825,Central Latin America,F
Prevalence -> Diabetes,40_49,0.035311100000000005,Central Latin America,F
Prevalence -> Diabetes,50_59,0.056893900000000004,Central Latin America,F
Prevalence -> Diabetes,60_69,0.06850490000000001,Central Latin America,F
Prevalence -> Diabetes,70_79,0.08394070000000001,Central Latin America,F
Prevalence -> Diabetes,80_100,0.1534018,Central Latin America,F
DiabeticRetinopathy -> Disability,0_4,0.338,Central Latin America,F
DiabeticRetinopathy -> Disability,5_9,0.338,Central Latin America,F
DiabeticRetinopathy -> Disability,10_14,0.338,Central Latin America,F
DiabeticRetinopathy -> Disability,15_19,0.338,Central Latin America,F
DiabeticRetinopathy -> Disability,20_24,0.338,Central Latin America,F
DiabeticRetinopathy -> Disability,25_29,0.338,Central Latin America,F
DiabeticRetinopathy -> Disability,30_39,0.338,Central Latin America,F
DiabeticRetinopathy -> Disability,40_49,0.338,Central Latin America,F
DiabeticRetinopathy -> Disability,50_59,0.338,Central Latin America,F
DiabeticRetinopathy -> Disability,60_69,0.338,Central Latin America,F
DiabeticRetinopathy -> Disability,70_79,0.338,Central Latin America,F
DiabeticRetinopathy -> Disability,80_100,0.338,Central Latin America,F
DiabeticRetinopathy -> Deceased,0_4,0.0,Central Latin America,F
DiabeticRetinopathy -> Deceased,5_9,0.0,Central Latin America,F
DiabeticRetinopathy -> Deceased,10_14,0.0,Central Latin America,F
DiabeticRetinopathy -> Deceased,15_19,0.0,Central Latin America,F
DiabeticRetinopathy -> Deceased,20_24,0.0001,Central Latin America,F
DiabeticRetinopathy -> Deceased,25_29,0.0008,Central Latin America,F
DiabeticRetinopathy -> Deceased,30_39,0.0028,Central Latin America,F
DiabeticRetinopathy -> Deceased,40_49,0.0057,Central Latin America,F
DiabeticRetinopathy -> Deceased,50_59,0.0115,Central Latin America,F
DiabeticRetinopathy -> Deceased,60_69,0.0172,Central Latin America,F
DiabeticRetinopathy -> Deceased,70_79,0.0285,Central Latin America,F
DiabeticRetinopathy -> Deceased,80_100,0.0525,Central Latin America,F
Prevalence -> DiabeticRetinopathy,0_4,0.0001,Central Latin America,F
Prevalence -> DiabeticRetinopathy,5_9,0.0,Central Latin America,F
Prevalence -> DiabeticRetinopathy,10_14,0.001,Central Latin America,F
Prevalence -> DiabeticRetinopathy,15_19,0.0025,Central Latin America,F
Prevalence -> DiabeticRetinopathy,20_24,0.0032,Central Latin America,F
Prevalence -> DiabeticRetinopathy,25_29,0.0033,Central Latin America,F
Prevalence -> DiabeticRetinopathy,30_39,0.0034,Central Latin America,F
Prevalence -> DiabeticRetinopathy,40_49,0.005,Central Latin America,F
Prevalence -> DiabeticRetinopathy,50_59,0.0084,Central Latin America,F
Prevalence -> DiabeticRetinopathy,60_69,0.0154,Central Latin America,F
Prevalence -> DiabeticRetinopathy,70_79,0.0241,Central Latin America,F
Prevalence -> DiabeticRetinopathy,80_100,0.0293,Central Latin America,F
LowerExtrmAmpt -> Disability,0_4,0.164,Central Latin America,F
LowerExtrmAmpt -> Disability,5_9,0.164,Central Latin America,F
LowerExtrmAmpt -> Disability,10_14,0.164,Central Latin America,F
LowerExtrmAmpt -> Disability,15_19,0.164,Central Latin America,F
LowerExtrmAmpt -> Disability,20_24,0.164,Central Latin America,F
LowerExtrmAmpt -> Disability,25_29,0.164,Central Latin America,F
LowerExtrmAmpt -> Disability,30_39,0.164,Central Latin America,F
LowerExtrmAmpt -> Disability,40_49,0.164,Central Latin America,F
LowerExtrmAmpt -> Disability,50_59,0.164,Central Latin America,F
LowerExtrmAmpt -> Disability,60_69,0.164,Central Latin America,F
LowerExtrmAmpt -> Disability,70_79,0.164,Central Latin America,F
LowerExtrmAmpt -> Disability,80_100,0.164,Central Latin America,F
LowerExtrmAmpt -> Deceased,0_4,0.0,Central Latin America,F
LowerExtrmAmpt -> Deceased,5_9,0.0,Central Latin America,F
LowerExtrmAmpt -> Deceased,10_14,0.0,Central Latin America,F
LowerExtrmAmpt -> Deceased,15_19,0.0,Central Latin America,F
LowerExtrmAmpt -> Deceased,20_24,0.0002,Central Latin America,F
LowerExtrmAmpt -> Deceased,25_29,0.0009,Central Latin America,F
LowerExtrmAmpt -> Deceased,30_39,0.003,Central Latin America,F
LowerExtrmAmpt -> Deceased,40_49,0.0056,Central Latin America,F
LowerExtrmAmpt -> Deceased,50_59,0.0114,Central Latin America,F
LowerExtrmAmpt -> Deceased,60_69,0.0176,Central Latin America,F
LowerExtrmAmpt -> Deceased,70_79,0.0291,Central Latin America,F
LowerExtrmAmpt -> Deceased,80_100,0.0539,Central Latin America,F
Prevalence -> LowerExtrmAmpt,0_4,0.0,Central Latin America,F
Prevalence -> LowerExtrmAmpt,5_9,0.0,Central Latin America,F
Prevalence -> LowerExtrmAmpt,10_14,0.0,Central Latin America,F
Prevalence -> LowerExtrmAmpt,15_19,0.0,Central Latin America,F
Prevalence -> LowerExtrmAmpt,20_24,0.0002,Central Latin America,F
Prevalence -> LowerExtrmAmpt,25_29,0.0005,Central Latin America,F
Prevalence -> LowerExtrmAmpt,30_39,0.0014,Central Latin America,F
Prevalence -> LowerExtrmAmpt,40_49,0.0022,Central Latin America,F
Prevalence -> LowerExtrmAmpt,50_59,0.0023,Central Latin America,F
Prevalence -> LowerExtrmAmpt,60_69,0.0041,Central Latin America,F
Prevalence -> LowerExtrmAmpt,70_79,0.011,Central Latin America,F
Prevalence -> LowerExtrmAmpt,80_100,0.0253,Central Latin America,F
Disability -> Disability,0_4,0.0,Central Latin America,F
Disability -> Disability,5_9,0.0,Central Latin America,F
Disability -> Disability,10_14,0.0,Central Latin America,F
Disability -> Disability,15_19,0.0,Central Latin America,F
Disability -> Disability,20_24,0.0,Central Latin America,F
Disability -> Disability,25_29,0.0,Central Latin America,F
Disability -> Disability,30_39,0.0,Central Latin America,F
Disability -> Disability,40_49,0.0,Central Latin America,F
Disability -> Disability,50_59,0.0,Central Latin America,F
Disability -> Disability,60_69,0.0,Central Latin America,F
Disability -> Disability,70_79,0.0,Central Latin America,F
Disability -> Disability,80_100,0.0,Central Latin America,F
StdGlycControl -> DiabeticRetinopathy,0_4,-75.0,Central Latin America,F
StdGlycControl -> DiabeticRetinopathy,5_9,-75.0,Central Latin America,F
StdGlycControl -> DiabeticRetinopathy,10_14,-75.0,Central Latin America,F
StdGlycControl -> DiabeticRetinopathy,15_19,-75.0,Central Latin America,F
StdGlycControl -> DiabeticRetinopathy,20_24,-75.0,Central Latin America,F
StdGlycControl -> DiabeticRetinopathy,25_29,-75.0,Central Latin America,F
StdGlycControl -> DiabeticRetinopathy,30_39,-75.0,Central Latin America,F
StdGlycControl -> DiabeticRetinopathy,40_49,-75.0,Central Latin America,F
StdGlycControl -> DiabeticRetinopathy,50_59,-75.0,Central Latin America,F
StdGlycControl -> DiabeticRetinopathy,60_69,-75.0,Central Latin America,F
StdGlycControl -> DiabeticRetinopathy,70_79,-75.0,Central Latin America,F
StdGlycControl -> DiabeticRetinopathy,80_100,-75.0,Central Latin America,F
StdGlycControl -> LowerExtrmAmpt,0_4,-28.6,Central Latin America,F
StdGlycControl -> LowerExtrmAmpt,5_9,-28.6,Central Latin America,F
StdGlycControl -> LowerExtrmAmpt,10_14,-28.6,Central Latin America,F
StdGlycControl -> LowerExtrmAmpt,15_19,-28.6,Central Latin America,F
StdGlycControl -> LowerExtrmAmpt,20_24,-28.6,Central Latin America,F
StdGlycControl -> LowerExtrmAmpt,25_29,-28.6,Central Latin America,F
StdGlycControl -> LowerExtrmAmpt,30_39,-28.6,Central Latin America,F
StdGlycControl -> LowerExtrmAmpt,40_49,-28.6,Central Latin America,F
StdGlycControl -> LowerExtrmAmpt,50_59,-28.6,Central Latin America,F
StdGlycControl -> LowerExtrmAmpt,60_69,-28.6,Central Latin America,F
StdGlycControl -> LowerExtrmAmpt,70_79,-28.6,Central Latin America,F
StdGlycControl -> LowerExtrmAmpt,80_100,-28.6,Central Latin America,F
StdGlycControl -> DiabeticNephropathy,0_4,-39.0,Central Latin America,F
StdGlycControl -> DiabeticNephropathy,5_9,-39.0,Central Latin America,F
StdGlycControl -> DiabeticNephropathy,10_14,-39.0,Central Latin America,F
StdGlycControl -> DiabeticNephropathy,15_19,-39.0,Central Latin America,F
StdGlycControl -> DiabeticNephropathy,20_24,-39.0,Central Latin America,F
StdGlycControl -> DiabeticNephropathy,25_29,-39.0,Central Latin America,F
StdGlycControl -> DiabeticNephropathy,30_39,-39.0,Central Latin America,F
StdGlycControl -> DiabeticNephropathy,40_49,-39.0,Central Latin America,F
StdGlycControl -> DiabeticNephropathy,50_59,-39.0,Central Latin America,F
StdGlycControl -> DiabeticNephropathy,60_69,-39.0,Central Latin America,F
StdGlycControl -> DiabeticNephropathy,70_79,-39.0,Central Latin America,F
StdGlycControl -> DiabeticNephropathy,80_100,-39.0,Central Latin America,F
IntsvGlycControl -> DiabeticRetinopathy,0_4,-65.0,Central Latin America,F
IntsvGlycControl -> DiabeticRetinopathy,5_9,-65.0,Central Latin America,F
IntsvGlycControl -> DiabeticRetinopathy,10_14,-65.0,Central Latin America,F
IntsvGlycControl -> DiabeticRetinopathy,15_19,-65.0,Central Latin America,F
IntsvGlycControl -> DiabeticRetinopathy,20_24,-65.0,Central Latin America,F
IntsvGlycControl -> DiabeticRetinopathy,25_29,-65.0,Central Latin America,F
IntsvGlycControl -> DiabeticRetinopathy,30_39,-65.0,Central Latin America,F
IntsvGlycControl -> DiabeticRetinopathy,40_49,-65.0,Central Latin America,F
IntsvGlycControl -> DiabeticRetinopathy,50_59,-65.0,Central Latin America,F
IntsvGlycControl -> DiabeticRetinopathy,60_69,-65.0,Central Latin America,F
IntsvGlycControl -> DiabeticRetinopathy,70_79,-65.0,Central Latin America,F
IntsvGlycControl -> DiabeticRetinopathy,80_100,-65.0,Central Latin America,F
IntsvGlycControl -> LowerExtrmAmpt,0_4,-15.1,Central Latin America,F
IntsvGlycControl -> LowerExtrmAmpt,5_9,-15.1,Central Latin America,F
IntsvGlycControl -> LowerExtrmAmpt,10_14,-15.1,Central Latin America,F
IntsvGlycControl -> LowerExtrmAmpt,15_19,-15.1,Central Latin America,F
IntsvGlycControl -> LowerExtrmAmpt,20_24,-15.1,Central Latin America,F
IntsvGlycControl -> LowerExtrmAmpt,25_29,-15.1,Central Latin America,F
IntsvGlycControl -> LowerExtrmAmpt,30_39,-15.1,Central Latin America,F
IntsvGlycControl -> LowerExtrmAmpt,40_49,-15.1,Central Latin America,F
IntsvGlycControl -> LowerExtrmAmpt,50_59,-15.1,Central Latin America,F
IntsvGlycControl -> LowerExtrmAmpt,60_69,-15.1,Central Latin America,F
IntsvGlycControl -> LowerExtrmAmpt,70_79,-15.1,Central Latin America,F
IntsvGlycControl -> LowerExtrmAmpt,80_100,-15.1,Central Latin America,F
IntsvGlycControl -> DiabeticNephropathy,0_4,-39.0,Central Latin America,F
IntsvGlycControl -> DiabeticNephropathy,5_9,-39.0,Central Latin America,F
IntsvGlycControl -> DiabeticNephropathy,10_14,-39.0,Central Latin America,F
IntsvGlycControl -> DiabeticNephropathy,15_19,-39.0,Central Latin America,F
IntsvGlycControl -> DiabeticNephropathy,20_24,-39.0,Central Latin America,F
IntsvGlycControl -> DiabeticNephropathy,25_29,-39.0,Central Latin America,F
IntsvGlycControl -> DiabeticNephropathy,30_39,-39.0,Central Latin America,F
IntsvGlycControl -> DiabeticNephropathy,40_49,-39.0,Central Latin America,F
IntsvGlycControl -> DiabeticNephropathy,50_59,-39.0,Central Latin America,F
IntsvGlycControl -> DiabeticNephropathy,60_69,-39.0,Central Latin America,F
IntsvGlycControl -> DiabeticNephropathy,70_79,-39.0,Central Latin America,F
IntsvGlycControl -> DiabeticNephropathy,80_100,-39.0,Central Latin America,F
RetinopathyScrn -> DiabeticRetinopathy,0_4,-20.0,Central Latin America,F
RetinopathyScrn -> DiabeticRetinopathy,5_9,-20.0,Central Latin America,F
RetinopathyScrn -> DiabeticRetinopathy,10_14,-20.0,Central Latin America,F
RetinopathyScrn -> DiabeticRetinopathy,15_19,-20.0,Central Latin America,F
RetinopathyScrn -> DiabeticRetinopathy,20_24,-20.0,Central Latin America,F
RetinopathyScrn -> DiabeticRetinopathy,25_29,-20.0,Central Latin America,F
RetinopathyScrn -> DiabeticRetinopathy,30_39,-20.0,Central Latin America,F
RetinopathyScrn -> DiabeticRetinopathy,40_49,-20.0,Central Latin America,F
RetinopathyScrn -> DiabeticRetinopathy,50_59,-20.0,Central Latin America,F
RetinopathyScrn -> DiabeticRetinopathy,60_69,-20.0,Central Latin America,F
RetinopathyScrn -> DiabeticRetinopathy,70_79,-20.0,Central Latin America,F
RetinopathyScrn -> DiabeticRetinopathy,80_100,-20.0,Central Latin America,F
NeuropathyScr -> LowerExtrmAmpt,0_4,-35.0,Central Latin America,F
NeuropathyScr -> LowerExtrmAmpt,5_9,-35.0,Central Latin America,F
NeuropathyScr -> LowerExtrmAmpt,10_14,-35.0,Central Latin America,F
NeuropathyScr -> LowerExtrmAmpt,15_19,-35.0,Central Latin America,F
NeuropathyScr -> LowerExtrmAmpt,20_24,-35.0,Central Latin America,F
NeuropathyScr -> LowerExtrmAmpt,25_29,-35.0,Central Latin America,F
NeuropathyScr -> LowerExtrmAmpt,30_39,-35.0,Central Latin America,F
NeuropathyScr -> LowerExtrmAmpt,40_49,-35.0,Central Latin America,F
NeuropathyScr -> LowerExtrmAmpt,50_59,-35.0,Central Latin America,F
NeuropathyScr -> LowerExtrmAmpt,60_69,-35.0,Central Latin America,F
NeuropathyScr -> LowerExtrmAmpt,70_79,-35.0,Central Latin America,F
NeuropathyScr -> LowerExtrmAmpt,80_100,-35.0,Central Latin America,F
NephropathyScr -> DiabeticNephropathy,0_4,-24.0,Central Latin America,F
NephropathyScr -> DiabeticNephropathy,5_9,-24.0,Central Latin America,F
NephropathyScr -> DiabeticNephropathy,10_14,-24.0,Central Latin America,F
NephropathyScr -> DiabeticNephropathy,15_19,-24.0,Central Latin America,F
NephropathyScr -> DiabeticNephropathy,20_24,-24.0,Central Latin America,F
NephropathyScr -> DiabeticNephropathy,25_29,-24.0,Central Latin America,F
NephropathyScr -> DiabeticNephropathy,30_39,-24.0,Central Latin America,F
NephropathyScr -> DiabeticNephropathy,40_49,-24.0,Central Latin America,F
NephropathyScr -> DiabeticNephropathy,50_59,-24.0,Central Latin America,F
NephropathyScr -> DiabeticNephropathy,60_69,-24.0,Central Latin America,F
NephropathyScr -> DiabeticNephropathy,70_79,-24.0,Central Latin America,F
NephropathyScr -> DiabeticNephropathy,80_100,-24.0,Central Latin America,F
DiabeticNephropathy -> Disability,0_4,0.338,Central Latin America,F
DiabeticNephropathy -> Disability,5_9,0.338,Central Latin America,F
DiabeticNephropathy -> Disability,10_14,0.338,Central Latin America,F
DiabeticNephropathy -> Disability,15_19,0.338,Central Latin America,F
DiabeticNephropathy -> Disability,20_24,0.338,Central Latin America,F
DiabeticNephropathy -> Disability,25_29,0.338,Central Latin America,F
DiabeticNephropathy -> Disability,30_39,0.338,Central Latin America,F
DiabeticNephropathy -> Disability,40_49,0.338,Central Latin America,F
DiabeticNephropathy -> Disability,50_59,0.338,Central Latin America,F
DiabeticNephropathy -> Disability,60_69,0.338,Central Latin America,F
DiabeticNephropathy -> Disability,70_79,0.338,Central Latin America,F
DiabeticNephropathy -> Disability,80_100,0.338,Central Latin America,F
DiabeticNephropathy -> Deceased,0_4,0.0,Central Latin America,F
DiabeticNephropathy -> Deceased,5_9,0.0,Central Latin America,F
DiabeticNephropathy -> Deceased,10_14,0.0,Central Latin America,F
DiabeticNephropathy -> Deceased,15_19,0.0,Central Latin America,F
DiabeticNephropathy -> Deceased,20_24,0.00018385384535509443,Central Latin America,F
DiabeticNephropathy -> Deceased,25_29,0.0011031230721305666,Central Latin America,F
DiabeticNephropathy -> Deceased,30_39,0.002757807680326417,Central Latin America,F
DiabeticNephropathy -> Deceased,40_49,0.0053317615152977385,Central Latin America,F
DiabeticNephropathy -> Deceased,50_59,0.010479669185240384,Central Latin America,F
DiabeticNephropathy -> Deceased,60_69,0.015443723009827933,Central Latin America,F
DiabeticNephropathy -> Deceased,70_79,0.026842661421843786,Central Latin America,F
DiabeticNephropathy -> Deceased,80_100,0.05019209978194078,Central Latin America,F
Prevalence -> DiabeticNephropathy,0_4,0.00428,Central Latin America,F
Prevalence -> DiabeticNephropathy,5_9,0.00428,Central Latin America,F
Prevalence -> DiabeticNephropathy,10_14,0.00436,Central Latin America,F
Prevalence -> DiabeticNephropathy,15_19,0.004560000000000001,Central Latin America,F
Prevalence -> DiabeticNephropathy,20_24,0.00496,Central Latin America,F
Prevalence -> DiabeticNephropathy,25_29,0.006200000000000001,Central Latin America,F
Prevalence -> DiabeticNephropathy,30_39,0.011000000000000001,Central Latin America,F
Prevalence -> DiabeticNephropathy,40_49,0.020680000000000004,Central Latin America,F
Prevalence -> DiabeticNephropathy,50_59,0.03332,Central Latin America,F
Prevalence -> DiabeticNephropathy,60_69,0.04012,Central Latin America,F
Prevalence -> DiabeticNephropathy,70_79,0.04916,Central Latin America,F
Prevalence -> DiabeticNephropathy,80_100,0.08984,Central Latin America,F
DsFreeSus -> Disability,0_4,0.06013428357632464,Central sub-Saharan Africa,M
DsFreeSus -> Disability,5_9,0.0746564158718661,Central sub-Saharan Africa,M
DsFreeSus -> Disability,10_14,0.08917854816740757,Central sub-Saharan Africa,M
DsFreeSus -> Disability,15_19,0.10370068046294903,Central sub-Saharan Africa,M
DsFreeSus -> Disability,20_24,0.1182228127584905,Central sub-Saharan Africa,M
DsFreeSus -> Disability,25_29,0.13274494505403195,Central sub-Saharan Africa,M
DsFreeSus -> Disability,30_39,0.15452814349734417,Central sub-Saharan Africa,M
DsFreeSus -> Disability,40_49,0.18357240808842712,Central sub-Saharan Africa,M
DsFreeSus -> Disability,50_59,0.21261667267951,Central sub-Saharan Africa,M
DsFreeSus -> Disability,60_69,0.24166093727059296,Central sub-Saharan Africa,M
DsFreeSus -> Disability,70_79,0.2707052018616759,Central sub-Saharan Africa,M
DsFreeSus -> Disability,80_100,0.3070105326005296,Central sub-Saharan Africa,M
DsFreeSus -> Diabetes,0_4,0.0,Central sub-Saharan Africa,M
DsFreeSus -> Diabetes,5_9,0.0,Central sub-Saharan Africa,M
DsFreeSus -> Diabetes,10_14,1e-09,Central sub-Saharan Africa,M
DsFreeSus -> Diabetes,15_19,0.0002,Central sub-Saharan Africa,M
DsFreeSus -> Diabetes,20_24,0.0003,Central sub-Saharan Africa,M
DsFreeSus -> Diabetes,25_29,0.0008,Central sub-Saharan Africa,M
DsFreeSus -> Diabetes,30_39,0.0015,Central sub-Saharan Africa,M
DsFreeSus -> Diabetes,40_49,0.0027,Central sub-Saharan Africa,M
DsFreeSus -> Diabetes,50_59,0.0036,Central sub-Saharan Africa,M
DsFreeSus -> Diabetes,60_69,0.0026,Central sub-Saharan Africa,M
DsFreeSus -> Diabetes,70_79,0.0052,Central sub-Saharan Africa,M
DsFreeSus -> Diabetes,80_100,0.0125,Central sub-Saharan Africa,M
Diabetes -> Disability,0_4,0.031,Central sub-Saharan Africa,M
Diabetes -> Disability,5_9,0.031,Central sub-Saharan Africa,M
Diabetes -> Disability,10_14,0.031,Central sub-Saharan Africa,M
Diabetes -> Disability,15_19,0.031,Central sub-Saharan Africa,M
Diabetes -> Disability,20_24,0.031,Central sub-Saharan Africa,M
Diabetes -> Disability,25_29,0.031,Central sub-Saharan Africa,M
Diabetes -> Disability,30_39,0.031,Central sub-Saharan Africa,M
Diabetes -> Disability,40_49,0.031,Central sub-Saharan Africa,M
Diabetes -> Disability,50_59,0.031,Central sub-Saharan Africa,M
Diabetes -> Disability,60_69,0.031,Central sub-Saharan Africa,M
Diabetes -> Disability,70_79,0.031,Central sub-Saharan Africa,M
Diabetes -> Disability,80_100,0.031,Central sub-Saharan Africa,M
Diabetes -> Deceased,0_4,0.0,Central sub-Saharan Africa,M
Diabetes -> Deceased,5_9,0.0,Central sub-Saharan Africa,M
Diabetes -> Deceased,10_14,0.0,Central sub-Saharan Africa,M
Diabetes -> Deceased,15_19,0.0,Central sub-Saharan Africa,M
Diabetes -> Deceased,20_24,0.0007329721409505426,Central sub-Saharan Africa,M
Diabetes -> Deceased,25_29,0.002992969575548049,Central sub-Saharan Africa,M
Diabetes -> Deceased,30_39,0.007085397362521912,Central sub-Saharan Africa,M
Diabetes -> Deceased,40_49,0.009834042891086447,Central sub-Saharan Africa,M
Diabetes -> Deceased,50_59,0.01319349853710977,Central sub-Saharan Africa,M
Diabetes -> Deceased,60_69,0.015270252936469641,Central sub-Saharan Africa,M
Diabetes -> Deceased,70_79,0.024432404698351423,Central sub-Saharan Africa,M
Diabetes -> Deceased,80_100,0.04263454619862323,Central sub-Saharan Africa,M
Diabetes -> DiabeticRetinopathy,0_4,0.0,Central sub-Saharan Africa,M
Diabetes -> DiabeticRetinopathy,5_9,0.0,Central sub-Saharan Africa,M
Diabetes -> DiabeticRetinopathy,10_14,0.0,Central sub-Saharan Africa,M
Diabetes -> DiabeticRetinopathy,15_19,0.0,Central sub-Saharan Africa,M
Diabetes -> DiabeticRetinopathy,20_24,0.0003823047515019115,Central sub-Saharan Africa,M
Diabetes -> DiabeticRetinopathy,25_29,7.808229874287499e-05,Central sub-Saharan Africa,M
Diabetes -> DiabeticRetinopathy,30_39,5.238070294903357e-05,Central sub-Saharan Africa,M
Diabetes -> DiabeticRetinopathy,40_49,0.00016871372654879202,Central sub-Saharan Africa,M
Diabetes -> DiabeticRetinopathy,50_59,0.000548820842278575,Central sub-Saharan Africa,M
Diabetes -> DiabeticRetinopathy,60_69,0.001415537738457285,Central sub-Saharan Africa,M
Diabetes -> DiabeticRetinopathy,70_79,0.001663698565938701,Central sub-Saharan Africa,M
Diabetes -> DiabeticRetinopathy,80_100,0.0021044720030063886,Central sub-Saharan Africa,M
Diabetes -> LowerExtrmAmpt,0_4,0.0,Central sub-Saharan Africa,M
Diabetes -> LowerExtrmAmpt,5_9,0.0,Central sub-Saharan Africa,M
Diabetes -> LowerExtrmAmpt,10_14,7.414730598121601e-05,Central sub-Saharan Africa,M
Diabetes -> LowerExtrmAmpt,15_19,0.0011506276150627616,Central sub-Saharan Africa,M
Diabetes -> LowerExtrmAmpt,20_24,0.00275805570726379,Central sub-Saharan Africa,M
Diabetes -> LowerExtrmAmpt,25_29,0.004789047656229666,Central sub-Saharan Africa,M
Diabetes -> LowerExtrmAmpt,30_39,0.0056780681996752395,Central sub-Saharan Africa,M
Diabetes -> LowerExtrmAmpt,40_49,0.0014256309893372924,Central sub-Saharan Africa,M
Diabetes -> LowerExtrmAmpt,50_59,0.0010895707898177591,Central sub-Saharan Africa,M
Diabetes -> LowerExtrmAmpt,60_69,0.00552944429084877,Central sub-Saharan Africa,M
Diabetes -> LowerExtrmAmpt,70_79,0.012817508669978443,Central sub-Saharan Africa,M
Diabetes -> LowerExtrmAmpt,80_100,0.01939120631341601,Central sub-Saharan Africa,M
Diabetes -> DiabeticNephropathy,0_4,0.0,Central sub-Saharan Africa,M
Diabetes -> DiabeticNephropathy,5_9,0.0,Central sub-Saharan Africa,M
Diabetes -> DiabeticNephropathy,10_14,0.014,Central sub-Saharan Africa,M
Diabetes -> DiabeticNephropathy,15_19,0.014,Central sub-Saharan Africa,M
Diabetes -> DiabeticNephropathy,20_24,0.014,Central sub-Saharan Africa,M
Diabetes -> DiabeticNephropathy,25_29,0.014,Central sub-Saharan Africa,M
Diabetes -> DiabeticNephropathy,30_39,0.014,Central sub-Saharan Africa,M
Diabetes -> DiabeticNephropathy,40_49,0.014,Central sub-Saharan Africa,M
Diabetes -> DiabeticNephropathy,50_59,0.014,Central sub-Saharan Africa,M
Diabetes -> DiabeticNephropathy,60_69,0.014,Central sub-Saharan Africa,M
Diabetes -> DiabeticNephropathy,70_79,0.014,Central sub-Saharan Africa,M
Diabetes -> DiabeticNephropathy,80_100,0.014,Central sub-Saharan Africa,M
Prevalence -> Diabetes,0_4,0.0,Central sub-Saharan Africa,M
Prevalence -> Diabetes,5_9,0.0,Central sub-Saharan Africa,M
Prevalence -> Diabetes,10_14,0.0047127,Central sub-Saharan Africa,M
Prevalence -> Diabetes,15_19,0.005259100000000001,Central sub-Saharan Africa,M
Prevalence -> Diabetes,20_24,0.0060787,Central sub-Saharan Africa,M
Prevalence -> Diabetes,25_29,0.0077179,Central sub-Saharan Africa,M
Prevalence -> Diabetes,30_39,0.012977,Central sub-Saharan Africa,M
Prevalence -> Diabetes,40_49,0.0241099,Central sub-Saharan Africa,M
Prevalence -> Diabetes,50_59,0.039887200000000005,Central sub-Saharan Africa,M
Prevalence -> Diabetes,60_69,0.0499956,Central sub-Saharan Africa,M
Prevalence -> Diabetes,70_79,0.0548449,Central sub-Saharan Africa,M
Prevalence -> Diabetes,80_100,0.0797061,Central sub-Saharan Africa,M
DiabeticRetinopathy -> Disability,0_4,0.338,Central sub-Saharan Africa,M
DiabeticRetinopathy -> Disability,5_9,0.338,Central sub-Saharan Africa,M
DiabeticRetinopathy -> Disability,10_14,0.338,Central sub-Saharan Africa,M
DiabeticRetinopathy -> Disability,15_19,0.338,Central sub-Saharan Africa,M
DiabeticRetinopathy -> Disability,20_24,0.338,Central sub-Saharan Africa,M
DiabeticRetinopathy -> Disability,25_29,0.338,Central sub-Saharan Africa,M
DiabeticRetinopathy -> Disability,30_39,0.338,Central sub-Saharan Africa,M
DiabeticRetinopathy -> Disability,40_49,0.338,Central sub-Saharan Africa,M
DiabeticRetinopathy -> Disability,50_59,0.338,Central sub-Saharan Africa,M
DiabeticRetinopathy -> Disability,60_69,0.338,Central sub-Saharan Africa,M
DiabeticRetinopathy -> Disability,70_79,0.338,Central sub-Saharan Africa,M
DiabeticRetinopathy -> Disability,80_100,0.338,Central sub-Saharan Africa,M
DiabeticRetinopathy -> Deceased,0_4,0.0,Central sub-Saharan Africa,M
DiabeticRetinopathy -> Deceased,5_9,0.0,Central sub-Saharan Africa,M
DiabeticRetinopathy -> Deceased,10_14,0.0,Central sub-Saharan Africa,M
DiabeticRetinopathy -> Deceased,15_19,0.0,Central sub-Saharan Africa,M
DiabeticRetinopathy -> Deceased,20_24,0.0013,Central sub-Saharan Africa,M
DiabeticRetinopathy -> Deceased,25_29,0.007,Central sub-Saharan Africa,M
DiabeticRetinopathy -> Deceased,30_39,0.0222,Central sub-Saharan Africa,M
DiabeticRetinopathy -> Deceased,40_49,0.0335,Central sub-Saharan Africa,M
DiabeticRetinopathy -> Deceased,50_59,0.0436,Central sub-Saharan Africa,M
DiabeticRetinopathy -> Deceased,60_69,0.0517,Central sub-Saharan Africa,M
DiabeticRetinopathy -> Deceased,70_79,0.0791,Central sub-Saharan Africa,M
DiabeticRetinopathy -> Deceased,80_100,0.1397,Central sub-Saharan Africa,M
Prevalence -> DiabeticRetinopathy,0_4,0.0,Central sub-Saharan Africa,M
Prevalence -> DiabeticRetinopathy,5_9,0.0,Central sub-Saharan Africa,M
Prevalence -> DiabeticRetinopathy,10_14,0.0,Central sub-Saharan Africa,M
Prevalence -> DiabeticRetinopathy,15_19,0.0,Central sub-Saharan Africa,M
Prevalence -> DiabeticRetinopathy,20_24,0.0002,Central sub-Saharan Africa,M
Prevalence -> DiabeticRetinopathy,25_29,0.0002,Central sub-Saharan Africa,M
Prevalence -> DiabeticRetinopathy,30_39,0.0001,Central sub-Saharan Africa,M
Prevalence -> DiabeticRetinopathy,40_49,0.0001,Central sub-Saharan Africa,M
Prevalence -> DiabeticRetinopathy,50_59,0.0002,Central sub-Saharan Africa,M
Prevalence -> DiabeticRetinopathy,60_69,0.0007,Central sub-Saharan Africa,M
Prevalence -> DiabeticRetinopathy,70_79,0.0012,Central sub-Saharan Africa,M
Prevalence -> DiabeticRetinopathy,80_100,0.0016,Central sub-Saharan Africa,M
LowerExtrmAmpt -> Disability,0_4,0.164,Central sub-Saharan Africa,M
LowerExtrmAmpt -> Disability,5_9,0.164,Central sub-Saharan Africa,M
LowerExtrmAmpt -> Disability,10_14,0.164,Central sub-Saharan Africa,M
LowerExtrmAmpt -> Disability,15_19,0.164,Central sub-Saharan Africa,M
LowerExtrmAmpt -> Disability,20_24,0.164,Central sub-Saharan Africa,M
LowerExtrmAmpt -> Disability,25_29,0.164,Central sub-Saharan Africa,M
LowerExtrmAmpt -> Disability,30_39,0.164,Central sub-Saharan Africa,M
LowerExtrmAmpt -> Disability,40_49,0.164,Central sub-Saharan Africa,M
LowerExtrmAmpt -> Disability,50_59,0.164,Central sub-Saharan Africa,M
LowerExtrmAmpt -> Disability,60_69,0.164,Central sub-Saharan Africa,M
LowerExtrmAmpt -> Disability,70_79,0.164,Central sub-Saharan Africa,M
LowerExtrmAmpt -> Disability,80_100,0.164,Central sub-Saharan Africa,M
LowerExtrmAmpt -> Deceased,0_4,0.0,Central sub-Saharan Africa,M
LowerExtrmAmpt -> Deceased,5_9,0.0,Central sub-Saharan Africa,M
LowerExtrmAmpt -> Deceased,10_14,0.0,Central sub-Saharan Africa,M
LowerExtrmAmpt -> Deceased,15_19,0.0001,Central sub-Saharan Africa,M
LowerExtrmAmpt -> Deceased,20_24,0.0015,Central sub-Saharan Africa,M
LowerExtrmAmpt -> Deceased,25_29,0.0077,Central sub-Saharan Africa,M
LowerExtrmAmpt -> Deceased,30_39,0.0233,Central sub-Saharan Africa,M
LowerExtrmAmpt -> Deceased,40_49,0.0322,Central sub-Saharan Africa,M
LowerExtrmAmpt -> Deceased,50_59,0.0436,Central sub-Saharan Africa,M
LowerExtrmAmpt -> Deceased,60_69,0.0522,Central sub-Saharan Africa,M
LowerExtrmAmpt -> Deceased,70_79,0.081,Central sub-Saharan Africa,M
LowerExtrmAmpt -> Deceased,80_100,0.142,Central sub-Saharan Africa,M
Prevalence -> LowerExtrmAmpt,0_4,0.0,Central sub-Saharan Africa,M
Prevalence -> LowerExtrmAmpt,5_9,0.0,Central sub-Saharan Africa,M
Prevalence -> LowerExtrmAmpt,10_14,0.0,Central sub-Saharan Africa,M
Prevalence -> LowerExtrmAmpt,15_19,0.0,Central sub-Saharan Africa,M
Prevalence -> LowerExtrmAmpt,20_24,0.0001,Central sub-Saharan Africa,M
Prevalence -> LowerExtrmAmpt,25_29,0.0003,Central sub-Saharan Africa,M
Prevalence -> LowerExtrmAmpt,30_39,0.0009,Central sub-Saharan Africa,M
Prevalence -> LowerExtrmAmpt,40_49,0.0014,Central sub-Saharan Africa,M
Prevalence -> LowerExtrmAmpt,50_59,0.0013,Central sub-Saharan Africa,M
Prevalence -> LowerExtrmAmpt,60_69,0.0026,Central sub-Saharan Africa,M
Prevalence -> LowerExtrmAmpt,70_79,0.0062,Central sub-Saharan Africa,M
Prevalence -> LowerExtrmAmpt,80_100,0.0124,Central sub-Saharan Africa,M
Disability -> Disability,0_4,0.0,Central sub-Saharan Africa,M
Disability -> Disability,5_9,0.0,Central sub-Saharan Africa,M
Disability -> Disability,10_14,0.0,Central sub-Saharan Africa,M
Disability -> Disability,15_19,0.0,Central sub-Saharan Africa,M
Disability -> Disability,20_24,0.0,Central sub-Saharan Africa,M
Disability -> Disability,25_29,0.0,Central sub-Saharan Africa,M
Disability -> Disability,30_39,0.0,Central sub-Saharan Africa,M
Disability -> Disability,40_49,0.0,Central sub-Saharan Africa,M
Disability -> Disability,50_59,0.0,Central sub-Saharan Africa,M
Disability -> Disability,60_69,0.0,Central sub-Saharan Africa,M
Disability -> Disability,70_79,0.0,Central sub-Saharan Africa,M
Disability -> Disability,80_100,0.0,Central sub-Saharan Africa,M
StdGlycControl -> DiabeticRetinopathy,0_4,-75.0,Central sub-Saharan Africa,M
StdGlycControl -> DiabeticRetinopathy,5_9,-75.0,Central sub-Saharan Africa,M
StdGlycControl -> DiabeticRetinopathy,10_14,-75.0,Central sub-Saharan Africa,M
StdGlycControl -> DiabeticRetinopathy,15_19,-75.0,Central sub-Saharan Africa,M
StdGlycControl -> DiabeticRetinopathy,20_24,-75.0,Central sub-Saharan Africa,M
StdGlycControl -> DiabeticRetinopathy,25_29,-75.0,Central sub-Saharan Africa,M
StdGlycControl -> DiabeticRetinopathy,30_39,-75.0,Central sub-Saharan Africa,M
StdGlycControl -> DiabeticRetinopathy,40_49,-75.0,Central sub-Saharan Africa,M
StdGlycControl -> DiabeticRetinopathy,50_59,-75.0,Central sub-Saharan Africa,M
StdGlycControl -> DiabeticRetinopathy,60_69,-75.0,Central sub-Saharan Africa,M
StdGlycControl -> DiabeticRetinopathy,70_79,-75.0,Central sub-Saharan Africa,M
StdGlycControl -> DiabeticRetinopathy,80_100,-75.0,Central sub-Saharan Africa,M
StdGlycControl -> LowerExtrmAmpt,0_4,-28.6,Central sub-Saharan Africa,M
StdGlycControl -> LowerExtrmAmpt,5_9,-28.6,Central sub-Saharan Africa,M
StdGlycControl -> LowerExtrmAmpt,10_14,-28.6,Central sub-Saharan Africa,M
StdGlycControl -> LowerExtrmAmpt,15_19,-28.6,Central sub-Saharan Africa,M
StdGlycControl -> LowerExtrmAmpt,20_24,-28.6,Central sub-Saharan Africa,M
StdGlycControl -> LowerExtrmAmpt,25_29,-28.6,Central sub-Saharan Africa,M
StdGlycControl -> LowerExtrmAmpt,30_39,-28.6,Central sub-Saharan Africa,M
StdGlycControl -> LowerExtrmAmpt,40_49,-28.6,Central sub-Saharan Africa,M
StdGlycControl -> LowerExtrmAmpt,50_59,-28.6,Central sub-Saharan Africa,M
StdGlycControl -> LowerExtrmAmpt,60_69,-28.6,Central sub-Saharan Africa,M
StdGlycControl -> LowerExtrmAmpt,70_79,-28.6,Central sub-Saharan Africa,M
StdGlycControl -> LowerExtrmAmpt,80_100,-28.6,Central sub-Saharan Africa,M
StdGlycControl -> DiabeticNephropathy,0_4,-39.0,Central sub-Saharan Africa,M
StdGlycControl -> DiabeticNephropathy,5_9,-39.0,Central sub-Saharan Africa,M
StdGlycControl -> DiabeticNephropathy,10_14,-39.0,Central sub-Saharan Africa,M
StdGlycControl -> DiabeticNephropathy,15_19,-39.0,Central sub-Saharan Africa,M
StdGlycControl -> DiabeticNephropathy,20_24,-39.0,Central sub-Saharan Africa,M
StdGlycControl -> DiabeticNephropathy,25_29,-39.0,Central sub-Saharan Africa,M
StdGlycControl -> DiabeticNephropathy,30_39,-39.0,Central sub-Saharan Africa,M
StdGlycControl -> DiabeticNephropathy,40_49,-39.0,Central sub-Saharan Africa,M
StdGlycControl -> DiabeticNephropathy,50_59,-39.0,Central sub-Saharan Africa,M
StdGlycControl -> DiabeticNephropathy,60_69,-39.0,Central sub-Saharan Africa,M
StdGlycControl -> DiabeticNephropathy,70_79,-39.0,Central sub-Saharan Africa,M
StdGlycControl -> DiabeticNephropathy,80_100,-39.0,Central sub-Saharan Africa,M
IntsvGlycControl -> DiabeticRetinopathy,0_4,-65.0,Central sub-Saharan Africa,M
IntsvGlycControl -> DiabeticRetinopathy,5_9,-65.0,Central sub-Saharan Africa,M
IntsvGlycControl -> DiabeticRetinopathy,10_14,-65.0,Central sub-Saharan Africa,M
IntsvGlycControl -> DiabeticRetinopathy,15_19,-65.0,Central sub-Saharan Africa,M
IntsvGlycControl -> DiabeticRetinopathy,20_24,-65.0,Central sub-Saharan Africa,M
IntsvGlycControl -> DiabeticRetinopathy,25_29,-65.0,Central sub-Saharan Africa,M
IntsvGlycControl -> DiabeticRetinopathy,30_39,-65.0,Central sub-Saharan Africa,M
IntsvGlycControl -> DiabeticRetinopathy,40_49,-65.0,Central sub-Saharan Africa,M
IntsvGlycControl -> DiabeticRetinopathy,50_59,-65.0,Central sub-Saharan Africa,M
IntsvGlycControl -> DiabeticRetinopathy,60_69,-65.0,Central sub-Saharan Africa,M
IntsvGlycControl -> DiabeticRetinopathy,70_79,-65.0,Central sub-Saharan Africa,M
IntsvGlycControl -> DiabeticRetinopathy,80_100,-65.0,Central sub-Saharan Africa,M
IntsvGlycControl -> LowerExtrmAmpt,0_4,-15.1,Central sub-Saharan Africa,M
IntsvGlycControl -> LowerExtrmAmpt,5_9,-15.1,Central sub-Saharan Africa,M
IntsvGlycControl -> LowerExtrmAmpt,10_14,-15.1,Central sub-Saharan Africa,M
IntsvGlycControl -> LowerExtrmAmpt,15_19,-15.1,Central sub-Saharan Africa,M
IntsvGlycControl -> LowerExtrmAmpt,20_24,-15.1,Central sub-Saharan Africa,M
IntsvGlycControl -> LowerExtrmAmpt,25_29,-15.1,Central sub-Saharan Africa,M
IntsvGlycControl -> LowerExtrmAmpt,30_39,-15.1,Central sub-Saharan Africa,M
IntsvGlycControl -> LowerExtrmAmpt,40_49,-15.1,Central sub-Saharan Africa,M
IntsvGlycControl -> LowerExtrmAmpt,50_59,-15.1,Central sub-Saharan Africa,M
IntsvGlycControl -> LowerExtrmAmpt,60_69,-15.1,Central sub-Saharan Africa,M
IntsvGlycControl -> LowerExtrmAmpt,70_79,-15.1,Central sub-Saharan Africa,M
IntsvGlycControl -> LowerExtrmAmpt,80_100,-15.1,Central sub-Saharan Africa,M
IntsvGlycControl -> DiabeticNephropathy,0_4,-39.0,Central sub-Saharan Africa,M
IntsvGlycControl -> DiabeticNephropathy,5_9,-39.0,Central sub-Saharan Africa,M
IntsvGlycControl -> DiabeticNephropathy,10_14,-39.0,Central sub-Saharan Africa,M
IntsvGlycControl -> DiabeticNephropathy,15_19,-39.0,Central sub-Saharan Africa,M
IntsvGlycControl -> DiabeticNephropathy,20_24,-39.0,Central sub-Saharan Africa,M
IntsvGlycControl -> DiabeticNephropathy,25_29,-39.0,Central sub-Saharan Africa,M
IntsvGlycControl -> DiabeticNephropathy,30_39,-39.0,Central sub-Saharan Africa,M
IntsvGlycControl -> DiabeticNephropathy,40_49,-39.0,Central sub-Saharan Africa,M
IntsvGlycControl -> DiabeticNephropathy,50_59,-39.0,Central sub-Saharan Africa,M
IntsvGlycControl -> DiabeticNephropathy,60_69,-39.0,Central sub-Saharan Africa,M
IntsvGlycControl -> DiabeticNephropathy,70_79,-39.0,Central sub-Saharan Africa,M
IntsvGlycControl -> DiabeticNephropathy,80_100,-39.0,Central sub-Saharan Africa,M
RetinopathyScrn -> DiabeticRetinopathy,0_4,-20.0,Central sub-Saharan Africa,M
RetinopathyScrn -> DiabeticRetinopathy,5_9,-20.0,Central sub-Saharan Africa,M
RetinopathyScrn -> DiabeticRetinopathy,10_14,-20.0,Central sub-Saharan Africa,M
RetinopathyScrn -> DiabeticRetinopathy,15_19,-20.0,Central sub-Saharan Africa,M
RetinopathyScrn -> DiabeticRetinopathy,20_24,-20.0,Central sub-Saharan Africa,M
RetinopathyScrn -> DiabeticRetinopathy,25_29,-20.0,Central sub-Saharan Africa,M
RetinopathyScrn -> DiabeticRetinopathy,30_39,-20.0,Central sub-Saharan Africa,M
RetinopathyScrn -> DiabeticRetinopathy,40_49,-20.0,Central sub-Saharan Africa,M
RetinopathyScrn -> DiabeticRetinopathy,50_59,-20.0,Central sub-Saharan Africa,M
RetinopathyScrn -> DiabeticRetinopathy,60_69,-20.0,Central sub-Saharan Africa,M
RetinopathyScrn -> DiabeticRetinopathy,70_79,-20.0,Central sub-Saharan Africa,M
RetinopathyScrn -> DiabeticRetinopathy,80_100,-20.0,Central sub-Saharan Africa,M
NeuropathyScr -> LowerExtrmAmpt,0_4,-35.0,Central sub-Saharan Africa,M
NeuropathyScr -> LowerExtrmAmpt,5_9,-35.0,Central sub-Saharan Africa,M
NeuropathyScr -> LowerExtrmAmpt,10_14,-35.0,Central sub-Saharan Africa,M
NeuropathyScr -> LowerExtrmAmpt,15_19,-35.0,Central sub-Saharan Africa,M
NeuropathyScr -> LowerExtrmAmpt,20_24,-35.0,Central sub-Saharan Africa,M
NeuropathyScr -> LowerExtrmAmpt,25_29,-35.0,Central sub-Saharan Africa,M
NeuropathyScr -> LowerExtrmAmpt,30_39,-35.0,Central sub-Saharan Africa,M
NeuropathyScr -> LowerExtrmAmpt,40_49,-35.0,Central sub-Saharan Africa,M
NeuropathyScr -> LowerExtrmAmpt,50_59,-35.0,Central sub-Saharan Africa,M
NeuropathyScr -> LowerExtrmAmpt,60_69,-35.0,Central sub-Saharan Africa,M
NeuropathyScr -> LowerExtrmAmpt,70_79,-35.0,Central sub-Saharan Africa,M
NeuropathyScr -> LowerExtrmAmpt,80_100,-35.0,Central sub-Saharan Africa,M
NephropathyScr -> DiabeticNephropathy,0_4,-24.0,Central sub-Saharan Africa,M
NephropathyScr -> DiabeticNephropathy,5_9,-24.0,Central sub-Saharan Africa,M
NephropathyScr -> DiabeticNephropathy,10_14,-24.0,Central sub-Saharan Africa,M
NephropathyScr -> DiabeticNephropathy,15_19,-24.0,Central sub-Saharan Africa,M
NephropathyScr -> DiabeticNephropathy,20_24,-24.0,Central sub-Saharan Africa,M
NephropathyScr -> DiabeticNephropathy,25_29,-24.0,Central sub-Saharan Africa,M
NephropathyScr -> DiabeticNephropathy,30_39,-24.0,Central sub-Saharan Africa,M
NephropathyScr -> DiabeticNephropathy,40_49,-24.0,Central sub-Saharan Africa,M
NephropathyScr -> DiabeticNephropathy,50_59,-24.0,Central sub-Saharan Africa,M
NephropathyScr -> DiabeticNephropathy,60_69,-24.0,Central sub-Saharan Africa,M
NephropathyScr -> DiabeticNephropathy,70_79,-24.0,Central sub-Saharan Africa,M
NephropathyScr -> DiabeticNephropathy,80_100,-24.0,Central sub-Saharan Africa,M
DiabeticNephropathy -> Disability,0_4,0.338,Central sub-Saharan Africa,M
DiabeticNephropathy -> Disability,5_9,0.338,Central sub-Saharan Africa,M
DiabeticNephropathy -> Disability,10_14,0.338,Central sub-Saharan Africa,M
DiabeticNephropathy -> Disability,15_19,0.338,Central sub-Saharan Africa,M
DiabeticNephropathy -> Disability,20_24,0.338,Central sub-Saharan Africa,M
DiabeticNephropathy -> Disability,25_29,0.338,Central sub-Saharan Africa,M
DiabeticNephropathy -> Disability,30_39,0.338,Central sub-Saharan Africa,M
DiabeticNephropathy -> Disability,40_49,0.338,Central sub-Saharan Africa,M
DiabeticNephropathy -> Disability,50_59,0.338,Central sub-Saharan Africa,M
DiabeticNephropathy -> Disability,60_69,0.338,Central sub-Saharan Africa,M
DiabeticNephropathy -> Disability,70_79,0.338,Central sub-Saharan Africa,M
DiabeticNephropathy -> Disability,80_100,0.338,Central sub-Saharan Africa,M
DiabeticNephropathy -> Deceased,0_4,0.0,Central sub-Saharan Africa,M
DiabeticNephropathy -> Deceased,5_9,0.0,Central sub-Saharan Africa,M
DiabeticNephropathy -> Deceased,10_14,0.0,Central sub-Saharan Africa,M
DiabeticNephropathy -> Deceased,15_19,0.0,Central sub-Saharan Africa,M
DiabeticNephropathy -> Deceased,20_24,0.0022062461442611332,Central sub-Saharan Africa,M
DiabeticNephropathy -> Deceased,25_29,0.009008838422399627,Central sub-Saharan Africa,M
DiabeticNephropathy -> Deceased,30_39,0.021327046061190954,Central sub-Saharan Africa,M
DiabeticNephropathy -> Deceased,40_49,0.029600469102170204,Central sub-Saharan Africa,M
DiabeticNephropathy -> Deceased,50_59,0.039712430596700404,Central sub-Saharan Africa,M
DiabeticNephropathy -> Deceased,60_69,0.04596346133877362,Central sub-Saharan Africa,M
DiabeticNephropathy -> Deceased,70_79,0.07354153814203777,Central sub-Saharan Africa,M
DiabeticNephropathy -> Deceased,80_100,0.12832998405785592,Central sub-Saharan Africa,M
Prevalence -> DiabeticNephropathy,0_4,0.00428,Central sub-Saharan Africa,M
Prevalence -> DiabeticNephropathy,5_9,0.00428,Central sub-Saharan Africa,M
Prevalence -> DiabeticNephropathy,10_14,0.00436,Central sub-Saharan Africa,M
Prevalence -> DiabeticNephropathy,15_19,0.004560000000000001,Central sub-Saharan Africa,M
Prevalence -> DiabeticNephropathy,20_24,0.00496,Central sub-Saharan Africa,M
Prevalence -> DiabeticNephropathy,25_29,0.006200000000000001,Central sub-Saharan Africa,M
Prevalence -> DiabeticNephropathy,30_39,0.011000000000000001,Central sub-Saharan Africa,M
Prevalence -> DiabeticNephropathy,40_49,0.020680000000000004,Central sub-Saharan Africa,M
Prevalence -> DiabeticNephropathy,50_59,0.03332,Central sub-Saharan Africa,M
Prevalence -> DiabeticNephropathy,60_69,0.04012,Central sub-Saharan Africa,M
Prevalence -> DiabeticNephropathy,70_79,0.04916,Central sub-Saharan Africa,M
Prevalence -> DiabeticNephropathy,80_100,0.08984,Central sub-Saharan Africa,M
DsFreeSus -> Disability,0_4,0.06023462506094399,Central sub-Saharan Africa,F
DsFreeSus -> Disability,5_9,0.07446159421098636,Central sub-Saharan Africa,F
DsFreeSus -> Disability,10_14,0.08868856336102873,Central sub-Saharan Africa,F
DsFreeSus -> Disability,15_19,0.10291553251107108,Central sub-Saharan Africa,F
DsFreeSus -> Disability,20_24,0.11714250166111345,Central sub-Saharan Africa,F
DsFreeSus -> Disability,25_29,0.1313694708111558,Central sub-Saharan Africa,F
DsFreeSus -> Disability,30_39,0.15270992453621934,Central sub-Saharan Africa,F
DsFreeSus -> Disability,40_49,0.1811638628363041,Central sub-Saharan Africa,F
DsFreeSus -> Disability,50_59,0.2096178011363888,Central sub-Saharan Africa,F
DsFreeSus -> Disability,60_69,0.23807173943647356,Central sub-Saharan Africa,F
DsFreeSus -> Disability,70_79,0.2665256777365583,Central sub-Saharan Africa,F
DsFreeSus -> Disability,80_100,0.30209310061166417,Central sub-Saharan Africa,F
DsFreeSus -> Diabetes,0_4,0.0,Central sub-Saharan Africa,F
DsFreeSus -> Diabetes,5_9,0.0,Central sub-Saharan Africa,F
DsFreeSus -> Diabetes,10_14,1e-09,Central sub-Saharan Africa,F
DsFreeSus -> Diabetes,15_19,0.0002,Central sub-Saharan Africa,F
DsFreeSus -> Diabetes,20_24,0.0003,Central sub-Saharan Africa,F
DsFreeSus -> Diabetes,25_29,0.0007,Central sub-Saharan Africa,F
DsFreeSus -> Diabetes,30_39,0.0014,Central sub-Saharan Africa,F
DsFreeSus -> Diabetes,40_49,0.0025,Central sub-Saharan Africa,F
DsFreeSus -> Diabetes,50_59,0.0033,Central sub-Saharan Africa,F
DsFreeSus -> Diabetes,60_69,0.0022,Central sub-Saharan Africa,F
DsFreeSus -> Diabetes,70_79,0.0046,Central sub-Saharan Africa,F
DsFreeSus -> Diabetes,80_100,0.0115,Central sub-Saharan Africa,F
Diabetes -> Disability,0_4,0.031,Central sub-Saharan Africa,F
Diabetes -> Disability,5_9,0.031,Central sub-Saharan Africa,F
Diabetes -> Disability,10_14,0.031,Central sub-Saharan Africa,F
Diabetes -> Disability,15_19,0.031,Central sub-Saharan Africa,F
Diabetes -> Disability,20_24,0.031,Central sub-Saharan Africa,F
Diabetes -> Disability,25_29,0.031,Central sub-Saharan Africa,F
Diabetes -> Disability,30_39,0.031,Central sub-Saharan Africa,F
Diabetes -> Disability,40_49,0.031,Central sub-Saharan Africa,F
Diabetes -> Disability,50_59,0.031,Central sub-Saharan Africa,F
Diabetes -> Disability,60_69,0.031,Central sub-Saharan Africa,F
Diabetes -> Disability,70_79,0.031,Central sub-Saharan Africa,F
Diabetes -> Disability,80_100,0.031,Central sub-Saharan Africa,F
Diabetes -> Deceased,0_4,0.0,Central sub-Saharan Africa,F
Diabetes -> Deceased,5_9,0.0,Central sub-Saharan Africa,F
Diabetes -> Deceased,10_14,0.0,Central sub-Saharan Africa,F
Diabetes -> Deceased,15_19,0.0,Central sub-Saharan Africa,F
Diabetes -> Deceased,20_24,0.000549729105712907,Central sub-Saharan Africa,F
Diabetes -> Deceased,25_29,0.0025654024933268993,Central sub-Saharan Africa,F
Diabetes -> Deceased,30_39,0.006657830280300763,Central sub-Saharan Africa,F
Diabetes -> Deceased,40_49,0.008368098609185363,Central sub-Saharan Africa,F
Diabetes -> Deceased,50_59,0.01056701503203699,Central sub-Saharan Africa,F
Diabetes -> Deceased,60_69,0.012888093478380377,Central sub-Saharan Africa,F
Diabetes -> Deceased,70_79,0.02156159714629513,Central sub-Saharan Africa,F
Diabetes -> Deceased,80_100,0.038603199423395254,Central sub-Saharan Africa,F
Diabetes -> DiabeticRetinopathy,0_4,0.0,Central sub-Saharan Africa,F
Diabetes -> DiabeticRetinopathy,5_9,0.0,Central sub-Saharan Africa,F
Diabetes -> DiabeticRetinopathy,10_14,0.003235479797979798,Central sub-Saharan Africa,F
Diabetes -> DiabeticRetinopathy,15_19,0.0008842465942689768,Central sub-Saharan Africa,F
Diabetes -> DiabeticRetinopathy,20_24,0.0005431985819658071,Central sub-Saharan Africa,F
Diabetes -> DiabeticRetinopathy,25_29,0.0004085412354286959,Central sub-Saharan Africa,F
Diabetes -> DiabeticRetinopathy,30_39,0.0002562046072271978,Central sub-Saharan Africa,F
Diabetes -> DiabeticRetinopathy,40_49,0.0006073055282664999,Central sub-Saharan Africa,F
Diabetes -> DiabeticRetinopathy,50_59,0.001882771439559031,Central sub-Saharan Africa,F
Diabetes -> DiabeticRetinopathy,60_69,0.0031786331877292763,Central sub-Saharan Africa,F
Diabetes -> DiabeticRetinopathy,70_79,0.003418176200224016,Central sub-Saharan Africa,F
Diabetes -> DiabeticRetinopathy,80_100,0.0037912800558714955,Central sub-Saharan Africa,F
Diabetes -> LowerExtrmAmpt,0_4,0.0,Central sub-Saharan Africa,F
Diabetes -> LowerExtrmAmpt,5_9,0.0,Central sub-Saharan Africa,F
Diabetes -> LowerExtrmAmpt,10_14,7.891414141414142e-05,Central sub-Saharan Africa,F
Diabetes -> LowerExtrmAmpt,15_19,0.0011882063610489375,Central sub-Saharan Africa,F
Diabetes -> LowerExtrmAmpt,20_24,0.00220138372691406,Central sub-Saharan Africa,F
Diabetes -> LowerExtrmAmpt,25_29,0.002260594836038784,Central sub-Saharan Africa,F
Diabetes -> LowerExtrmAmpt,30_39,0.002751414695005124,Central sub-Saharan Africa,F
Diabetes -> LowerExtrmAmpt,40_49,0.0007234080557292132,Central sub-Saharan Africa,F
Diabetes -> LowerExtrmAmpt,50_59,0.0007050378156646584,Central sub-Saharan Africa,F
Diabetes -> LowerExtrmAmpt,60_69,0.0031086632747918397,Central sub-Saharan Africa,F
Diabetes -> LowerExtrmAmpt,70_79,0.007280522189177707,Central sub-Saharan Africa,F
Diabetes -> LowerExtrmAmpt,80_100,0.01082510226479098,Central sub-Saharan Africa,F
Diabetes -> DiabeticNephropathy,0_4,0.0,Central sub-Saharan Africa,F
Diabetes -> DiabeticNephropathy,5_9,0.0,Central sub-Saharan Africa,F
Diabetes -> DiabeticNephropathy,10_14,0.014,Central sub-Saharan Africa,F
Diabetes -> DiabeticNephropathy,15_19,0.014,Central sub-Saharan Africa,F
Diabetes -> DiabeticNephropathy,20_24,0.014,Central sub-Saharan Africa,F
Diabetes -> DiabeticNephropathy,25_29,0.014,Central sub-Saharan Africa,F
Diabetes -> DiabeticNephropathy,30_39,0.014,Central sub-Saharan Africa,F
Diabetes -> DiabeticNephropathy,40_49,0.014,Central sub-Saharan Africa,F
Diabetes -> DiabeticNephropathy,50_59,0.014,Central sub-Saharan Africa,F
Diabetes -> DiabeticNephropathy,60_69,0.014,Central sub-Saharan Africa,F
Diabetes -> DiabeticNephropathy,70_79,0.014,Central sub-Saharan Africa,F
Diabetes -> DiabeticNephropathy,80_100,0.014,Central sub-Saharan Africa,F
Prevalence -> Diabetes,0_4,0.004098,Central sub-Saharan Africa,F
Prevalence -> Diabetes,5_9,0.0042346,Central sub-Saharan Africa,F
Prevalence -> Diabetes,10_14,0.0044395,Central sub-Saharan Africa,F
Prevalence -> Diabetes,15_19,0.004985900000000001,Central sub-Saharan Africa,F
Prevalence -> Diabetes,20_24,0.005805500000000001,Central sub-Saharan Africa,F
Prevalence -> Diabetes,25_29,0.0073081000000000005,Central sub-Saharan Africa,F
Prevalence -> Diabetes,30_39,0.012089100000000002,Central sub-Saharan Africa,F
Prevalence -> Diabetes,40_49,0.0221292,Central sub-Saharan Africa,F
Prevalence -> Diabetes,50_59,0.0373601,Central sub-Saharan Africa,F
Prevalence -> Diabetes,60_69,0.047673400000000005,Central sub-Saharan Africa,F
Prevalence -> Diabetes,70_79,0.05170310000000001,Central sub-Saharan Africa,F
Prevalence -> Diabetes,80_100,0.07745220000000001,Central sub-Saharan Africa,F
DiabeticRetinopathy -> Disability,0_4,0.338,Central sub-Saharan Africa,F
DiabeticRetinopathy -> Disability,5_9,0.338,Central sub-Saharan Africa,F
DiabeticRetinopathy -> Disability,10_14,0.338,Central sub-Saharan Africa,F
DiabeticRetinopathy -> Disability,15_19,0.338,Central sub-Saharan Africa,F
DiabeticRetinopathy -> Disability,20_24,0.338,Central sub-Saharan Africa,F
DiabeticRetinopathy -> Disability,25_29,0.338,Central sub-Saharan Africa,F
DiabeticRetinopathy -> Disability,30_39,0.338,Central sub-Saharan Africa,F
DiabeticRetinopathy -> Disability,40_49,0.338,Central sub-Saharan Africa,F
DiabeticRetinopathy -> Disability,50_59,0.338,Central sub-Saharan Africa,F
DiabeticRetinopathy -> Disability,60_69,0.338,Central sub-Saharan Africa,F
DiabeticRetinopathy -> Disability,70_79,0.338,Central sub-Saharan Africa,F
DiabeticRetinopathy -> Disability,80_100,0.338,Central sub-Saharan Africa,F
DiabeticRetinopathy -> Deceased,0_4,0.0,Central sub-Saharan Africa,F
DiabeticRetinopathy -> Deceased,5_9,0.0,Central sub-Saharan Africa,F
DiabeticRetinopathy -> Deceased,10_14,0.0,Central sub-Saharan Africa,F
DiabeticRetinopathy -> Deceased,15_19,0.0,Central sub-Saharan Africa,F
DiabeticRetinopathy -> Deceased,20_24,0.0011,Central sub-Saharan Africa,F
DiabeticRetinopathy -> Deceased,25_29,0.0066,Central sub-Saharan Africa,F
DiabeticRetinopathy -> Deceased,30_39,0.0223,Central sub-Saharan Africa,F
DiabeticRetinopathy -> Deceased,40_49,0.0281,Central sub-Saharan Africa,F
DiabeticRetinopathy -> Deceased,50_59,0.035,Central sub-Saharan Africa,F
DiabeticRetinopathy -> Deceased,60_69,0.0432,Central sub-Saharan Africa,F
DiabeticRetinopathy -> Deceased,70_79,0.0697,Central sub-Saharan Africa,F
DiabeticRetinopathy -> Deceased,80_100,0.126,Central sub-Saharan Africa,F
Prevalence -> DiabeticRetinopathy,0_4,0.0,Central sub-Saharan Africa,F
Prevalence -> DiabeticRetinopathy,5_9,0.0,Central sub-Saharan Africa,F
Prevalence -> DiabeticRetinopathy,10_14,0.0002,Central sub-Saharan Africa,F
Prevalence -> DiabeticRetinopathy,15_19,0.0003,Central sub-Saharan Africa,F
Prevalence -> DiabeticRetinopathy,20_24,0.0003,Central sub-Saharan Africa,F
Prevalence -> DiabeticRetinopathy,25_29,0.0003,Central sub-Saharan Africa,F
Prevalence -> DiabeticRetinopathy,30_39,0.0003,Central sub-Saharan Africa,F
Prevalence -> DiabeticRetinopathy,40_49,0.0003,Central sub-Saharan Africa,F
Prevalence -> DiabeticRetinopathy,50_59,0.0007,Central sub-Saharan Africa,F
Prevalence -> DiabeticRetinopathy,60_69,0.0019,Central sub-Saharan Africa,F
Prevalence -> DiabeticRetinopathy,70_79,0.0029,Central sub-Saharan Africa,F
Prevalence -> DiabeticRetinopathy,80_100,0.0033,Central sub-Saharan Africa,F
LowerExtrmAmpt -> Disability,0_4,0.164,Central sub-Saharan Africa,F
LowerExtrmAmpt -> Disability,5_9,0.164,Central sub-Saharan Africa,F
LowerExtrmAmpt -> Disability,10_14,0.164,Central sub-Saharan Africa,F
LowerExtrmAmpt -> Disability,15_19,0.164,Central sub-Saharan Africa,F
LowerExtrmAmpt -> Disability,20_24,0.164,Central sub-Saharan Africa,F
LowerExtrmAmpt -> Disability,25_29,0.164,Central sub-Saharan Africa,F
LowerExtrmAmpt -> Disability,30_39,0.164,Central sub-Saharan Africa,F
LowerExtrmAmpt -> Disability,40_49,0.164,Central sub-Saharan Africa,F
LowerExtrmAmpt -> Disability,50_59,0.164,Central sub-Saharan Africa,F
LowerExtrmAmpt -> Disability,60_69,0.164,Central sub-Saharan Africa,F
LowerExtrmAmpt -> Disability,70_79,0.164,Central sub-Saharan Africa,F
LowerExtrmAmpt -> Disability,80_100,0.164,Central sub-Saharan Africa,F
LowerExtrmAmpt -> Deceased,0_4,0.0,Central sub-Saharan Africa,F
LowerExtrmAmpt -> Deceased,5_9,0.0,Central sub-Saharan Africa,F
LowerExtrmAmpt -> Deceased,10_14,0.0,Central sub-Saharan Africa,F
LowerExtrmAmpt -> Deceased,15_19,0.0,Central sub-Saharan Africa,F
LowerExtrmAmpt -> Deceased,20_24,0.0011,Central sub-Saharan Africa,F
LowerExtrmAmpt -> Deceased,25_29,0.0065,Central sub-Saharan Africa,F
LowerExtrmAmpt -> Deceased,30_39,0.0217,Central sub-Saharan Africa,F
LowerExtrmAmpt -> Deceased,40_49,0.0274,Central sub-Saharan Africa,F
LowerExtrmAmpt -> Deceased,50_59,0.0345,Central sub-Saharan Africa,F
LowerExtrmAmpt -> Deceased,60_69,0.0438,Central sub-Saharan Africa,F
LowerExtrmAmpt -> Deceased,70_79,0.0711,Central sub-Saharan Africa,F
LowerExtrmAmpt -> Deceased,80_100,0.1286,Central sub-Saharan Africa,F
Prevalence -> LowerExtrmAmpt,0_4,0.0,Central sub-Saharan Africa,F
Prevalence -> LowerExtrmAmpt,5_9,0.0,Central sub-Saharan Africa,F
Prevalence -> LowerExtrmAmpt,10_14,0.0,Central sub-Saharan Africa,F
Prevalence -> LowerExtrmAmpt,15_19,0.0,Central sub-Saharan Africa,F
Prevalence -> LowerExtrmAmpt,20_24,0.0001,Central sub-Saharan Africa,F
Prevalence -> LowerExtrmAmpt,25_29,0.0002,Central sub-Saharan Africa,F
Prevalence -> LowerExtrmAmpt,30_39,0.0005,Central sub-Saharan Africa,F
Prevalence -> LowerExtrmAmpt,40_49,0.0007,Central sub-Saharan Africa,F
Prevalence -> LowerExtrmAmpt,50_59,0.0007,Central sub-Saharan Africa,F
Prevalence -> LowerExtrmAmpt,60_69,0.0015,Central sub-Saharan Africa,F
Prevalence -> LowerExtrmAmpt,70_79,0.0035,Central sub-Saharan Africa,F
Prevalence -> LowerExtrmAmpt,80_100,0.0072,Central sub-Saharan Africa,F
Disability -> Disability,0_4,0.0,Central sub-Saharan Africa,F
Disability -> Disability,5_9,0.0,Central sub-Saharan Africa,F
Disability -> Disability,10_14,0.0,Central sub-Saharan Africa,F
Disability -> Disability,15_19,0.0,Central sub-Saharan Africa,F
Disability -> Disability,20_24,0.0,Central sub-Saharan Africa,F
Disability -> Disability,25_29,0.0,Central sub-Saharan Africa,F
Disability -> Disability,30_39,0.0,Central sub-Saharan Africa,F
Disability -> Disability,40_49,0.0,Central sub-Saharan Africa,F
Disability -> Disability,50_59,0.0,Central sub-Saharan Africa,F
Disability -> Disability,60_69,0.0,Central sub-Saharan Africa,F
Disability -> Disability,70_79,0.0,Central sub-Saharan Africa,F
Disability -> Disability,80_100,0.0,Central sub-Saharan Africa,F
StdGlycControl -> DiabeticRetinopathy,0_4,-75.0,Central sub-Saharan Africa,F
StdGlycControl -> DiabeticRetinopathy,5_9,-75.0,Central sub-Saharan Africa,F
StdGlycControl -> DiabeticRetinopathy,10_14,-75.0,Central sub-Saharan Africa,F
StdGlycControl -> DiabeticRetinopathy,15_19,-75.0,Central sub-Saharan Africa,F
StdGlycControl -> DiabeticRetinopathy,20_24,-75.0,Central sub-Saharan Africa,F
StdGlycControl -> DiabeticRetinopathy,25_29,-75.0,Central sub-Saharan Africa,F
StdGlycControl -> DiabeticRetinopathy,30_39,-75.0,Central sub-Saharan Africa,F
StdGlycControl -> DiabeticRetinopathy,40_49,-75.0,Central sub-Saharan Africa,F
StdGlycControl -> DiabeticRetinopathy,50_59,-75.0,Central sub-Saharan Africa,F
StdGlycControl -> DiabeticRetinopathy,60_69,-75.0,Central sub-Saharan Africa,F
StdGlycControl -> DiabeticRetinopathy,70_79,-75.0,Central sub-Saharan Africa,F
StdGlycControl -> DiabeticRetinopathy,80_100,-75.0,Central sub-Saharan Africa,F
StdGlycControl -> LowerExtrmAmpt,0_4,-28.6,Central sub-Saharan Africa,F
StdGlycControl -> LowerExtrmAmpt,5_9,-28.6,Central sub-Saharan Africa,F
StdGlycControl -> LowerExtrmAmpt,10_14,-28.6,Central sub-Saharan Africa,F
StdGlycControl -> LowerExtrmAmpt,15_19,-28.6,Central sub-Saharan Africa,F
StdGlycControl -> LowerExtrmAmpt,20_24,-28.6,Central sub-Saharan Africa,F
StdGlycControl -> LowerExtrmAmpt,25_29,-28.6,Central sub-Saharan Africa,F
StdGlycControl -> LowerExtrmAmpt,30_39,-28.6,Central sub-Saharan Africa,F
StdGlycControl -> LowerExtrmAmpt,40_49,-28.6,Central sub-Saharan Africa,F
StdGlycControl -> LowerExtrmAmpt,50_59,-28.6,Central sub-Saharan Africa,F
StdGlycControl -> LowerExtrmAmpt,60_69,-28.6,Central sub-Saharan Africa,F
StdGlycControl -> LowerExtrmAmpt,70_79,-28.6,Central sub-Saharan Africa,F
StdGlycControl -> LowerExtrmAmpt,80_100,-28.6,Central sub-Saharan Africa,F
StdGlycControl -> DiabeticNephropathy,0_4,-39.0,Central sub-Saharan Africa,F
StdGlycControl -> DiabeticNephropathy,5_9,-39.0,Central sub-Saharan Africa,F
StdGlycControl -> DiabeticNephropathy,10_14,-39.0,Central sub-Saharan Africa,F
StdGlycControl -> DiabeticNephropathy,15_19,-39.0,Central sub-Saharan Africa,F
StdGlycControl -> DiabeticNephropathy,20_24,-39.0,Central sub-Saharan Africa,F
StdGlycControl -> DiabeticNephropathy,25_29,-39.0,Central sub-Saharan Africa,F
StdGlycControl -> DiabeticNephropathy,30_39,-39.0,Central sub-Saharan Africa,F
StdGlycControl -> DiabeticNephropathy,40_49,-39.0,Central sub-Saharan Africa,F
StdGlycControl -> DiabeticNephropathy,50_59,-39.0,Central sub-Saharan Africa,F
StdGlycControl -> DiabeticNephropathy,60_69,-39.0,Central sub-Saharan Africa,F
StdGlycControl -> DiabeticNephropathy,70_79,-39.0,Central sub-Saharan Africa,F
StdGlycControl -> DiabeticNephropathy,80_100,-39.0,Central sub-Saharan Africa,F
IntsvGlycControl -> DiabeticRetinopathy,0_4,-65.0,Central sub-Saharan Africa,F
IntsvGlycControl -> DiabeticRetinopathy,5_9,-65.0,Central sub-Saharan Africa,F
IntsvGlycControl -> DiabeticRetinopathy,10_14,-65.0,Central sub-Saharan Africa,F
IntsvGlycControl -> DiabeticRetinopathy,15_19,-65.0,Central sub-Saharan Africa,F
IntsvGlycControl -> DiabeticRetinopathy,20_24,-65.0,Central sub-Saharan Africa,F
IntsvGlycControl -> DiabeticRetinopathy,25_29,-65.0,Central sub-Saharan Africa,F
IntsvGlycControl -> DiabeticRetinopathy,30_39,-65.0,Central sub-Saharan Africa,F
IntsvGlycControl -> DiabeticRetinopathy,40_49,-65.0,Central sub-Saharan Africa,F
IntsvGlycControl -> DiabeticRetinopathy,50_59,-65.0,Central sub-Saharan Africa,F
IntsvGlycControl -> DiabeticRetinopathy,60_69,-65.0,Central sub-Saharan Africa,F
IntsvGlycControl -> DiabeticRetinopathy,70_79,-65.0,Central sub-Saharan Africa,F
IntsvGlycControl -> DiabeticRetinopathy,80_100,-65.0,Central sub-Saharan Africa,F
IntsvGlycControl -> LowerExtrmAmpt,0_4,-15.1,Central sub-Saharan Africa,F
IntsvGlycControl -> LowerExtrmAmpt,5_9,-15.1,Central sub-Saharan Africa,F
IntsvGlycControl -> LowerExtrmAmpt,10_14,-15.1,Central sub-Saharan Africa,F
IntsvGlycControl -> LowerExtrmAmpt,15_19,-15.1,Central sub-Saharan Africa,F
IntsvGlycControl -> LowerExtrmAmpt,20_24,-15.1,Central sub-Saharan Africa,F
IntsvGlycControl -> LowerExtrmAmpt,25_29,-15.1,Central sub-Saharan Africa,F
IntsvGlycControl -> LowerExtrmAmpt,30_39,-15.1,Central sub-Saharan Africa,F
IntsvGlycControl -> LowerExtrmAmpt,40_49,-15.1,Central sub-Saharan Africa,F
IntsvGlycControl -> LowerExtrmAmpt,50_59,-15.1,Central sub-Saharan Africa,F
IntsvGlycControl -> LowerExtrmAmpt,60_69,-15.1,Central sub-Saharan Africa,F
IntsvGlycControl -> LowerExtrmAmpt,70_79,-15.1,Central sub-Saharan Africa,F
IntsvGlycControl -> LowerExtrmAmpt,80_100,-15.1,Central sub-Saharan Africa,F
IntsvGlycControl -> DiabeticNephropathy,0_4,-39.0,Central sub-Saharan Africa,F
IntsvGlycControl -> DiabeticNephropathy,5_9,-39.0,Central sub-Saharan Africa,F
IntsvGlycControl -> DiabeticNephropathy,10_14,-39.0,Central sub-Saharan Africa,F
IntsvGlycControl -> DiabeticNephropathy,15_19,-39.0,Central sub-Saharan Africa,F
IntsvGlycControl -> DiabeticNephropathy,20_24,-39.0,Central sub-Saharan Africa,F
IntsvGlycControl -> DiabeticNephropathy,25_29,-39.0,Central sub-Saharan Africa,F
IntsvGlycControl -> DiabeticNephropathy,30_39,-39.0,Central sub-Saharan Africa,F
IntsvGlycControl -> DiabeticNephropathy,40_49,-39.0,Central sub-Saharan Africa,F
IntsvGlycControl -> DiabeticNephropathy,50_59,-39.0,Central sub-Saharan Africa,F
IntsvGlycControl -> DiabeticNephropathy,60_69,-39.0,Central sub-Saharan Africa,F
IntsvGlycControl -> DiabeticNephropathy,70_79,-39.0,Central sub-Saharan Africa,F
IntsvGlycControl -> DiabeticNephropathy,80_100,-39.0,Central sub-Saharan Africa,F
RetinopathyScrn -> DiabeticRetinopathy,0_4,-20.0,Central sub-Saharan Africa,F
RetinopathyScrn -> DiabeticRetinopathy,5_9,-20.0,Central sub-Saharan Africa,F
RetinopathyScrn -> DiabeticRetinopathy,10_14,-20.0,Central sub-Saharan Africa,F
RetinopathyScrn -> DiabeticRetinopathy,15_19,-20.0,Central sub-Saharan Africa,F
RetinopathyScrn -> DiabeticRetinopathy,20_24,-20.0,Central sub-Saharan Africa,F
RetinopathyScrn -> DiabeticRetinopathy,25_29,-20.0,Central sub-Saharan Africa,F
RetinopathyScrn -> DiabeticRetinopathy,30_39,-20.0,Central sub-Saharan Africa,F
RetinopathyScrn -> DiabeticRetinopathy,40_49,-20.0,Central sub-Saharan Africa,F
RetinopathyScrn -> DiabeticRetinopathy,50_59,-20.0,Central sub-Saharan Africa,F
RetinopathyScrn -> DiabeticRetinopathy,60_69,-20.0,Central sub-Saharan Africa,F
RetinopathyScrn -> DiabeticRetinopathy,70_79,-20.0,Central sub-Saharan Africa,F
RetinopathyScrn -> DiabeticRetinopathy,80_100,-20.0,Central sub-Saharan Africa,F
NeuropathyScr -> LowerExtrmAmpt,0_4,-35.0,Central sub-Saharan Africa,F
NeuropathyScr -> LowerExtrmAmpt,5_9,-35.0,Central sub-Saharan Africa,F
NeuropathyScr -> LowerExtrmAmpt,10_14,-35.0,Central sub-Saharan Africa,F
NeuropathyScr -> LowerExtrmAmpt,15_19,-35.0,Central sub-Saharan Africa,F
NeuropathyScr -> LowerExtrmAmpt,20_24,-35.0,Central sub-Saharan Africa,F
NeuropathyScr -> LowerExtrmAmpt,25_29,-35.0,Central sub-Saharan Africa,F
NeuropathyScr -> LowerExtrmAmpt,30_39,-35.0,Central sub-Saharan Africa,F
NeuropathyScr -> LowerExtrmAmpt,40_49,-35.0,Central sub-Saharan Africa,F
NeuropathyScr -> LowerExtrmAmpt,50_59,-35.0,Central sub-Saharan Africa,F
NeuropathyScr -> LowerExtrmAmpt,60_69,-35.0,Central sub-Saharan Africa,F
NeuropathyScr -> LowerExtrmAmpt,70_79,-35.0,Central sub-Saharan Africa,F
NeuropathyScr -> LowerExtrmAmpt,80_100,-35.0,Central sub-Saharan Africa,F
NephropathyScr -> DiabeticNephropathy,0_4,-24.0,Central sub-Saharan Africa,F
NephropathyScr -> DiabeticNephropathy,5_9,-24.0,Central sub-Saharan Africa,F
NephropathyScr -> DiabeticNephropathy,10_14,-24.0,Central sub-Saharan Africa,F
NephropathyScr -> DiabeticNephropathy,15_19,-24.0,Central sub-Saharan Africa,F
NephropathyScr -> DiabeticNephropathy,20_24,-24.0,Central sub-Saharan Africa,F
NephropathyScr -> DiabeticNephropathy,25_29,-24.0,Central sub-Saharan Africa,F
NephropathyScr -> DiabeticNephropathy,30_39,-24.0,Central sub-Saharan Africa,F
NephropathyScr -> DiabeticNephropathy,40_49,-24.0,Central sub-Saharan Africa,F
NephropathyScr -> DiabeticNephropathy,50_59,-24.0,Central sub-Saharan Africa,F
NephropathyScr -> DiabeticNephropathy,60_69,-24.0,Central sub-Saharan Africa,F
NephropathyScr -> DiabeticNephropathy,70_79,-24.0,Central sub-Saharan Africa,F
NephropathyScr -> DiabeticNephropathy,80_100,-24.0,Central sub-Saharan Africa,F
DiabeticNephropathy -> Disability,0_4,0.338,Central sub-Saharan Africa,F
DiabeticNephropathy -> Disability,5_9,0.338,Central sub-Saharan Africa,F
DiabeticNephropathy -> Disability,10_14,0.338,Central sub-Saharan Africa,F
DiabeticNephropathy -> Disability,15_19,0.338,Central sub-Saharan Africa,F
DiabeticNephropathy -> Disability,20_24,0.338,Central sub-Saharan Africa,F
DiabeticNephropathy -> Disability,25_29,0.338,Central sub-Saharan Africa,F
DiabeticNephropathy -> Disability,30_39,0.338,Central sub-Saharan Africa,F
DiabeticNephropathy -> Disability,40_49,0.338,Central sub-Saharan Africa,F
DiabeticNephropathy -> Disability,50_59,0.338,Central sub-Saharan Africa,F
DiabeticNephropathy -> Disability,60_69,0.338,Central sub-Saharan Africa,F
DiabeticNephropathy -> Disability,70_79,0.338,Central sub-Saharan Africa,F
DiabeticNephropathy -> Disability,80_100,0.338,Central sub-Saharan Africa,F
DiabeticNephropathy -> Deceased,0_4,0.0,Central sub-Saharan Africa,F
DiabeticNephropathy -> Deceased,5_9,0.0,Central sub-Saharan Africa,F
DiabeticNephropathy -> Deceased,10_14,0.0,Central sub-Saharan Africa,F
DiabeticNephropathy -> Deceased,15_19,0.0,Central sub-Saharan Africa,F
DiabeticNephropathy -> Deceased,20_24,0.0016546846081958498,Central sub-Saharan Africa,F
DiabeticNephropathy -> Deceased,25_29,0.0077218615049139665,Central sub-Saharan Africa,F
DiabeticNephropathy -> Deceased,30_39,0.020040069143705295,Central sub-Saharan Africa,F
DiabeticNephropathy -> Deceased,40_49,0.02518797681364794,Central sub-Saharan Africa,F
DiabeticNephropathy -> Deceased,50_59,0.03180671524643134,Central sub-Saharan Africa,F
DiabeticNephropathy -> Deceased,60_69,0.03879316136992493,Central sub-Saharan Africa,F
DiabeticNephropathy -> Deceased,70_79,0.06490040741034833,Central sub-Saharan Africa,F
DiabeticNephropathy -> Deceased,80_100,0.1161956302644197,Central sub-Saharan Africa,F
Prevalence -> DiabeticNephropathy,0_4,0.00428,Central sub-Saharan Africa,F
Prevalence -> DiabeticNephropathy,5_9,0.00428,Central sub-Saharan Africa,F
Prevalence -> DiabeticNephropathy,10_14,0.00436,Central sub-Saharan Africa,F
Prevalence -> DiabeticNephropathy,15_19,0.004560000000000001,Central sub-Saharan Africa,F
Prevalence -> DiabeticNephropathy,20_24,0.00496,Central sub-Saharan Africa,F
Prevalence -> DiabeticNephropathy,25_29,0.006200000000000001,Central sub-Saharan Africa,F
Prevalence -> DiabeticNephropathy,30_39,0.011000000000000001,Central sub-Saharan Africa,F
Prevalence -> DiabeticNephropathy,40_49,0.020680000000000004,Central sub-Saharan Africa,F
Prevalence -> DiabeticNephropathy,50_59,0.03332,Central sub-Saharan Africa,F
Prevalence -> DiabeticNephropathy,60_69,0.04012,Central sub-Saharan Africa,F
Prevalence -> DiabeticNephropathy,70_79,0.04916,Central sub-Saharan Africa,F
Prevalence -> DiabeticNephropathy,80_100,0.08984,Central sub-Saharan Africa,F
DsFreeSus -> Disability,0_4,0.025336836948309512,East Asia,M
DsFreeSus -> Disability,5_9,0.03628968740551846,East Asia,M
DsFreeSus -> Disability,10_14,0.047242537862727405,East Asia,M
DsFreeSus -> Disability,15_19,0.05819538831993635,East Asia,M
DsFreeSus -> Disability,20_24,0.0691482387771453,East Asia,M
DsFreeSus -> Disability,25_29,0.08010108923435424,East Asia,M
DsFreeSus -> Disability,30_39,0.09653036492016766,East Asia,M
DsFreeSus -> Disability,40_49,0.11843606583458556,East Asia,M
DsFreeSus -> Disability,50_59,0.14034176674900345,East Asia,M
DsFreeSus -> Disability,60_69,0.16224746766342135,East Asia,M
DsFreeSus -> Disability,70_79,0.18415316857783923,East Asia,M
DsFreeSus -> Disability,80_100,0.2115352947208616,East Asia,M
DsFreeSus -> Diabetes,0_4,2e-09,East Asia,M
DsFreeSus -> Diabetes,5_9,2e-09,East Asia,M
DsFreeSus -> Diabetes,10_14,1e-09,East Asia,M
DsFreeSus -> Diabetes,15_19,0.0,East Asia,M
DsFreeSus -> Diabetes,20_24,0.0002,East Asia,M
DsFreeSus -> Diabetes,25_29,0.0009,East Asia,M
DsFreeSus -> Diabetes,30_39,0.0019,East Asia,M
DsFreeSus -> Diabetes,40_49,0.0027,East Asia,M
DsFreeSus -> Diabetes,50_59,0.0037,East Asia,M
DsFreeSus -> Diabetes,60_69,0.0026,East Asia,M
DsFreeSus -> Diabetes,70_79,0.0057,East Asia,M
DsFreeSus -> Diabetes,80_100,0.0137,East Asia,M
Diabetes -> Disability,0_4,0.031,East Asia,M
Diabetes -> Disability,5_9,0.031,East Asia,M
Diabetes -> Disability,10_14,0.031,East Asia,M
Diabetes -> Disability,15_19,0.031,East Asia,M
Diabetes -> Disability,20_24,0.031,East Asia,M
Diabetes -> Disability,25_29,0.031,East Asia,M
Diabetes -> Disability,30_39,0.031,East Asia,M
Diabetes -> Disability,40_49,0.031,East Asia,M
Diabetes -> Disability,50_59,0.031,East Asia,M
Diabetes -> Disability,60_69,0.031,East Asia,M
Diabetes -> Disability,70_79,0.031,East Asia,M
Diabetes -> Disability,80_100,0.031,East Asia,M
Diabetes -> Deceased,0_4,0.0,East Asia,M
Diabetes -> Deceased,5_9,0.0,East Asia,M
Diabetes -> Deceased,10_14,0.0,East Asia,M
Diabetes -> Deceased,15_19,0.0,East Asia,M
Diabetes -> Deceased,20_24,0.0001221620234917571,East Asia,M
Diabetes -> Deceased,25_29,0.0004275670822211499,East Asia,M
Diabetes -> Deceased,30_39,0.0010383771996799354,East Asia,M
Diabetes -> Deceased,40_49,0.002076754399359871,East Asia,M
Diabetes -> Deceased,50_59,0.004642156892686771,East Asia,M
Diabetes -> Deceased,60_69,0.00806269355045597,East Asia,M
Diabetes -> Deceased,70_79,0.01569782001869079,East Asia,M
Diabetes -> Deceased,80_100,0.030296181825955764,East Asia,M
Diabetes -> DiabeticRetinopathy,0_4,0.0,East Asia,M
Diabetes -> DiabeticRetinopathy,5_9,0.0,East Asia,M
Diabetes -> DiabeticRetinopathy,10_14,0.0,East Asia,M
Diabetes -> DiabeticRetinopathy,15_19,0.0,East Asia,M
Diabetes -> DiabeticRetinopathy,20_24,0.0015980660566826761,East Asia,M
Diabetes -> DiabeticRetinopathy,25_29,0.0008559029840354931,East Asia,M
Diabetes -> DiabeticRetinopathy,30_39,0.00309022394166843,East Asia,M
Diabetes -> DiabeticRetinopathy,40_49,0.0022936282921252587,East Asia,M
Diabetes -> DiabeticRetinopathy,50_59,0.002788728951992334,East Asia,M
Diabetes -> DiabeticRetinopathy,60_69,0.004973960936270562,East Asia,M
Diabetes -> DiabeticRetinopathy,70_79,0.005246939171275527,East Asia,M
Diabetes -> DiabeticRetinopathy,80_100,0.005511841950223223,East Asia,M
Diabetes -> LowerExtrmAmpt,0_4,0.0,East Asia,M
Diabetes -> LowerExtrmAmpt,5_9,0.0,East Asia,M
Diabetes -> LowerExtrmAmpt,10_14,4.0820575202725184e-05,East Asia,M
Diabetes -> LowerExtrmAmpt,15_19,0.0008251832324003406,East Asia,M
Diabetes -> LowerExtrmAmpt,20_24,0.003066758993896053,East Asia,M
Diabetes -> LowerExtrmAmpt,25_29,0.007485957442459687,East Asia,M
Diabetes -> LowerExtrmAmpt,30_39,0.008779588383417726,East Asia,M
Diabetes -> LowerExtrmAmpt,40_49,0.0013233108984302205,East Asia,M
Diabetes -> LowerExtrmAmpt,50_59,0.00046547469952013844,East Asia,M
Diabetes -> LowerExtrmAmpt,60_69,0.004522182709089396,East Asia,M
Diabetes -> LowerExtrmAmpt,70_79,0.012258732963893631,East Asia,M
Diabetes -> LowerExtrmAmpt,80_100,0.017347246042864063,East Asia,M
Diabetes -> DiabeticNephropathy,0_4,0.0,East Asia,M
Diabetes -> DiabeticNephropathy,5_9,0.0,East Asia,M
Diabetes -> DiabeticNephropathy,10_14,0.014,East Asia,M
Diabetes -> DiabeticNephropathy,15_19,0.014,East Asia,M
Diabetes -> DiabeticNephropathy,20_24,0.014,East Asia,M
Diabetes -> DiabeticNephropathy,25_29,0.014,East Asia,M
Diabetes -> DiabeticNephropathy,30_39,0.014,East Asia,M
Diabetes -> DiabeticNephropathy,40_49,0.014,East Asia,M
Diabetes -> DiabeticNephropathy,50_59,0.014,East Asia,M
Diabetes -> DiabeticNephropathy,60_69,0.014,East Asia,M
Diabetes -> DiabeticNephropathy,70_79,0.014,East Asia,M
Diabetes -> DiabeticNephropathy,80_100,0.014,East Asia,M
Prevalence -> Diabetes,0_4,0.0,East Asia,M
Prevalence -> Diabetes,5_9,0.0,East Asia,M
Prevalence -> Diabetes,10_14,0.0072398,East Asia,M
Prevalence -> Diabetes,15_19,0.0074447,East Asia,M
Prevalence -> Diabetes,20_24,0.0077179,East Asia,M
Prevalence -> Diabetes,25_29,0.0094937,East Asia,M
Prevalence -> Diabetes,30_39,0.0174165,East Asia,M
Prevalence -> Diabetes,40_49,0.0310765,East Asia,M
Prevalence -> Diabetes,50_59,0.05142990000000001,East Asia,M
Prevalence -> Diabetes,60_69,0.0649533,East Asia,M
Prevalence -> Diabetes,70_79,0.072398,East Asia,M
Prevalence -> Diabetes,80_100,0.10784570000000002,East Asia,M
DiabeticRetinopathy -> Disability,0_4,0.338,East Asia,M
DiabeticRetinopathy -> Disability,5_9,0.338,East Asia,M
DiabeticRetinopathy -> Disability,10_14,0.338,East Asia,M
DiabeticRetinopathy -> Disability,15_19,0.338,East Asia,M
DiabeticRetinopathy -> Disability,20_24,0.338,East Asia,M
DiabeticRetinopathy -> Disability,25_29,0.338,East Asia,M
DiabeticRetinopathy -> Disability,30_39,0.338,East Asia,M
DiabeticRetinopathy -> Disability,40_49,0.338,East Asia,M
DiabeticRetinopathy -> Disability,50_59,0.338,East Asia,M
DiabeticRetinopathy -> Disability,60_69,0.338,East Asia,M
DiabeticRetinopathy -> Disability,70_79,0.338,East Asia,M
DiabeticRetinopathy -> Disability,80_100,0.338,East Asia,M
DiabeticRetinopathy -> Deceased,0_4,0.0,East Asia,M
DiabeticRetinopathy -> Deceased,5_9,0.0,East Asia,M
DiabeticRetinopathy -> Deceased,10_14,0.0,East Asia,M
DiabeticRetinopathy -> Deceased,15_19,0.0,East Asia,M
DiabeticRetinopathy -> Deceased,20_24,0.0002,East Asia,M
DiabeticRetinopathy -> Deceased,25_29,0.001,East Asia,M
DiabeticRetinopathy -> Deceased,30_39,0.0033,East Asia,M
DiabeticRetinopathy -> Deceased,40_49,0.0068,East Asia,M
DiabeticRetinopathy -> Deceased,50_59,0.0152,East Asia,M
DiabeticRetinopathy -> Deceased,60_69,0.0272,East Asia,M
DiabeticRetinopathy -> Deceased,70_79,0.0511,East Asia,M
DiabeticRetinopathy -> Deceased,80_100,0.0973,East Asia,M
Prevalence -> DiabeticRetinopathy,0_4,0.0001,East Asia,M
Prevalence -> DiabeticRetinopathy,5_9,0.0,East Asia,M
Prevalence -> DiabeticRetinopathy,10_14,0.0,East Asia,M
Prevalence -> DiabeticRetinopathy,15_19,0.0,East Asia,M
Prevalence -> DiabeticRetinopathy,20_24,0.0013,East Asia,M
Prevalence -> DiabeticRetinopathy,25_29,0.0014,East Asia,M
Prevalence -> DiabeticRetinopathy,30_39,0.0017,East Asia,M
Prevalence -> DiabeticRetinopathy,40_49,0.0025,East Asia,M
Prevalence -> DiabeticRetinopathy,50_59,0.0036,East Asia,M
Prevalence -> DiabeticRetinopathy,60_69,0.0059,East Asia,M
Prevalence -> DiabeticRetinopathy,70_79,0.0084,East Asia,M
Prevalence -> DiabeticRetinopathy,80_100,0.0089,East Asia,M
LowerExtrmAmpt -> Disability,0_4,0.164,East Asia,M
LowerExtrmAmpt -> Disability,5_9,0.164,East Asia,M
LowerExtrmAmpt -> Disability,10_14,0.164,East Asia,M
LowerExtrmAmpt -> Disability,15_19,0.164,East Asia,M
LowerExtrmAmpt -> Disability,20_24,0.164,East Asia,M
LowerExtrmAmpt -> Disability,25_29,0.164,East Asia,M
LowerExtrmAmpt -> Disability,30_39,0.164,East Asia,M
LowerExtrmAmpt -> Disability,40_49,0.164,East Asia,M
LowerExtrmAmpt -> Disability,50_59,0.164,East Asia,M
LowerExtrmAmpt -> Disability,60_69,0.164,East Asia,M
LowerExtrmAmpt -> Disability,70_79,0.164,East Asia,M
LowerExtrmAmpt -> Disability,80_100,0.164,East Asia,M
LowerExtrmAmpt -> Deceased,0_4,0.0,East Asia,M
LowerExtrmAmpt -> Deceased,5_9,0.0,East Asia,M
LowerExtrmAmpt -> Deceased,10_14,0.0,East Asia,M
LowerExtrmAmpt -> Deceased,15_19,0.0,East Asia,M
LowerExtrmAmpt -> Deceased,20_24,0.0002,East Asia,M
LowerExtrmAmpt -> Deceased,25_29,0.0011,East Asia,M
LowerExtrmAmpt -> Deceased,30_39,0.0035,East Asia,M
LowerExtrmAmpt -> Deceased,40_49,0.0067,East Asia,M
LowerExtrmAmpt -> Deceased,50_59,0.0149,East Asia,M
LowerExtrmAmpt -> Deceased,60_69,0.0276,East Asia,M
LowerExtrmAmpt -> Deceased,70_79,0.0522,East Asia,M
LowerExtrmAmpt -> Deceased,80_100,0.1002,East Asia,M
Prevalence -> LowerExtrmAmpt,0_4,0.0,East Asia,M
Prevalence -> LowerExtrmAmpt,5_9,0.0,East Asia,M
Prevalence -> LowerExtrmAmpt,10_14,0.0,East Asia,M
Prevalence -> LowerExtrmAmpt,15_19,0.0,East Asia,M
Prevalence -> LowerExtrmAmpt,20_24,0.0001,East Asia,M
Prevalence -> LowerExtrmAmpt,25_29,0.0004,East Asia,M
Prevalence -> LowerExtrmAmpt,30_39,0.0019,East Asia,M
Prevalence -> LowerExtrmAmpt,40_49,0.0032,East Asia,M
Prevalence -> LowerExtrmAmpt,50_59,0.0031,East Asia,M
Prevalence -> LowerExtrmAmpt,60_69,0.0043,East Asia,M
Prevalence -> LowerExtrmAmpt,70_79,0.0095,East Asia,M
Prevalence -> LowerExtrmAmpt,80_100,0.0195,East Asia,M
Disability -> Disability,0_4,0.0,East Asia,M
Disability -> Disability,5_9,0.0,East Asia,M
Disability -> Disability,10_14,0.0,East Asia,M
Disability -> Disability,15_19,0.0,East Asia,M
Disability -> Disability,20_24,0.0,East Asia,M
Disability -> Disability,25_29,0.0,East Asia,M
Disability -> Disability,30_39,0.0,East Asia,M
Disability -> Disability,40_49,0.0,East Asia,M
Disability -> Disability,50_59,0.0,East Asia,M
Disability -> Disability,60_69,0.0,East Asia,M
Disability -> Disability,70_79,0.0,East Asia,M
Disability -> Disability,80_100,0.0,East Asia,M
StdGlycControl -> DiabeticRetinopathy,0_4,-75.0,East Asia,M
StdGlycControl -> DiabeticRetinopathy,5_9,-75.0,East Asia,M
StdGlycControl -> DiabeticRetinopathy,10_14,-75.0,East Asia,M
StdGlycControl -> DiabeticRetinopathy,15_19,-75.0,East Asia,M
StdGlycControl -> DiabeticRetinopathy,20_24,-75.0,East Asia,M
StdGlycControl -> DiabeticRetinopathy,25_29,-75.0,East Asia,M
StdGlycControl -> DiabeticRetinopathy,30_39,-75.0,East Asia,M
StdGlycControl -> DiabeticRetinopathy,40_49,-75.0,East Asia,M
StdGlycControl -> DiabeticRetinopathy,50_59,-75.0,East Asia,M
StdGlycControl -> DiabeticRetinopathy,60_69,-75.0,East Asia,M
StdGlycControl -> DiabeticRetinopathy,70_79,-75.0,East Asia,M
StdGlycControl -> DiabeticRetinopathy,80_100,-75.0,East Asia,M
StdGlycControl -> LowerExtrmAmpt,0_4,-28.6,East Asia,M
StdGlycControl -> LowerExtrmAmpt,5_9,-28.6,East Asia,M
StdGlycControl -> LowerExtrmAmpt,10_14,-28.6,East Asia,M
StdGlycControl -> LowerExtrmAmpt,15_19,-28.6,East Asia,M
StdGlycControl -> LowerExtrmAmpt,20_24,-28.6,East Asia,M
StdGlycControl -> LowerExtrmAmpt,25_29,-28.6,East Asia,M
StdGlycControl -> LowerExtrmAmpt,30_39,-28.6,East Asia,M
StdGlycControl -> LowerExtrmAmpt,40_49,-28.6,East Asia,M
StdGlycControl -> LowerExtrmAmpt,50_59,-28.6,East Asia,M
StdGlycControl -> LowerExtrmAmpt,60_69,-28.6,East Asia,M
StdGlycControl -> LowerExtrmAmpt,70_79,-28.6,East Asia,M
StdGlycControl -> LowerExtrmAmpt,80_100,-28.6,East Asia,M
StdGlycControl -> DiabeticNephropathy,0_4,-39.0,East Asia,M
StdGlycControl -> DiabeticNephropathy,5_9,-39.0,East Asia,M
StdGlycControl -> DiabeticNephropathy,10_14,-39.0,East Asia,M
StdGlycControl -> DiabeticNephropathy,15_19,-39.0,East Asia,M
StdGlycControl -> DiabeticNephropathy,20_24,-39.0,East Asia,M
StdGlycControl -> DiabeticNephropathy,25_29,-39.0,East Asia,M
StdGlycControl -> DiabeticNephropathy,30_39,-39.0,East Asia,M
StdGlycControl -> DiabeticNephropathy,40_49,-39.0,East Asia,M
StdGlycControl -> DiabeticNephropathy,50_59,-39.0,East Asia,M
StdGlycControl -> DiabeticNephropathy,60_69,-39.0,East Asia,M
StdGlycControl -> DiabeticNephropathy,70_79,-39.0,East Asia,M
StdGlycControl -> DiabeticNephropathy,80_100,-39.0,East Asia,M
IntsvGlycControl -> DiabeticRetinopathy,0_4,-65.0,East Asia,M
IntsvGlycControl -> DiabeticRetinopathy,5_9,-65.0,East Asia,M
IntsvGlycControl -> DiabeticRetinopathy,10_14,-65.0,East Asia,M
IntsvGlycControl -> DiabeticRetinopathy,15_19,-65.0,East Asia,M
IntsvGlycControl -> DiabeticRetinopathy,20_24,-65.0,East Asia,M
IntsvGlycControl -> DiabeticRetinopathy,25_29,-65.0,East Asia,M
IntsvGlycControl -> DiabeticRetinopathy,30_39,-65.0,East Asia,M
IntsvGlycControl -> DiabeticRetinopathy,40_49,-65.0,East Asia,M
IntsvGlycControl -> DiabeticRetinopathy,50_59,-65.0,East Asia,M
IntsvGlycControl -> DiabeticRetinopathy,60_69,-65.0,East Asia,M
IntsvGlycControl -> DiabeticRetinopathy,70_79,-65.0,East Asia,M
IntsvGlycControl -> DiabeticRetinopathy,80_100,-65.0,East Asia,M
IntsvGlycControl -> LowerExtrmAmpt,0_4,-15.1,East Asia,M
IntsvGlycControl -> LowerExtrmAmpt,5_9,-15.1,East Asia,M
IntsvGlycControl -> LowerExtrmAmpt,10_14,-15.1,East Asia,M
IntsvGlycControl -> LowerExtrmAmpt,15_19,-15.1,East Asia,M
IntsvGlycControl -> LowerExtrmAmpt,20_24,-15.1,East Asia,M
IntsvGlycControl -> LowerExtrmAmpt,25_29,-15.1,East Asia,M
IntsvGlycControl -> LowerExtrmAmpt,30_39,-15.1,East Asia,M
IntsvGlycControl -> LowerExtrmAmpt,40_49,-15.1,East Asia,M
IntsvGlycControl -> LowerExtrmAmpt,50_59,-15.1,East Asia,M
IntsvGlycControl -> LowerExtrmAmpt,60_69,-15.1,East Asia,M
IntsvGlycControl -> LowerExtrmAmpt,70_79,-15.1,East Asia,M
IntsvGlycControl -> LowerExtrmAmpt,80_100,-15.1,East Asia,M
IntsvGlycControl -> DiabeticNephropathy,0_4,-39.0,East Asia,M
IntsvGlycControl -> DiabeticNephropathy,5_9,-39.0,East Asia,M
IntsvGlycControl -> DiabeticNephropathy,10_14,-39.0,East Asia,M
IntsvGlycControl -> DiabeticNephropathy,15_19,-39.0,East Asia,M
IntsvGlycControl -> DiabeticNephropathy,20_24,-39.0,East Asia,M
IntsvGlycControl -> DiabeticNephropathy,25_29,-39.0,East Asia,M
IntsvGlycControl -> DiabeticNephropathy,30_39,-39.0,East Asia,M
IntsvGlycControl -> DiabeticNephropathy,40_49,-39.0,East Asia,M
IntsvGlycControl -> DiabeticNephropathy,50_59,-39.0,East Asia,M
IntsvGlycControl -> DiabeticNephropathy,60_69,-39.0,East Asia,M
IntsvGlycControl -> DiabeticNephropathy,70_79,-39.0,East Asia,M
IntsvGlycControl -> DiabeticNephropathy,80_100,-39.0,East Asia,M
RetinopathyScrn -> DiabeticRetinopathy,0_4,-20.0,East Asia,M
RetinopathyScrn -> DiabeticRetinopathy,5_9,-20.0,East Asia,M
RetinopathyScrn -> DiabeticRetinopathy,10_14,-20.0,East Asia,M
RetinopathyScrn -> DiabeticRetinopathy,15_19,-20.0,East Asia,M
RetinopathyScrn -> DiabeticRetinopathy,20_24,-20.0,East Asia,M
RetinopathyScrn -> DiabeticRetinopathy,25_29,-20.0,East Asia,M
RetinopathyScrn -> DiabeticRetinopathy,30_39,-20.0,East Asia,M
RetinopathyScrn -> DiabeticRetinopathy,40_49,-20.0,East Asia,M
RetinopathyScrn -> DiabeticRetinopathy,50_59,-20.0,East Asia,M
RetinopathyScrn -> DiabeticRetinopathy,60_69,-20.0,East Asia,M
RetinopathyScrn -> DiabeticRetinopathy,70_79,-20.0,East Asia,M
RetinopathyScrn -> DiabeticRetinopathy,80_100,-20.0,East Asia,M
NeuropathyScr -> LowerExtrmAmpt,0_4,-35.0,East Asia,M
NeuropathyScr -> LowerExtrmAmpt,5_9,-35.0,East Asia,M
NeuropathyScr -> LowerExtrmAmpt,10_14,-35.0,East Asia,M
NeuropathyScr -> LowerExtrmAmpt,15_19,-35.0,East Asia,M
NeuropathyScr -> LowerExtrmAmpt,20_24,-35.0,East Asia,M
NeuropathyScr -> LowerExtrmAmpt,25_29,-35.0,East Asia,M
NeuropathyScr -> LowerExtrmAmpt,30_39,-35.0,East Asia,M
NeuropathyScr -> LowerExtrmAmpt,40_49,-35.0,East Asia,M
NeuropathyScr -> LowerExtrmAmpt,50_59,-35.0,East Asia,M
NeuropathyScr -> LowerExtrmAmpt,60_69,-35.0,East Asia,M
NeuropathyScr -> LowerExtrmAmpt,70_79,-35.0,East Asia,M
NeuropathyScr -> LowerExtrmAmpt,80_100,-35.0,East Asia,M
NephropathyScr -> DiabeticNephropathy,0_4,-24.0,East Asia,M
NephropathyScr -> DiabeticNephropathy,5_9,-24.0,East Asia,M
NephropathyScr -> DiabeticNephropathy,10_14,-24.0,East Asia,M
NephropathyScr -> DiabeticNephropathy,15_19,-24.0,East Asia,M
NephropathyScr -> DiabeticNephropathy,20_24,-24.0,East Asia,M
NephropathyScr -> DiabeticNephropathy,25_29,-24.0,East Asia,M
NephropathyScr -> DiabeticNephropathy,30_39,-24.0,East Asia,M
NephropathyScr -> DiabeticNephropathy,40_49,-24.0,East Asia,M
NephropathyScr -> DiabeticNephropathy,50_59,-24.0,East Asia,M
NephropathyScr -> DiabeticNephropathy,60_69,-24.0,East Asia,M
NephropathyScr -> DiabeticNephropathy,70_79,-24.0,East Asia,M
NephropathyScr -> DiabeticNephropathy,80_100,-24.0,East Asia,M
DiabeticNephropathy -> Disability,0_4,0.338,East Asia,M
DiabeticNephropathy -> Disability,5_9,0.338,East Asia,M
DiabeticNephropathy -> Disability,10_14,0.338,East Asia,M
DiabeticNephropathy -> Disability,15_19,0.338,East Asia,M
DiabeticNephropathy -> Disability,20_24,0.338,East Asia,M
DiabeticNephropathy -> Disability,25_29,0.338,East Asia,M
DiabeticNephropathy -> Disability,30_39,0.338,East Asia,M
DiabeticNephropathy -> Disability,40_49,0.338,East Asia,M
DiabeticNephropathy -> Disability,50_59,0.338,East Asia,M
DiabeticNephropathy -> Disability,60_69,0.338,East Asia,M
DiabeticNephropathy -> Disability,70_79,0.338,East Asia,M
DiabeticNephropathy -> Disability,80_100,0.338,East Asia,M
DiabeticNephropathy -> Deceased,0_4,0.0,East Asia,M
DiabeticNephropathy -> Deceased,5_9,0.0,East Asia,M
DiabeticNephropathy -> Deceased,10_14,0.0,East Asia,M
DiabeticNephropathy -> Deceased,15_19,0.0,East Asia,M
DiabeticNephropathy -> Deceased,20_24,0.00036770769071018885,East Asia,M
DiabeticNephropathy -> Deceased,25_29,0.0012869769174856612,East Asia,M
DiabeticNephropathy -> Deceased,30_39,0.0031255153710366052,East Asia,M
DiabeticNephropathy -> Deceased,40_49,0.0062510307420732105,East Asia,M
DiabeticNephropathy -> Deceased,50_59,0.013972892246987178,East Asia,M
DiabeticNephropathy -> Deceased,60_69,0.024268707586872468,East Asia,M
DiabeticNephropathy -> Deceased,70_79,0.047250438256259276,East Asia,M
DiabeticNephropathy -> Deceased,80_100,0.09119150729612684,East Asia,M
Prevalence -> DiabeticNephropathy,0_4,0.00428,East Asia,M
Prevalence -> DiabeticNephropathy,5_9,0.00428,East Asia,M
Prevalence -> DiabeticNephropathy,10_14,0.00436,East Asia,M
Prevalence -> DiabeticNephropathy,15_19,0.004560000000000001,East Asia,M
Prevalence -> DiabeticNephropathy,20_24,0.00496,East Asia,M
Prevalence -> DiabeticNephropathy,25_29,0.006200000000000001,East Asia,M
Prevalence -> DiabeticNephropathy,30_39,0.011000000000000001,East Asia,M
Prevalence -> DiabeticNephropathy,40_49,0.020680000000000004,East Asia,M
Prevalence -> DiabeticNephropathy,50_59,0.03332,East Asia,M
Prevalence -> DiabeticNephropathy,60_69,0.04012,East Asia,M
Prevalence -> DiabeticNephropathy,70_79,0.04916,East Asia,M
Prevalence -> DiabeticNephropathy,80_100,0.08984,East Asia,M
DsFreeSus -> Disability,0_4,0.022542375379076558,East Asia,F
DsFreeSus -> Disability,5_9,0.03322363603671695,East Asia,F
DsFreeSus -> Disability,10_14,0.04390489669435735,East Asia,F
DsFreeSus -> Disability,15_19,0.05458615735199775,East Asia,F
DsFreeSus -> Disability,20_24,0.06526741800963815,East Asia,F
DsFreeSus -> Disability,25_29,0.07594867866727853,East Asia,F
DsFreeSus -> Disability,30_39,0.09197056965373913,East Asia,F
DsFreeSus -> Disability,40_49,0.11333309096901992,East Asia,F
DsFreeSus -> Disability,50_59,0.13469561228430071,East Asia,F
DsFreeSus -> Disability,60_69,0.15605813359958148,East Asia,F
DsFreeSus -> Disability,70_79,0.1774206549148623,East Asia,F
DsFreeSus -> Disability,80_100,0.20412380655896328,East Asia,F
DsFreeSus -> Diabetes,0_4,1e-09,East Asia,F
DsFreeSus -> Diabetes,5_9,2e-09,East Asia,F
DsFreeSus -> Diabetes,10_14,1e-09,East Asia,F
DsFreeSus -> Diabetes,15_19,0.0,East Asia,F
DsFreeSus -> Diabetes,20_24,0.0002,East Asia,F
DsFreeSus -> Diabetes,25_29,0.0009,East Asia,F
DsFreeSus -> Diabetes,30_39,0.0018,East Asia,F
DsFreeSus -> Diabetes,40_49,0.0026,East Asia,F
DsFreeSus -> Diabetes,50_59,0.0037,East Asia,F
DsFreeSus -> Diabetes,60_69,0.0026,East Asia,F
DsFreeSus -> Diabetes,70_79,0.0061,East Asia,F
DsFreeSus -> Diabetes,80_100,0.0135,East Asia,F
Diabetes -> Disability,0_4,0.031,East Asia,F
Diabetes -> Disability,5_9,0.031,East Asia,F
Diabetes -> Disability,10_14,0.031,East Asia,F
Diabetes -> Disability,15_19,0.031,East Asia,F
Diabetes -> Disability,20_24,0.031,East Asia,F
Diabetes -> Disability,25_29,0.031,East Asia,F
Diabetes -> Disability,30_39,0.031,East Asia,F
Diabetes -> Disability,40_49,0.031,East Asia,F
Diabetes -> Disability,50_59,0.031,East Asia,F
Diabetes -> Disability,60_69,0.031,East Asia,F
Diabetes -> Disability,70_79,0.031,East Asia,F
Diabetes -> Disability,80_100,0.031,East Asia,F
Diabetes -> Deceased,0_4,0.0,East Asia,F
Diabetes -> Deceased,5_9,0.0,East Asia,F
Diabetes -> Deceased,10_14,0.0,East Asia,F
Diabetes -> Deceased,15_19,0.0,East Asia,F
Diabetes -> Deceased,20_24,6.108101174587856e-05,East Asia,F
Diabetes -> Deceased,25_29,0.0003054050587293928,East Asia,F
Diabetes -> Deceased,30_39,0.0007940531526964212,East Asia,F
Diabetes -> Deceased,40_49,0.001527025293646964,East Asia,F
Diabetes -> Deceased,50_59,0.0032983746342774424,East Asia,F
Diabetes -> Deceased,60_69,0.005619453080620828,East Asia,F
Diabetes -> Deceased,70_79,0.011605392231716926,East Asia,F
Diabetes -> Deceased,80_100,0.02247781232248331,East Asia,F
Diabetes -> DiabeticRetinopathy,0_4,0.0,East Asia,F
Diabetes -> DiabeticRetinopathy,5_9,0.0,East Asia,F
Diabetes -> DiabeticRetinopathy,10_14,0.01589294024425522,East Asia,F
Diabetes -> DiabeticRetinopathy,15_19,0.013057374784368489,East Asia,F
Diabetes -> DiabeticRetinopathy,20_24,0.0024368694474803717,East Asia,F
Diabetes -> DiabeticRetinopathy,25_29,0.0004840140520208651,East Asia,F
Diabetes -> DiabeticRetinopathy,30_39,0.004251500835659747,East Asia,F
Diabetes -> DiabeticRetinopathy,40_49,0.0032038664167529877,East Asia,F
Diabetes -> DiabeticRetinopathy,50_59,0.004005744366885013,East Asia,F
Diabetes -> DiabeticRetinopathy,60_69,0.007578570552688362,East Asia,F
Diabetes -> DiabeticRetinopathy,70_79,0.007539981892656748,East Asia,F
Diabetes -> DiabeticRetinopathy,80_100,0.0069023355081004375,East Asia,F
Diabetes -> LowerExtrmAmpt,0_4,0.0,East Asia,F
Diabetes -> LowerExtrmAmpt,5_9,0.0,East Asia,F
Diabetes -> LowerExtrmAmpt,10_14,4.5279032034915164e-05,East Asia,F
Diabetes -> LowerExtrmAmpt,15_19,0.0008793284992046837,East Asia,F
Diabetes -> LowerExtrmAmpt,20_24,0.002816957972249235,East Asia,F
Diabetes -> LowerExtrmAmpt,25_29,0.004956530996061176,East Asia,F
Diabetes -> LowerExtrmAmpt,30_39,0.005307152153258996,East Asia,F
Diabetes -> LowerExtrmAmpt,40_49,0.0010327602352664111,East Asia,F
Diabetes -> LowerExtrmAmpt,50_59,0.0002956013205215766,East Asia,F
Diabetes -> LowerExtrmAmpt,60_69,0.0028627239225793126,East Asia,F
Diabetes -> LowerExtrmAmpt,70_79,0.007659109150891846,East Asia,F
Diabetes -> LowerExtrmAmpt,80_100,0.009093465743174396,East Asia,F
Diabetes -> DiabeticNephropathy,0_4,0.0,East Asia,F
Diabetes -> DiabeticNephropathy,5_9,0.0,East Asia,F
Diabetes -> DiabeticNephropathy,10_14,0.014,East Asia,F
Diabetes -> DiabeticNephropathy,15_19,0.014,East Asia,F
Diabetes -> DiabeticNephropathy,20_24,0.014,East Asia,F
Diabetes -> DiabeticNephropathy,25_29,0.014,East Asia,F
Diabetes -> DiabeticNephropathy,30_39,0.014,East Asia,F
Diabetes -> DiabeticNephropathy,40_49,0.014,East Asia,F
Diabetes -> DiabeticNephropathy,50_59,0.014,East Asia,F
Diabetes -> DiabeticNephropathy,60_69,0.014,East Asia,F
Diabetes -> DiabeticNephropathy,70_79,0.014,East Asia,F
Diabetes -> DiabeticNephropathy,80_100,0.014,East Asia,F
Prevalence -> Diabetes,0_4,0.0056689,East Asia,F
Prevalence -> Diabetes,5_9,0.006215300000000001,East Asia,F
Prevalence -> Diabetes,10_14,0.0066934,East Asia,F
Prevalence -> Diabetes,15_19,0.0068983000000000004,East Asia,F
Prevalence -> Diabetes,20_24,0.0072398,East Asia,F
Prevalence -> Diabetes,25_29,0.0090156,East Asia,F
Prevalence -> Diabetes,30_39,0.016392,East Asia,F
Prevalence -> Diabetes,40_49,0.029300700000000002,East Asia,F
Prevalence -> Diabetes,50_59,0.0499273,East Asia,F
Prevalence -> Diabetes,60_69,0.0650899,East Asia,F
Prevalence -> Diabetes,70_79,0.07519830000000001,East Asia,F
Prevalence -> Diabetes,80_100,0.1206861,East Asia,F
DiabeticRetinopathy -> Disability,0_4,0.338,East Asia,F
DiabeticRetinopathy -> Disability,5_9,0.338,East Asia,F
DiabeticRetinopathy -> Disability,10_14,0.338,East Asia,F
DiabeticRetinopathy -> Disability,15_19,0.338,East Asia,F
DiabeticRetinopathy -> Disability,20_24,0.338,East Asia,F
DiabeticRetinopathy -> Disability,25_29,0.338,East Asia,F
DiabeticRetinopathy -> Disability,30_39,0.338,East Asia,F
DiabeticRetinopathy -> Disability,40_49,0.338,East Asia,F
DiabeticRetinopathy -> Disability,50_59,0.338,East Asia,F
DiabeticRetinopathy -> Disability,60_69,0.338,East Asia,F
DiabeticRetinopathy -> Disability,70_79,0.338,East Asia,F
DiabeticRetinopathy -> Disability,80_100,0.338,East Asia,F
DiabeticRetinopathy -> Deceased,0_4,0.0,East Asia,F
DiabeticRetinopathy -> Deceased,5_9,0.0,East Asia,F
DiabeticRetinopathy -> Deceased,10_14,0.0,East Asia,F
DiabeticRetinopathy -> Deceased,15_19,0.0,East Asia,F
DiabeticRetinopathy -> Deceased,20_24,0.0001,East Asia,F
DiabeticRetinopathy -> Deceased,25_29,0.0008,East Asia,F
DiabeticRetinopathy -> Deceased,30_39,0.0025,East Asia,F
DiabeticRetinopathy -> Deceased,40_49,0.0049,East Asia,F
DiabeticRetinopathy -> Deceased,50_59,0.0108,East Asia,F
DiabeticRetinopathy -> Deceased,60_69,0.019,East Asia,F
DiabeticRetinopathy -> Deceased,70_79,0.0377,East Asia,F
DiabeticRetinopathy -> Deceased,80_100,0.0723,East Asia,F
Prevalence -> DiabeticRetinopathy,0_4,0.0002,East Asia,F
Prevalence -> DiabeticRetinopathy,5_9,0.0,East Asia,F
Prevalence -> DiabeticRetinopathy,10_14,0.0012,East Asia,F
Prevalence -> DiabeticRetinopathy,15_19,0.002,East Asia,F
Prevalence -> DiabeticRetinopathy,20_24,0.0024,East Asia,F
Prevalence -> DiabeticRetinopathy,25_29,0.0025,East Asia,F
Prevalence -> DiabeticRetinopathy,30_39,0.0027,East Asia,F
Prevalence -> DiabeticRetinopathy,40_49,0.004,East Asia,F
Prevalence -> DiabeticRetinopathy,50_59,0.0055,East Asia,F
Prevalence -> DiabeticRetinopathy,60_69,0.0092,East Asia,F
Prevalence -> DiabeticRetinopathy,70_79,0.0141,East Asia,F
Prevalence -> DiabeticRetinopathy,80_100,0.0159,East Asia,F
LowerExtrmAmpt -> Disability,0_4,0.164,East Asia,F
LowerExtrmAmpt -> Disability,5_9,0.164,East Asia,F
LowerExtrmAmpt -> Disability,10_14,0.164,East Asia,F
LowerExtrmAmpt -> Disability,15_19,0.164,East Asia,F
LowerExtrmAmpt -> Disability,20_24,0.164,East Asia,F
LowerExtrmAmpt -> Disability,25_29,0.164,East Asia,F
LowerExtrmAmpt -> Disability,30_39,0.164,East Asia,F
LowerExtrmAmpt -> Disability,40_49,0.164,East Asia,F
LowerExtrmAmpt -> Disability,50_59,0.164,East Asia,F
LowerExtrmAmpt -> Disability,60_69,0.164,East Asia,F
LowerExtrmAmpt -> Disability,70_79,0.164,East Asia,F
LowerExtrmAmpt -> Disability,80_100,0.164,East Asia,F
LowerExtrmAmpt -> Deceased,0_4,0.0,East Asia,F
LowerExtrmAmpt -> Deceased,5_9,0.0,East Asia,F
LowerExtrmAmpt -> Deceased,10_14,0.0,East Asia,F
LowerExtrmAmpt -> Deceased,15_19,0.0,East Asia,F
LowerExtrmAmpt -> Deceased,20_24,0.0002,East Asia,F
LowerExtrmAmpt -> Deceased,25_29,0.0008,East Asia,F
LowerExtrmAmpt -> Deceased,30_39,0.0026,East Asia,F
LowerExtrmAmpt -> Deceased,40_49,0.0049,East Asia,F
LowerExtrmAmpt -> Deceased,50_59,0.0107,East Asia,F
LowerExtrmAmpt -> Deceased,60_69,0.0193,East Asia,F
LowerExtrmAmpt -> Deceased,70_79,0.0387,East Asia,F
LowerExtrmAmpt -> Deceased,80_100,0.0742,East Asia,F
Prevalence -> LowerExtrmAmpt,0_4,0.0,East Asia,F
Prevalence -> LowerExtrmAmpt,5_9,0.0,East Asia,F
Prevalence -> LowerExtrmAmpt,10_14,0.0,East Asia,F
Prevalence -> LowerExtrmAmpt,15_19,0.0,East Asia,F
Prevalence -> LowerExtrmAmpt,20_24,0.0001,East Asia,F
Prevalence -> LowerExtrmAmpt,25_29,0.0003,East Asia,F
Prevalence -> LowerExtrmAmpt,30_39,0.0012,East Asia,F
Prevalence -> LowerExtrmAmpt,40_49,0.002,East Asia,F
Prevalence -> LowerExtrmAmpt,50_59,0.002,East Asia,F
Prevalence -> LowerExtrmAmpt,60_69,0.0029,East Asia,F
Prevalence -> LowerExtrmAmpt,70_79,0.0066,East Asia,F
Prevalence -> LowerExtrmAmpt,80_100,0.0141,East Asia,F
Disability -> Disability,0_4,0.0,East Asia,F
Disability -> Disability,5_9,0.0,East Asia,F
Disability -> Disability,10_14,0.0,East Asia,F
Disability -> Disability,15_19,0.0,East Asia,F
Disability -> Disability,20_24,0.0,East Asia,F
Disability -> Disability,25_29,0.0,East Asia,F
Disability -> Disability,30_39,0.0,East Asia,F
Disability -> Disability,40_49,0.0,East Asia,F
Disability -> Disability,50_59,0.0,East Asia,F
Disability -> Disability,60_69,0.0,East Asia,F
Disability -> Disability,70_79,0.0,East Asia,F
Disability -> Disability,80_100,0.0,East Asia,F
StdGlycControl -> DiabeticRetinopathy,0_4,-75.0,East Asia,F
StdGlycControl -> DiabeticRetinopathy,5_9,-75.0,East Asia,F
StdGlycControl -> DiabeticRetinopathy,10_14,-75.0,East Asia,F
StdGlycControl -> DiabeticRetinopathy,15_19,-75.0,East Asia,F
StdGlycControl -> DiabeticRetinopathy,20_24,-75.0,East Asia,F
StdGlycControl -> DiabeticRetinopathy,25_29,-75.0,East Asia,F
StdGlycControl -> DiabeticRetinopathy,30_39,-75.0,East Asia,F
StdGlycControl -> DiabeticRetinopathy,40_49,-75.0,East Asia,F
StdGlycControl -> DiabeticRetinopathy,50_59,-75.0,East Asia,F
StdGlycControl -> DiabeticRetinopathy,60_69,-75.0,East Asia,F
StdGlycControl -> DiabeticRetinopathy,70_79,-75.0,East Asia,F
StdGlycControl -> DiabeticRetinopathy,80_100,-75.0,East Asia,F
StdGlycControl -> LowerExtrmAmpt,0_4,-28.6,East Asia,F
StdGlycControl -> LowerExtrmAmpt,5_9,-28.6,East Asia,F
StdGlycControl -> LowerExtrmAmpt,10_14,-28.6,East Asia,F
StdGlycControl -> LowerExtrmAmpt,15_19,-28.6,East Asia,F
StdGlycControl -> LowerExtrmAmpt,20_24,-28.6,East Asia,F
StdGlycControl -> LowerExtrmAmpt,25_29,-28.6,East Asia,F
StdGlycControl -> LowerExtrmAmpt,30_39,-28.6,East Asia,F
StdGlycControl -> LowerExtrmAmpt,40_49,-28.6,East Asia,F
StdGlycControl -> LowerExtrmAmpt,50_59,-28.6,East Asia,F
StdGlycControl -> LowerExtrmAmpt,60_69,-28.6,East Asia,F
StdGlycControl -> LowerExtrmAmpt,70_79,-28.6,East Asia,F
StdGlycControl -> LowerExtrmAmpt,80_100,-28.6,East Asia,F
StdGlycControl -> DiabeticNephropathy,0_4,-39.0,East Asia,F
StdGlycControl -> DiabeticNephropathy,5_9,-39.0,East Asia,F
StdGlycControl -> DiabeticNephropathy,10_14,-39.0,East Asia,F
StdGlycControl -> DiabeticNephropathy,15_19,-39.0,East Asia,F
StdGlycControl -> DiabeticNephropathy,20_24,-39.0,East Asia,F
StdGlycControl -> DiabeticNephropathy,25_29,-39.0,East Asia,F
StdGlycControl -> DiabeticNephropathy,30_39,-39.0,East Asia,F
StdGlycControl -> DiabeticNephropathy,40_49,-39.0,East Asia,F
StdGlycControl -> DiabeticNephropathy,50_59,-39.0,East Asia,F
StdGlycControl -> DiabeticNephropathy,60_69,-39.0,East Asia,F
StdGlycControl -> DiabeticNephropathy,70_79,-39.0,East Asia,F
StdGlycControl -> DiabeticNephropathy,80_100,-39.0,East Asia,F
IntsvGlycControl -> DiabeticRetinopathy,0_4,-65.0,East Asia,F
IntsvGlycControl -> DiabeticRetinopathy,5_9,-65.0,East Asia,F
IntsvGlycControl -> DiabeticRetinopathy,10_14,-65.0,East Asia,F
IntsvGlycControl -> DiabeticRetinopathy,15_19,-65.0,East Asia,F
IntsvGlycControl -> DiabeticRetinopathy,20_24,-65.0,East Asia,F
IntsvGlycControl -> DiabeticRetinopathy,25_29,-65.0,East Asia,F
IntsvGlycControl -> DiabeticRetinopathy,30_39,-65.0,East Asia,F
IntsvGlycControl -> DiabeticRetinopathy,40_49,-65.0,East Asia,F
IntsvGlycControl -> DiabeticRetinopathy,50_59,-65.0,East Asia,F
IntsvGlycControl -> DiabeticRetinopathy,60_69,-65.0,East Asia,F
IntsvGlycControl -> DiabeticRetinopathy,70_79,-65.0,East Asia,F
IntsvGlycControl -> DiabeticRetinopathy,80_100,-65.0,East Asia,F
IntsvGlycControl -> LowerExtrmAmpt,0_4,-15.1,East Asia,F
IntsvGlycControl -> LowerExtrmAmpt,5_9,-15.1,East Asia,F
IntsvGlycControl -> LowerExtrmAmpt,10_14,-15.1,East Asia,F
IntsvGlycControl -> LowerExtrmAmpt,15_19,-15.1,East Asia,F
IntsvGlycControl -> LowerExtrmAmpt,20_24,-15.1,East Asia,F
IntsvGlycControl -> LowerExtrmAmpt,25_29,-15.1,East Asia,F
IntsvGlycControl -> LowerExtrmAmpt,30_39,-15.1,East Asia,F
IntsvGlycControl -> LowerExtrmAmpt,40_49,-15.1,East Asia,F
IntsvGlycControl -> LowerExtrmAmpt,50_59,-15.1,East Asia,F
IntsvGlycControl -> LowerExtrmAmpt,60_69,-15.1,East Asia,F
IntsvGlycControl -> LowerExtrmAmpt,70_79,-15.1,East Asia,F
IntsvGlycControl -> LowerExtrmAmpt,80_100,-15.1,East Asia,F
IntsvGlycControl -> DiabeticNephropathy,0_4,-39.0,East Asia,F
IntsvGlycControl -> DiabeticNephropathy,5_9,-39.0,East Asia,F
IntsvGlycControl -> DiabeticNephropathy,10_14,-39.0,East Asia,F
IntsvGlycControl -> DiabeticNephropathy,15_19,-39.0,East Asia,F
IntsvGlycControl -> DiabeticNephropathy,20_24,-39.0,East Asia,F
IntsvGlycControl -> DiabeticNephropathy,25_29,-39.0,East Asia,F
IntsvGlycControl -> DiabeticNephropathy,30_39,-39.0,East Asia,F
IntsvGlycControl -> DiabeticNephropathy,40_49,-39.0,East Asia,F
IntsvGlycControl -> DiabeticNephropathy,50_59,-39.0,East Asia,F
IntsvGlycControl -> DiabeticNephropathy,60_69,-39.0,East Asia,F
IntsvGlycControl -> DiabeticNephropathy,70_79,-39.0,East Asia,F
IntsvGlycControl -> DiabeticNephropathy,80_100,-39.0,East Asia,F
RetinopathyScrn -> DiabeticRetinopathy,0_4,-20.0,East Asia,F
RetinopathyScrn -> DiabeticRetinopathy,5_9,-20.0,East Asia,F
RetinopathyScrn -> DiabeticRetinopathy,10_14,-20.0,East Asia,F
RetinopathyScrn -> DiabeticRetinopathy,15_19,-20.0,East Asia,F
RetinopathyScrn -> DiabeticRetinopathy,20_24,-20.0,East Asia,F
RetinopathyScrn -> DiabeticRetinopathy,25_29,-20.0,East Asia,F
RetinopathyScrn -> DiabeticRetinopathy,30_39,-20.0,East Asia,F
RetinopathyScrn -> DiabeticRetinopathy,40_49,-20.0,East Asia,F
RetinopathyScrn -> DiabeticRetinopathy,50_59,-20.0,East Asia,F
RetinopathyScrn -> DiabeticRetinopathy,60_69,-20.0,East Asia,F
RetinopathyScrn -> DiabeticRetinopathy,70_79,-20.0,East Asia,F
RetinopathyScrn -> DiabeticRetinopathy,80_100,-20.0,East Asia,F
NeuropathyScr -> LowerExtrmAmpt,0_4,-35.0,East Asia,F
NeuropathyScr -> LowerExtrmAmpt,5_9,-35.0,East Asia,F
NeuropathyScr -> LowerExtrmAmpt,10_14,-35.0,East Asia,F
NeuropathyScr -> LowerExtrmAmpt,15_19,-35.0,East Asia,F
NeuropathyScr -> LowerExtrmAmpt,20_24,-35.0,East Asia,F
NeuropathyScr -> LowerExtrmAmpt,25_29,-35.0,East Asia,F
NeuropathyScr -> LowerExtrmAmpt,30_39,-35.0,East Asia,F
NeuropathyScr -> LowerExtrmAmpt,40_49,-35.0,East Asia,F
NeuropathyScr -> LowerExtrmAmpt,50_59,-35.0,East Asia,F
NeuropathyScr -> LowerExtrmAmpt,60_69,-35.0,East Asia,F
NeuropathyScr -> LowerExtrmAmpt,70_79,-35.0,East Asia,F
NeuropathyScr -> LowerExtrmAmpt,80_100,-35.0,East Asia,F
NephropathyScr -> DiabeticNephropathy,0_4,-24.0,East Asia,F
NephropathyScr -> DiabeticNephropathy,5_9,-24.0,East Asia,F
NephropathyScr -> DiabeticNephropathy,10_14,-24.0,East Asia,F
NephropathyScr -> DiabeticNephropathy,15_19,-24.0,East Asia,F
NephropathyScr -> DiabeticNephropathy,20_24,-24.0,East Asia,F
NephropathyScr -> DiabeticNephropathy,25_29,-24.0,East Asia,F
NephropathyScr -> DiabeticNephropathy,30_39,-24.0,East Asia,F
NephropathyScr -> DiabeticNephropathy,40_49,-24.0,East Asia,F
NephropathyScr -> DiabeticNephropathy,50_59,-24.0,East Asia,F
NephropathyScr -> DiabeticNephropathy,60_69,-24.0,East Asia,F
NephropathyScr -> DiabeticNephropathy,70_79,-24.0,East Asia,F
NephropathyScr -> DiabeticNephropathy,80_100,-24.0,East Asia,F
DiabeticNephropathy -> Disability,0_4,0.338,East Asia,F
DiabeticNephropathy -> Disability,5_9,0.338,East Asia,F
DiabeticNephropathy -> Disability,10_14,0.338,East Asia,F
DiabeticNephropathy -> Disability,15_19,0.338,East Asia,F
DiabeticNephropathy -> Disability,20_24,0.338,East Asia,F
DiabeticNephropathy -> Disability,25_29,0.338,East Asia,F
DiabeticNephropathy -> Disability,30_39,0.338,East Asia,F
DiabeticNephropathy -> Disability,40_49,0.338,East Asia,F
DiabeticNephropathy -> Disability,50_59,0.338,East Asia,F
DiabeticNephropathy -> Disability,60_69,0.338,East Asia,F
DiabeticNephropathy -> Disability,70_79,0.338,East Asia,F
DiabeticNephropathy -> Disability,80_100,0.338,East Asia,F
DiabeticNephropathy -> Deceased,0_4,0.0,East Asia,F
DiabeticNephropathy -> Deceased,5_9,0.0,East Asia,F
DiabeticNephropathy -> Deceased,10_14,0.0,East Asia,F
DiabeticNephropathy -> Deceased,15_19,0.0,East Asia,F
DiabeticNephropathy -> Deceased,20_24,0.00018385384535509443,East Asia,F
DiabeticNephropathy -> Deceased,25_29,0.0009192692267754722,East Asia,F
DiabeticNephropathy -> Deceased,30_39,0.0023900999896162276,East Asia,F
DiabeticNephropathy -> Deceased,40_49,0.004596346133877361,East Asia,F
DiabeticNephropathy -> Deceased,50_59,0.009928107649175101,East Asia,F
DiabeticNephropathy -> Deceased,60_69,0.016914553772668692,East Asia,F
DiabeticNephropathy -> Deceased,70_79,0.034932230617467946,East Asia,F
DiabeticNephropathy -> Deceased,80_100,0.06765821509067477,East Asia,F
Prevalence -> DiabeticNephropathy,0_4,0.00428,East Asia,F
Prevalence -> DiabeticNephropathy,5_9,0.00428,East Asia,F
Prevalence -> DiabeticNephropathy,10_14,0.00436,East Asia,F
Prevalence -> DiabeticNephropathy,15_19,0.004560000000000001,East Asia,F
Prevalence -> DiabeticNephropathy,20_24,0.00496,East Asia,F
Prevalence -> DiabeticNephropathy,25_29,0.006200000000000001,East Asia,F
Prevalence -> DiabeticNephropathy,30_39,0.011000000000000001,East Asia,F
Prevalence -> DiabeticNephropathy,40_49,0.020680000000000004,East Asia,F
Prevalence -> DiabeticNephropathy,50_59,0.03332,East Asia,F
Prevalence -> DiabeticNephropathy,60_69,0.04012,East Asia,F
Prevalence -> DiabeticNephropathy,70_79,0.04916,East Asia,F
Prevalence -> DiabeticNephropathy,80_100,0.08984,East Asia,F
DsFreeSus -> Disability,0_4,0.034940371672911294,Eastern Europe,M
DsFreeSus -> Disability,5_9,0.04853252013924564,Eastern Europe,M
DsFreeSus -> Disability,10_14,0.06212466860557999,Eastern Europe,M
DsFreeSus -> Disability,15_19,0.07571681707191434,Eastern Europe,M
DsFreeSus -> Disability,20_24,0.08930896553824869,Eastern Europe,M
DsFreeSus -> Disability,25_29,0.10290111400458304,Eastern Europe,M
DsFreeSus -> Disability,30_39,0.12328933670408457,Eastern Europe,M
DsFreeSus -> Disability,40_49,0.15047363363675326,Eastern Europe,M
DsFreeSus -> Disability,50_59,0.17765793056942197,Eastern Europe,M
DsFreeSus -> Disability,60_69,0.2048422275020907,Eastern Europe,M
DsFreeSus -> Disability,70_79,0.23202652443475938,Eastern Europe,M
DsFreeSus -> Disability,80_100,0.26600689560059526,Eastern Europe,M
DsFreeSus -> Diabetes,0_4,1e-09,Eastern Europe,M
DsFreeSus -> Diabetes,5_9,1e-09,Eastern Europe,M
DsFreeSus -> Diabetes,10_14,1e-09,Eastern Europe,M
DsFreeSus -> Diabetes,15_19,0.0002,Eastern Europe,M
DsFreeSus -> Diabetes,20_24,0.0005,Eastern Europe,M
DsFreeSus -> Diabetes,25_29,0.0009,Eastern Europe,M
DsFreeSus -> Diabetes,30_39,0.0018,Eastern Europe,M
DsFreeSus -> Diabetes,40_49,0.0034,Eastern Europe,M
DsFreeSus -> Diabetes,50_59,0.0044,Eastern Europe,M
DsFreeSus -> Diabetes,60_69,0.0042,Eastern Europe,M
DsFreeSus -> Diabetes,70_79,0.0059,Eastern Europe,M
DsFreeSus -> Diabetes,80_100,0.0115,Eastern Europe,M
Diabetes -> Disability,0_4,0.031,Eastern Europe,M
Diabetes -> Disability,5_9,0.031,Eastern Europe,M
Diabetes -> Disability,10_14,0.031,Eastern Europe,M
Diabetes -> Disability,15_19,0.031,Eastern Europe,M
Diabetes -> Disability,20_24,0.031,Eastern Europe,M
Diabetes -> Disability,25_29,0.031,Eastern Europe,M
Diabetes -> Disability,30_39,0.031,Eastern Europe,M
Diabetes -> Disability,40_49,0.031,Eastern Europe,M
Diabetes -> Disability,50_59,0.031,Eastern Europe,M
Diabetes -> Disability,60_69,0.031,Eastern Europe,M
Diabetes -> Disability,70_79,0.031,Eastern Europe,M
Diabetes -> Disability,80_100,0.031,Eastern Europe,M
Diabetes -> Deceased,0_4,0.0,Eastern Europe,M
Diabetes -> Deceased,5_9,0.0,Eastern Europe,M
Diabetes -> Deceased,10_14,0.0,Eastern Europe,M
Diabetes -> Deceased,15_19,0.0,Eastern Europe,M
Diabetes -> Deceased,20_24,0.0003054050587293928,Eastern Europe,M
Diabetes -> Deceased,25_29,0.0015881063053928425,Eastern Europe,M
Diabetes -> Deceased,30_39,0.005130804986653799,Eastern Europe,M
Diabetes -> Deceased,40_49,0.008673503667914756,Eastern Europe,M
Diabetes -> Deceased,50_59,0.014720523830756732,Eastern Europe,M
Diabetes -> Deceased,60_69,0.017530250371067146,Eastern Europe,M
Diabetes -> Deceased,70_79,0.022783217381212702,Eastern Europe,M
Diabetes -> Deceased,80_100,0.028158346414850016,Eastern Europe,M
Diabetes -> DiabeticRetinopathy,0_4,0.0,Eastern Europe,M
Diabetes -> DiabeticRetinopathy,5_9,0.0,Eastern Europe,M
Diabetes -> DiabeticRetinopathy,10_14,0.0,Eastern Europe,M
Diabetes -> DiabeticRetinopathy,15_19,0.0,Eastern Europe,M
Diabetes -> DiabeticRetinopathy,20_24,0.006547709826648366,Eastern Europe,M
Diabetes -> DiabeticRetinopathy,25_29,0.0004135179839782052,Eastern Europe,M
Diabetes -> DiabeticRetinopathy,30_39,0.006725629257203066,Eastern Europe,M
Diabetes -> DiabeticRetinopathy,40_49,0.01459843474745141,Eastern Europe,M
Diabetes -> DiabeticRetinopathy,50_59,0.019578473401653414,Eastern Europe,M
Diabetes -> DiabeticRetinopathy,60_69,0.03029896982864508,Eastern Europe,M
Diabetes -> DiabeticRetinopathy,70_79,0.026920279194455343,Eastern Europe,M
Diabetes -> DiabeticRetinopathy,80_100,0.016151204350480203,Eastern Europe,M
Diabetes -> LowerExtrmAmpt,0_4,0.0,Eastern Europe,M
Diabetes -> LowerExtrmAmpt,5_9,0.0,Eastern Europe,M
Diabetes -> LowerExtrmAmpt,10_14,0.00014657741730590706,Eastern Europe,M
Diabetes -> LowerExtrmAmpt,15_19,0.002841282354486927,Eastern Europe,M
Diabetes -> LowerExtrmAmpt,20_24,0.006761222103604291,Eastern Europe,M
Diabetes -> LowerExtrmAmpt,25_29,0.010281192229105179,Eastern Europe,M
Diabetes -> LowerExtrmAmpt,30_39,0.012391878852777722,Eastern Europe,M
Diabetes -> LowerExtrmAmpt,40_49,0.003388492602112032,Eastern Europe,M
Diabetes -> LowerExtrmAmpt,50_59,0.0030433122580161656,Eastern Europe,M
Diabetes -> LowerExtrmAmpt,60_69,0.011823521341998386,Eastern Europe,M
Diabetes -> LowerExtrmAmpt,70_79,0.02578012619327841,Eastern Europe,M
Diabetes -> LowerExtrmAmpt,80_100,0.027609892030177496,Eastern Europe,M
Diabetes -> DiabeticNephropathy,0_4,0.0,Eastern Europe,M
Diabetes -> DiabeticNephropathy,5_9,0.0,Eastern Europe,M
Diabetes -> DiabeticNephropathy,10_14,0.014,Eastern Europe,M
Diabetes -> DiabeticNephropathy,15_19,0.014,Eastern Europe,M
Diabetes -> DiabeticNephropathy,20_24,0.014,Eastern Europe,M
Diabetes -> DiabeticNephropathy,25_29,0.014,Eastern Europe,M
Diabetes -> DiabeticNephropathy,30_39,0.014,Eastern Europe,M
Diabetes -> DiabeticNephropathy,40_49,0.014,Eastern Europe,M
Diabetes -> DiabeticNephropathy,50_59,0.014,Eastern Europe,M
Diabetes -> DiabeticNephropathy,60_69,0.014,Eastern Europe,M
Diabetes -> DiabeticNephropathy,70_79,0.014,Eastern Europe,M
Diabetes -> DiabeticNephropathy,80_100,0.014,Eastern Europe,M
Prevalence -> Diabetes,0_4,0.0,Eastern Europe,M
Prevalence -> Diabetes,5_9,0.0,Eastern Europe,M
Prevalence -> Diabetes,10_14,0.0057372000000000005,Eastern Europe,M
Prevalence -> Diabetes,15_19,0.0062836,Eastern Europe,M
Prevalence -> Diabetes,20_24,0.007376400000000001,Eastern Europe,M
Prevalence -> Diabetes,25_29,0.009630300000000001,Eastern Europe,M
Prevalence -> Diabetes,30_39,0.0159139,Eastern Europe,M
Prevalence -> Diabetes,40_49,0.030188600000000003,Eastern Europe,M
Prevalence -> Diabetes,50_59,0.0482198,Eastern Europe,M
Prevalence -> Diabetes,60_69,0.06228960000000001,Eastern Europe,M
Prevalence -> Diabetes,70_79,0.0667291,Eastern Europe,M
Prevalence -> Diabetes,80_100,0.09616640000000001,Eastern Europe,M
DiabeticRetinopathy -> Disability,0_4,0.338,Eastern Europe,M
DiabeticRetinopathy -> Disability,5_9,0.338,Eastern Europe,M
DiabeticRetinopathy -> Disability,10_14,0.338,Eastern Europe,M
DiabeticRetinopathy -> Disability,15_19,0.338,Eastern Europe,M
DiabeticRetinopathy -> Disability,20_24,0.338,Eastern Europe,M
DiabeticRetinopathy -> Disability,25_29,0.338,Eastern Europe,M
DiabeticRetinopathy -> Disability,30_39,0.338,Eastern Europe,M
DiabeticRetinopathy -> Disability,40_49,0.338,Eastern Europe,M
DiabeticRetinopathy -> Disability,50_59,0.338,Eastern Europe,M
DiabeticRetinopathy -> Disability,60_69,0.338,Eastern Europe,M
DiabeticRetinopathy -> Disability,70_79,0.338,Eastern Europe,M
DiabeticRetinopathy -> Disability,80_100,0.338,Eastern Europe,M
DiabeticRetinopathy -> Deceased,0_4,0.0,Eastern Europe,M
DiabeticRetinopathy -> Deceased,5_9,0.0,Eastern Europe,M
DiabeticRetinopathy -> Deceased,10_14,0.0,Eastern Europe,M
DiabeticRetinopathy -> Deceased,15_19,0.0,Eastern Europe,M
DiabeticRetinopathy -> Deceased,20_24,0.0005,Eastern Europe,M
DiabeticRetinopathy -> Deceased,25_29,0.004,Eastern Europe,M
DiabeticRetinopathy -> Deceased,30_39,0.0163,Eastern Europe,M
DiabeticRetinopathy -> Deceased,40_49,0.0285,Eastern Europe,M
DiabeticRetinopathy -> Deceased,50_59,0.0486,Eastern Europe,M
DiabeticRetinopathy -> Deceased,60_69,0.0581,Eastern Europe,M
DiabeticRetinopathy -> Deceased,70_79,0.0732,Eastern Europe,M
DiabeticRetinopathy -> Deceased,80_100,0.0907,Eastern Europe,M
Prevalence -> DiabeticRetinopathy,0_4,0.0001,Eastern Europe,M
Prevalence -> DiabeticRetinopathy,5_9,0.0,Eastern Europe,M
Prevalence -> DiabeticRetinopathy,10_14,0.0,Eastern Europe,M
Prevalence -> DiabeticRetinopathy,15_19,0.0,Eastern Europe,M
Prevalence -> DiabeticRetinopathy,20_24,0.0045,Eastern Europe,M
Prevalence -> DiabeticRetinopathy,25_29,0.0046,Eastern Europe,M
Prevalence -> DiabeticRetinopathy,30_39,0.0046,Eastern Europe,M
Prevalence -> DiabeticRetinopathy,40_49,0.0074,Eastern Europe,M
Prevalence -> DiabeticRetinopathy,50_59,0.0129,Eastern Europe,M
Prevalence -> DiabeticRetinopathy,60_69,0.0242,Eastern Europe,M
Prevalence -> DiabeticRetinopathy,70_79,0.0325,Eastern Europe,M
Prevalence -> DiabeticRetinopathy,80_100,0.0311,Eastern Europe,M
LowerExtrmAmpt -> Disability,0_4,0.164,Eastern Europe,M
LowerExtrmAmpt -> Disability,5_9,0.164,Eastern Europe,M
LowerExtrmAmpt -> Disability,10_14,0.164,Eastern Europe,M
LowerExtrmAmpt -> Disability,15_19,0.164,Eastern Europe,M
LowerExtrmAmpt -> Disability,20_24,0.164,Eastern Europe,M
LowerExtrmAmpt -> Disability,25_29,0.164,Eastern Europe,M
LowerExtrmAmpt -> Disability,30_39,0.164,Eastern Europe,M
LowerExtrmAmpt -> Disability,40_49,0.164,Eastern Europe,M
LowerExtrmAmpt -> Disability,50_59,0.164,Eastern Europe,M
LowerExtrmAmpt -> Disability,60_69,0.164,Eastern Europe,M
LowerExtrmAmpt -> Disability,70_79,0.164,Eastern Europe,M
LowerExtrmAmpt -> Disability,80_100,0.164,Eastern Europe,M
LowerExtrmAmpt -> Deceased,0_4,0.0,Eastern Europe,M
LowerExtrmAmpt -> Deceased,5_9,0.0,Eastern Europe,M
LowerExtrmAmpt -> Deceased,10_14,0.0,Eastern Europe,M
LowerExtrmAmpt -> Deceased,15_19,0.0,Eastern Europe,M
LowerExtrmAmpt -> Deceased,20_24,0.0005,Eastern Europe,M
LowerExtrmAmpt -> Deceased,25_29,0.0044,Eastern Europe,M
LowerExtrmAmpt -> Deceased,30_39,0.0171,Eastern Europe,M
LowerExtrmAmpt -> Deceased,40_49,0.028,Eastern Europe,M
LowerExtrmAmpt -> Deceased,50_59,0.0476,Eastern Europe,M
LowerExtrmAmpt -> Deceased,60_69,0.0585,Eastern Europe,M
LowerExtrmAmpt -> Deceased,70_79,0.0735,Eastern Europe,M
LowerExtrmAmpt -> Deceased,80_100,0.0919,Eastern Europe,M
Prevalence -> LowerExtrmAmpt,0_4,0.0,Eastern Europe,M
Prevalence -> LowerExtrmAmpt,5_9,0.0,Eastern Europe,M
Prevalence -> LowerExtrmAmpt,10_14,0.0,Eastern Europe,M
Prevalence -> LowerExtrmAmpt,15_19,0.0001,Eastern Europe,M
Prevalence -> LowerExtrmAmpt,20_24,0.0003,Eastern Europe,M
Prevalence -> LowerExtrmAmpt,25_29,0.0008,Eastern Europe,M
Prevalence -> LowerExtrmAmpt,30_39,0.0025,Eastern Europe,M
Prevalence -> LowerExtrmAmpt,40_49,0.0041,Eastern Europe,M
Prevalence -> LowerExtrmAmpt,50_59,0.0039,Eastern Europe,M
Prevalence -> LowerExtrmAmpt,60_69,0.0072,Eastern Europe,M
Prevalence -> LowerExtrmAmpt,70_79,0.0162,Eastern Europe,M
Prevalence -> LowerExtrmAmpt,80_100,0.0308,Eastern Europe,M
Disability -> Disability,0_4,0.0,Eastern Europe,M
Disability -> Disability,5_9,0.0,Eastern Europe,M
Disability -> Disability,10_14,0.0,Eastern Europe,M
Disability -> Disability,15_19,0.0,Eastern Europe,M
Disability -> Disability,20_24,0.0,Eastern Europe,M
Disability -> Disability,25_29,0.0,Eastern Europe,M
Disability -> Disability,30_39,0.0,Eastern Europe,M
Disability -> Disability,40_49,0.0,Eastern Europe,M
Disability -> Disability,50_59,0.0,Eastern Europe,M
Disability -> Disability,60_69,0.0,Eastern Europe,M
Disability -> Disability,70_79,0.0,Eastern Europe,M
Disability -> Disability,80_100,0.0,Eastern Europe,M
StdGlycControl -> DiabeticRetinopathy,0_4,-75.0,Eastern Europe,M
StdGlycControl -> DiabeticRetinopathy,5_9,-75.0,Eastern Europe,M
StdGlycControl -> DiabeticRetinopathy,10_14,-75.0,Eastern Europe,M
StdGlycControl -> DiabeticRetinopathy,15_19,-75.0,Eastern Europe,M
StdGlycControl -> DiabeticRetinopathy,20_24,-75.0,Eastern Europe,M
StdGlycControl -> DiabeticRetinopathy,25_29,-75.0,Eastern Europe,M
StdGlycControl -> DiabeticRetinopathy,30_39,-75.0,Eastern Europe,M
StdGlycControl -> DiabeticRetinopathy,40_49,-75.0,Eastern Europe,M
StdGlycControl -> DiabeticRetinopathy,50_59,-75.0,Eastern Europe,M
StdGlycControl -> DiabeticRetinopathy,60_69,-75.0,Eastern Europe,M
StdGlycControl -> DiabeticRetinopathy,70_79,-75.0,Eastern Europe,M
StdGlycControl -> DiabeticRetinopathy,80_100,-75.0,Eastern Europe,M
StdGlycControl -> LowerExtrmAmpt,0_4,-28.6,Eastern Europe,M
StdGlycControl -> LowerExtrmAmpt,5_9,-28.6,Eastern Europe,M
StdGlycControl -> LowerExtrmAmpt,10_14,-28.6,Eastern Europe,M
StdGlycControl -> LowerExtrmAmpt,15_19,-28.6,Eastern Europe,M
StdGlycControl -> LowerExtrmAmpt,20_24,-28.6,Eastern Europe,M
StdGlycControl -> LowerExtrmAmpt,25_29,-28.6,Eastern Europe,M
StdGlycControl -> LowerExtrmAmpt,30_39,-28.6,Eastern Europe,M
StdGlycControl -> LowerExtrmAmpt,40_49,-28.6,Eastern Europe,M
StdGlycControl -> LowerExtrmAmpt,50_59,-28.6,Eastern Europe,M
StdGlycControl -> LowerExtrmAmpt,60_69,-28.6,Eastern Europe,M
StdGlycControl -> LowerExtrmAmpt,70_79,-28.6,Eastern Europe,M
StdGlycControl -> LowerExtrmAmpt,80_100,-28.6,Eastern Europe,M
StdGlycControl -> DiabeticNephropathy,0_4,-39.0,Eastern Europe,M
StdGlycControl -> DiabeticNephropathy,5_9,-39.0,Eastern Europe,M
StdGlycControl -> DiabeticNephropathy,10_14,-39.0,Eastern Europe,M
StdGlycControl -> DiabeticNephropathy,15_19,-39.0,Eastern Europe,M
StdGlycControl -> DiabeticNephropathy,20_24,-39.0,Eastern Europe,M
StdGlycControl -> DiabeticNephropathy,25_29,-39.0,Eastern Europe,M
StdGlycControl -> DiabeticNephropathy,30_39,-39.0,Eastern Europe,M
StdGlycControl -> DiabeticNephropathy,40_49,-39.0,Eastern Europe,M
StdGlycControl -> DiabeticNephropathy,50_59,-39.0,Eastern Europe,M
StdGlycControl -> DiabeticNephropathy,60_69,-39.0,Eastern Europe,M
StdGlycControl -> DiabeticNephropathy,70_79,-39.0,Eastern Europe,M
StdGlycControl -> DiabeticNephropathy,80_100,-39.0,Eastern Europe,M
IntsvGlycControl -> DiabeticRetinopathy,0_4,-65.0,Eastern Europe,M
IntsvGlycControl -> DiabeticRetinopathy,5_9,-65.0,Eastern Europe,M
IntsvGlycControl -> DiabeticRetinopathy,10_14,-65.0,Eastern Europe,M
IntsvGlycControl -> DiabeticRetinopathy,15_19,-65.0,Eastern Europe,M
IntsvGlycControl -> DiabeticRetinopathy,20_24,-65.0,Eastern Europe,M
IntsvGlycControl -> DiabeticRetinopathy,25_29,-65.0,Eastern Europe,M
IntsvGlycControl -> DiabeticRetinopathy,30_39,-65.0,Eastern Europe,M
IntsvGlycControl -> DiabeticRetinopathy,40_49,-65.0,Eastern Europe,M
IntsvGlycControl -> DiabeticRetinopathy,50_59,-65.0,Eastern Europe,M
IntsvGlycControl -> DiabeticRetinopathy,60_69,-65.0,Eastern Europe,M
IntsvGlycControl -> DiabeticRetinopathy,70_79,-65.0,Eastern Europe,M
IntsvGlycControl -> DiabeticRetinopathy,80_100,-65.0,Eastern Europe,M
IntsvGlycControl -> LowerExtrmAmpt,0_4,-15.1,Eastern Europe,M
IntsvGlycControl -> LowerExtrmAmpt,5_9,-15.1,Eastern Europe,M
IntsvGlycControl -> LowerExtrmAmpt,10_14,-15.1,Eastern Europe,M
IntsvGlycControl -> LowerExtrmAmpt,15_19,-15.1,Eastern Europe,M
IntsvGlycControl -> LowerExtrmAmpt,20_24,-15.1,Eastern Europe,M
IntsvGlycControl -> LowerExtrmAmpt,25_29,-15.1,Eastern Europe,M
IntsvGlycControl -> LowerExtrmAmpt,30_39,-15.1,Eastern Europe,M
IntsvGlycControl -> LowerExtrmAmpt,40_49,-15.1,Eastern Europe,M
IntsvGlycControl -> LowerExtrmAmpt,50_59,-15.1,Eastern Europe,M
IntsvGlycControl -> LowerExtrmAmpt,60_69,-15.1,Eastern Europe,M
IntsvGlycControl -> LowerExtrmAmpt,70_79,-15.1,Eastern Europe,M
IntsvGlycControl -> LowerExtrmAmpt,80_100,-15.1,Eastern Europe,M
IntsvGlycControl -> DiabeticNephropathy,0_4,-39.0,Eastern Europe,M
IntsvGlycControl -> DiabeticNephropathy,5_9,-39.0,Eastern Europe,M
IntsvGlycControl -> DiabeticNephropathy,10_14,-39.0,Eastern Europe,M
IntsvGlycControl -> DiabeticNephropathy,15_19,-39.0,Eastern Europe,M
IntsvGlycControl -> DiabeticNephropathy,20_24,-39.0,Eastern Europe,M
IntsvGlycControl -> DiabeticNephropathy,25_29,-39.0,Eastern Europe,M
IntsvGlycControl -> DiabeticNephropathy,30_39,-39.0,Eastern Europe,M
IntsvGlycControl -> DiabeticNephropathy,40_49,-39.0,Eastern Europe,M
IntsvGlycControl -> DiabeticNephropathy,50_59,-39.0,Eastern Europe,M
IntsvGlycControl -> DiabeticNephropathy,60_69,-39.0,Eastern Europe,M
IntsvGlycControl -> DiabeticNephropathy,70_79,-39.0,Eastern Europe,M
IntsvGlycControl -> DiabeticNephropathy,80_100,-39.0,Eastern Europe,M
RetinopathyScrn -> DiabeticRetinopathy,0_4,-20.0,Eastern Europe,M
RetinopathyScrn -> DiabeticRetinopathy,5_9,-20.0,Eastern Europe,M
RetinopathyScrn -> DiabeticRetinopathy,10_14,-20.0,Eastern Europe,M
RetinopathyScrn -> DiabeticRetinopathy,15_19,-20.0,Eastern Europe,M
RetinopathyScrn -> DiabeticRetinopathy,20_24,-20.0,Eastern Europe,M
RetinopathyScrn -> DiabeticRetinopathy,25_29,-20.0,Eastern Europe,M
RetinopathyScrn -> DiabeticRetinopathy,30_39,-20.0,Eastern Europe,M
RetinopathyScrn -> DiabeticRetinopathy,40_49,-20.0,Eastern Europe,M
RetinopathyScrn -> DiabeticRetinopathy,50_59,-20.0,Eastern Europe,M
RetinopathyScrn -> DiabeticRetinopathy,60_69,-20.0,Eastern Europe,M
RetinopathyScrn -> DiabeticRetinopathy,70_79,-20.0,Eastern Europe,M
RetinopathyScrn -> DiabeticRetinopathy,80_100,-20.0,Eastern Europe,M
NeuropathyScr -> LowerExtrmAmpt,0_4,-35.0,Eastern Europe,M
NeuropathyScr -> LowerExtrmAmpt,5_9,-35.0,Eastern Europe,M
NeuropathyScr -> LowerExtrmAmpt,10_14,-35.0,Eastern Europe,M
NeuropathyScr -> LowerExtrmAmpt,15_19,-35.0,Eastern Europe,M
NeuropathyScr -> LowerExtrmAmpt,20_24,-35.0,Eastern Europe,M
NeuropathyScr -> LowerExtrmAmpt,25_29,-35.0,Eastern Europe,M
NeuropathyScr -> LowerExtrmAmpt,30_39,-35.0,Eastern Europe,M
NeuropathyScr -> LowerExtrmAmpt,40_49,-35.0,Eastern Europe,M
NeuropathyScr -> LowerExtrmAmpt,50_59,-35.0,Eastern Europe,M
NeuropathyScr -> LowerExtrmAmpt,60_69,-35.0,Eastern Europe,M
NeuropathyScr -> LowerExtrmAmpt,70_79,-35.0,Eastern Europe,M
NeuropathyScr -> LowerExtrmAmpt,80_100,-35.0,Eastern Europe,M
NephropathyScr -> DiabeticNephropathy,0_4,-24.0,Eastern Europe,M
NephropathyScr -> DiabeticNephropathy,5_9,-24.0,Eastern Europe,M
NephropathyScr -> DiabeticNephropathy,10_14,-24.0,Eastern Europe,M
NephropathyScr -> DiabeticNephropathy,15_19,-24.0,Eastern Europe,M
NephropathyScr -> DiabeticNephropathy,20_24,-24.0,Eastern Europe,M
NephropathyScr -> DiabeticNephropathy,25_29,-24.0,Eastern Europe,M
NephropathyScr -> DiabeticNephropathy,30_39,-24.0,Eastern Europe,M
NephropathyScr -> DiabeticNephropathy,40_49,-24.0,Eastern Europe,M
NephropathyScr -> DiabeticNephropathy,50_59,-24.0,Eastern Europe,M
NephropathyScr -> DiabeticNephropathy,60_69,-24.0,Eastern Europe,M
NephropathyScr -> DiabeticNephropathy,70_79,-24.0,Eastern Europe,M
NephropathyScr -> DiabeticNephropathy,80_100,-24.0,Eastern Europe,M
DiabeticNephropathy -> Disability,0_4,0.338,Eastern Europe,M
DiabeticNephropathy -> Disability,5_9,0.338,Eastern Europe,M
DiabeticNephropathy -> Disability,10_14,0.338,Eastern Europe,M
DiabeticNephropathy -> Disability,15_19,0.338,Eastern Europe,M
DiabeticNephropathy -> Disability,20_24,0.338,Eastern Europe,M
DiabeticNephropathy -> Disability,25_29,0.338,Eastern Europe,M
DiabeticNephropathy -> Disability,30_39,0.338,Eastern Europe,M
DiabeticNephropathy -> Disability,40_49,0.338,Eastern Europe,M
DiabeticNephropathy -> Disability,50_59,0.338,Eastern Europe,M
DiabeticNephropathy -> Disability,60_69,0.338,Eastern Europe,M
DiabeticNephropathy -> Disability,70_79,0.338,Eastern Europe,M
DiabeticNephropathy -> Disability,80_100,0.338,Eastern Europe,M
DiabeticNephropathy -> Deceased,0_4,0.0,Eastern Europe,M
DiabeticNephropathy -> Deceased,5_9,0.0,Eastern Europe,M
DiabeticNephropathy -> Deceased,10_14,0.0,Eastern Europe,M
DiabeticNephropathy -> Deceased,15_19,0.0,Eastern Europe,M
DiabeticNephropathy -> Deceased,20_24,0.0009192692267754722,Eastern Europe,M
DiabeticNephropathy -> Deceased,25_29,0.004780199979232455,Eastern Europe,M
DiabeticNephropathy -> Deceased,30_39,0.015443723009827933,Eastern Europe,M
DiabeticNephropathy -> Deceased,40_49,0.026107246040423412,Eastern Europe,M
DiabeticNephropathy -> Deceased,50_59,0.04430877673057776,Eastern Europe,M
DiabeticNephropathy -> Deceased,60_69,0.052766053616912105,Eastern Europe,M
DiabeticNephropathy -> Deceased,70_79,0.06857748431745023,Eastern Europe,M
DiabeticNephropathy -> Deceased,80_100,0.08475662270869855,Eastern Europe,M
Prevalence -> DiabeticNephropathy,0_4,0.00428,Eastern Europe,M
Prevalence -> DiabeticNephropathy,5_9,0.00428,Eastern Europe,M
Prevalence -> DiabeticNephropathy,10_14,0.00436,Eastern Europe,M
Prevalence -> DiabeticNephropathy,15_19,0.004560000000000001,Eastern Europe,M
Prevalence -> DiabeticNephropathy,20_24,0.00496,Eastern Europe,M
Prevalence -> DiabeticNephropathy,25_29,0.006200000000000001,Eastern Europe,M
Prevalence -> DiabeticNephropathy,30_39,0.011000000000000001,Eastern Europe,M
Prevalence -> DiabeticNephropathy,40_49,0.020680000000000004,Eastern Europe,M
Prevalence -> DiabeticNephropathy,50_59,0.03332,Eastern Europe,M
Prevalence -> DiabeticNephropathy,60_69,0.04012,Eastern Europe,M
Prevalence -> DiabeticNephropathy,70_79,0.04916,Eastern Europe,M
Prevalence -> DiabeticNephropathy,80_100,0.08984,Eastern Europe,M
DsFreeSus -> Disability,0_4,0.029936845388902303,Eastern Europe,F
DsFreeSus -> Disability,5_9,0.04273444624544457,Eastern Europe,F
DsFreeSus -> Disability,10_14,0.055532047101986844,Eastern Europe,F
DsFreeSus -> Disability,15_19,0.06832964795852911,Eastern Europe,F
DsFreeSus -> Disability,20_24,0.08112724881507138,Eastern Europe,F
DsFreeSus -> Disability,25_29,0.09392484967161364,Eastern Europe,F
DsFreeSus -> Disability,30_39,0.11312125095642706,Eastern Europe,F
DsFreeSus -> Disability,40_49,0.1387164526695116,Eastern Europe,F
DsFreeSus -> Disability,50_59,0.16431165438259612,Eastern Europe,F
DsFreeSus -> Disability,60_69,0.18990685609568067,Eastern Europe,F
DsFreeSus -> Disability,70_79,0.21550205780876522,Eastern Europe,F
DsFreeSus -> Disability,80_100,0.2474960599501209,Eastern Europe,F
DsFreeSus -> Diabetes,0_4,1e-09,Eastern Europe,F
DsFreeSus -> Diabetes,5_9,1e-09,Eastern Europe,F
DsFreeSus -> Diabetes,10_14,1e-09,Eastern Europe,F
DsFreeSus -> Diabetes,15_19,0.0002,Eastern Europe,F
DsFreeSus -> Diabetes,20_24,0.0004,Eastern Europe,F
DsFreeSus -> Diabetes,25_29,0.0009,Eastern Europe,F
DsFreeSus -> Diabetes,30_39,0.0015,Eastern Europe,F
DsFreeSus -> Diabetes,40_49,0.0028,Eastern Europe,F
DsFreeSus -> Diabetes,50_59,0.0031,Eastern Europe,F
DsFreeSus -> Diabetes,60_69,0.0029,Eastern Europe,F
DsFreeSus -> Diabetes,70_79,0.0042,Eastern Europe,F
DsFreeSus -> Diabetes,80_100,0.0111,Eastern Europe,F
Diabetes -> Disability,0_4,0.031,Eastern Europe,F
Diabetes -> Disability,5_9,0.031,Eastern Europe,F
Diabetes -> Disability,10_14,0.031,Eastern Europe,F
Diabetes -> Disability,15_19,0.031,Eastern Europe,F
Diabetes -> Disability,20_24,0.031,Eastern Europe,F
Diabetes -> Disability,25_29,0.031,Eastern Europe,F
Diabetes -> Disability,30_39,0.031,Eastern Europe,F
Diabetes -> Disability,40_49,0.031,Eastern Europe,F
Diabetes -> Disability,50_59,0.031,Eastern Europe,F
Diabetes -> Disability,60_69,0.031,Eastern Europe,F
Diabetes -> Disability,70_79,0.031,Eastern Europe,F
Diabetes -> Disability,80_100,0.031,Eastern Europe,F
Diabetes -> Deceased,0_4,0.0,Eastern Europe,F
Diabetes -> Deceased,5_9,0.0,Eastern Europe,F
Diabetes -> Deceased,10_14,0.0,Eastern Europe,F
Diabetes -> Deceased,15_19,0.0,Eastern Europe,F
Diabetes -> Deceased,20_24,6.108101174587856e-05,Eastern Europe,F
Diabetes -> Deceased,25_29,0.0004886480939670284,Eastern Europe,F
Diabetes -> Deceased,30_39,0.0015881063053928425,Eastern Europe,F
Diabetes -> Deceased,40_49,0.002809726540310414,Eastern Europe,F
Diabetes -> Deceased,50_59,0.004947561951416163,Eastern Europe,F
Diabetes -> Deceased,60_69,0.006841073315538399,Eastern Europe,F
Diabetes -> Deceased,70_79,0.012094040325683956,Eastern Europe,F
Diabetes -> Deceased,80_100,0.01954592375868114,Eastern Europe,F
Diabetes -> DiabeticRetinopathy,0_4,0.0,Eastern Europe,F
Diabetes -> DiabeticRetinopathy,5_9,0.0,Eastern Europe,F
Diabetes -> DiabeticRetinopathy,10_14,0.061654251617393095,Eastern Europe,F
Diabetes -> DiabeticRetinopathy,15_19,0.057835398260930176,Eastern Europe,F
Diabetes -> DiabeticRetinopathy,20_24,0.008519348028762176,Eastern Europe,F
Diabetes -> DiabeticRetinopathy,25_29,0.000431921542722122,Eastern Europe,F
Diabetes -> DiabeticRetinopathy,30_39,0.007784991992414475,Eastern Europe,F
Diabetes -> DiabeticRetinopathy,40_49,0.017222427475275488,Eastern Europe,F
Diabetes -> DiabeticRetinopathy,50_59,0.02141645228755291,Eastern Europe,F
Diabetes -> DiabeticRetinopathy,60_69,0.0328874540732158,Eastern Europe,F
Diabetes -> DiabeticRetinopathy,70_79,0.025291345390490695,Eastern Europe,F
Diabetes -> DiabeticRetinopathy,80_100,0.01870870228190792,Eastern Europe,F
Diabetes -> LowerExtrmAmpt,0_4,0.0,Eastern Europe,F
Diabetes -> LowerExtrmAmpt,5_9,0.0,Eastern Europe,F
Diabetes -> LowerExtrmAmpt,10_14,0.00010310075521303193,Eastern Europe,F
Diabetes -> LowerExtrmAmpt,15_19,0.0019342359767891683,Eastern Europe,F
Diabetes -> LowerExtrmAmpt,20_24,0.004597233087218835,Eastern Europe,F
Diabetes -> LowerExtrmAmpt,25_29,0.006792177985551801,Eastern Europe,F
Diabetes -> LowerExtrmAmpt,30_39,0.007183700371760107,Eastern Europe,F
Diabetes -> LowerExtrmAmpt,40_49,0.0011297399460778177,Eastern Europe,F
Diabetes -> LowerExtrmAmpt,50_59,0.0008513046137321787,Eastern Europe,F
Diabetes -> LowerExtrmAmpt,60_69,0.005949483767869988,Eastern Europe,F
Diabetes -> LowerExtrmAmpt,70_79,0.014019324042332703,Eastern Europe,F
Diabetes -> LowerExtrmAmpt,80_100,0.014659853936491801,Eastern Europe,F
Diabetes -> DiabeticNephropathy,0_4,0.0,Eastern Europe,F
Diabetes -> DiabeticNephropathy,5_9,0.0,Eastern Europe,F
Diabetes -> DiabeticNephropathy,10_14,0.014,Eastern Europe,F
Diabetes -> DiabeticNephropathy,15_19,0.014,Eastern Europe,F
Diabetes -> DiabeticNephropathy,20_24,0.014,Eastern Europe,F
Diabetes -> DiabeticNephropathy,25_29,0.014,Eastern Europe,F
Diabetes -> DiabeticNephropathy,30_39,0.014,Eastern Europe,F
Diabetes -> DiabeticNephropathy,40_49,0.014,Eastern Europe,F
Diabetes -> DiabeticNephropathy,50_59,0.014,Eastern Europe,F
Diabetes -> DiabeticNephropathy,60_69,0.014,Eastern Europe,F
Diabetes -> DiabeticNephropathy,70_79,0.014,Eastern Europe,F
Diabetes -> DiabeticNephropathy,80_100,0.014,Eastern Europe,F
Prevalence -> Diabetes,0_4,0.004985900000000001,Eastern Europe,F
Prevalence -> Diabetes,5_9,0.0053274,Eastern Europe,F
Prevalence -> Diabetes,10_14,0.0056689,Eastern Europe,F
Prevalence -> Diabetes,15_19,0.006215300000000001,Eastern Europe,F
Prevalence -> Diabetes,20_24,0.0072398,Eastern Europe,F
Prevalence -> Diabetes,25_29,0.0094254,Eastern Europe,F
Prevalence -> Diabetes,30_39,0.0152992,Eastern Europe,F
Prevalence -> Diabetes,40_49,0.029027500000000005,Eastern Europe,F
Prevalence -> Diabetes,50_59,0.0462391,Eastern Europe,F
Prevalence -> Diabetes,60_69,0.06099190000000001,Eastern Europe,F
Prevalence -> Diabetes,70_79,0.0668657,Eastern Europe,F
Prevalence -> Diabetes,80_100,0.10340620000000002,Eastern Europe,F
DiabeticRetinopathy -> Disability,0_4,0.338,Eastern Europe,F
DiabeticRetinopathy -> Disability,5_9,0.338,Eastern Europe,F
DiabeticRetinopathy -> Disability,10_14,0.338,Eastern Europe,F
DiabeticRetinopathy -> Disability,15_19,0.338,Eastern Europe,F
DiabeticRetinopathy -> Disability,20_24,0.338,Eastern Europe,F
DiabeticRetinopathy -> Disability,25_29,0.338,Eastern Europe,F
DiabeticRetinopathy -> Disability,30_39,0.338,Eastern Europe,F
DiabeticRetinopathy -> Disability,40_49,0.338,Eastern Europe,F
DiabeticRetinopathy -> Disability,50_59,0.338,Eastern Europe,F
DiabeticRetinopathy -> Disability,60_69,0.338,Eastern Europe,F
DiabeticRetinopathy -> Disability,70_79,0.338,Eastern Europe,F
DiabeticRetinopathy -> Disability,80_100,0.338,Eastern Europe,F
DiabeticRetinopathy -> Deceased,0_4,0.0,Eastern Europe,F
DiabeticRetinopathy -> Deceased,5_9,0.0,Eastern Europe,F
DiabeticRetinopathy -> Deceased,10_14,0.0,Eastern Europe,F
DiabeticRetinopathy -> Deceased,15_19,0.0,Eastern Europe,F
DiabeticRetinopathy -> Deceased,20_24,0.0001,Eastern Europe,F
DiabeticRetinopathy -> Deceased,25_29,0.0012,Eastern Europe,F
DiabeticRetinopathy -> Deceased,30_39,0.0049,Eastern Europe,F
DiabeticRetinopathy -> Deceased,40_49,0.0091,Eastern Europe,F
DiabeticRetinopathy -> Deceased,50_59,0.0165,Eastern Europe,F
DiabeticRetinopathy -> Deceased,60_69,0.0227,Eastern Europe,F
DiabeticRetinopathy -> Deceased,70_79,0.039,Eastern Europe,F
DiabeticRetinopathy -> Deceased,80_100,0.0639,Eastern Europe,F
Prevalence -> DiabeticRetinopathy,0_4,0.0002,Eastern Europe,F
Prevalence -> DiabeticRetinopathy,5_9,0.0,Eastern Europe,F
Prevalence -> DiabeticRetinopathy,10_14,0.0024,Eastern Europe,F
Prevalence -> DiabeticRetinopathy,15_19,0.0053,Eastern Europe,F
Prevalence -> DiabeticRetinopathy,20_24,0.0068,Eastern Europe,F
Prevalence -> DiabeticRetinopathy,25_29,0.0069,Eastern Europe,F
Prevalence -> DiabeticRetinopathy,30_39,0.0072,Eastern Europe,F
Prevalence -> DiabeticRetinopathy,40_49,0.0113,Eastern Europe,F
Prevalence -> DiabeticRetinopathy,50_59,0.0193,Eastern Europe,F
Prevalence -> DiabeticRetinopathy,60_69,0.0372,Eastern Europe,F
Prevalence -> DiabeticRetinopathy,70_79,0.0498,Eastern Europe,F
Prevalence -> DiabeticRetinopathy,80_100,0.051,Eastern Europe,F
LowerExtrmAmpt -> Disability,0_4,0.164,Eastern Europe,F
LowerExtrmAmpt -> Disability,5_9,0.164,Eastern Europe,F
LowerExtrmAmpt -> Disability,10_14,0.164,Eastern Europe,F
LowerExtrmAmpt -> Disability,15_19,0.164,Eastern Europe,F
LowerExtrmAmpt -> Disability,20_24,0.164,Eastern Europe,F
LowerExtrmAmpt -> Disability,25_29,0.164,Eastern Europe,F
LowerExtrmAmpt -> Disability,30_39,0.164,Eastern Europe,F
LowerExtrmAmpt -> Disability,40_49,0.164,Eastern Europe,F
LowerExtrmAmpt -> Disability,50_59,0.164,Eastern Europe,F
LowerExtrmAmpt -> Disability,60_69,0.164,Eastern Europe,F
LowerExtrmAmpt -> Disability,70_79,0.164,Eastern Europe,F
LowerExtrmAmpt -> Disability,80_100,0.164,Eastern Europe,F
LowerExtrmAmpt -> Deceased,0_4,0.0,Eastern Europe,F
LowerExtrmAmpt -> Deceased,5_9,0.0,Eastern Europe,F
LowerExtrmAmpt -> Deceased,10_14,0.0,Eastern Europe,F
LowerExtrmAmpt -> Deceased,15_19,0.0,Eastern Europe,F
LowerExtrmAmpt -> Deceased,20_24,0.0002,Eastern Europe,F
LowerExtrmAmpt -> Deceased,25_29,0.0013,Eastern Europe,F
LowerExtrmAmpt -> Deceased,30_39,0.0052,Eastern Europe,F
LowerExtrmAmpt -> Deceased,40_49,0.009,Eastern Europe,F
LowerExtrmAmpt -> Deceased,50_59,0.0162,Eastern Europe,F
LowerExtrmAmpt -> Deceased,60_69,0.0231,Eastern Europe,F
LowerExtrmAmpt -> Deceased,70_79,0.0402,Eastern Europe,F
LowerExtrmAmpt -> Deceased,80_100,0.0649,Eastern Europe,F
Prevalence -> LowerExtrmAmpt,0_4,0.0,Eastern Europe,F
Prevalence -> LowerExtrmAmpt,5_9,0.0,Eastern Europe,F
Prevalence -> LowerExtrmAmpt,10_14,0.0,Eastern Europe,F
Prevalence -> LowerExtrmAmpt,15_19,0.0,Eastern Europe,F
Prevalence -> LowerExtrmAmpt,20_24,0.0002,Eastern Europe,F
Prevalence -> LowerExtrmAmpt,25_29,0.0005,Eastern Europe,F
Prevalence -> LowerExtrmAmpt,30_39,0.0016,Eastern Europe,F
Prevalence -> LowerExtrmAmpt,40_49,0.0026,Eastern Europe,F
Prevalence -> LowerExtrmAmpt,50_59,0.0025,Eastern Europe,F
Prevalence -> LowerExtrmAmpt,60_69,0.0046,Eastern Europe,F
Prevalence -> LowerExtrmAmpt,70_79,0.0106,Eastern Europe,F
Prevalence -> LowerExtrmAmpt,80_100,0.0219,Eastern Europe,F
Disability -> Disability,0_4,0.0,Eastern Europe,F
Disability -> Disability,5_9,0.0,Eastern Europe,F
Disability -> Disability,10_14,0.0,Eastern Europe,F
Disability -> Disability,15_19,0.0,Eastern Europe,F
Disability -> Disability,20_24,0.0,Eastern Europe,F
Disability -> Disability,25_29,0.0,Eastern Europe,F
Disability -> Disability,30_39,0.0,Eastern Europe,F
Disability -> Disability,40_49,0.0,Eastern Europe,F
Disability -> Disability,50_59,0.0,Eastern Europe,F
Disability -> Disability,60_69,0.0,Eastern Europe,F
Disability -> Disability,70_79,0.0,Eastern Europe,F
Disability -> Disability,80_100,0.0,Eastern Europe,F
StdGlycControl -> DiabeticRetinopathy,0_4,-75.0,Eastern Europe,F
StdGlycControl -> DiabeticRetinopathy,5_9,-75.0,Eastern Europe,F
StdGlycControl -> DiabeticRetinopathy,10_14,-75.0,Eastern Europe,F
StdGlycControl -> DiabeticRetinopathy,15_19,-75.0,Eastern Europe,F
StdGlycControl -> DiabeticRetinopathy,20_24,-75.0,Eastern Europe,F
StdGlycControl -> DiabeticRetinopathy,25_29,-75.0,Eastern Europe,F
StdGlycControl -> DiabeticRetinopathy,30_39,-75.0,Eastern Europe,F
StdGlycControl -> DiabeticRetinopathy,40_49,-75.0,Eastern Europe,F
StdGlycControl -> DiabeticRetinopathy,50_59,-75.0,Eastern Europe,F
StdGlycControl -> DiabeticRetinopathy,60_69,-75.0,Eastern Europe,F
StdGlycControl -> DiabeticRetinopathy,70_79,-75.0,Eastern Europe,F
StdGlycControl -> DiabeticRetinopathy,80_100,-75.0,Eastern Europe,F
StdGlycControl -> LowerExtrmAmpt,0_4,-28.6,Eastern Europe,F
StdGlycControl -> LowerExtrmAmpt,5_9,-28.6,Eastern Europe,F
StdGlycControl -> LowerExtrmAmpt,10_14,-28.6,Eastern Europe,F
StdGlycControl -> LowerExtrmAmpt,15_19,-28.6,Eastern Europe,F
StdGlycControl -> LowerExtrmAmpt,20_24,-28.6,Eastern Europe,F
StdGlycControl -> LowerExtrmAmpt,25_29,-28.6,Eastern Europe,F
StdGlycControl -> LowerExtrmAmpt,30_39,-28.6,Eastern Europe,F
StdGlycControl -> LowerExtrmAmpt,40_49,-28.6,Eastern Europe,F
StdGlycControl -> LowerExtrmAmpt,50_59,-28.6,Eastern Europe,F
StdGlycControl -> LowerExtrmAmpt,60_69,-28.6,Eastern Europe,F
StdGlycControl -> LowerExtrmAmpt,70_79,-28.6,Eastern Europe,F
StdGlycControl -> LowerExtrmAmpt,80_100,-28.6,Eastern Europe,F
StdGlycControl -> DiabeticNephropathy,0_4,-39.0,Eastern Europe,F
StdGlycControl -> DiabeticNephropathy,5_9,-39.0,Eastern Europe,F
StdGlycControl -> DiabeticNephropathy,10_14,-39.0,Eastern Europe,F
StdGlycControl -> DiabeticNephropathy,15_19,-39.0,Eastern Europe,F
StdGlycControl -> DiabeticNephropathy,20_24,-39.0,Eastern Europe,F
StdGlycControl -> DiabeticNephropathy,25_29,-39.0,Eastern Europe,F
StdGlycControl -> DiabeticNephropathy,30_39,-39.0,Eastern Europe,F
StdGlycControl -> DiabeticNephropathy,40_49,-39.0,Eastern Europe,F
StdGlycControl -> DiabeticNephropathy,50_59,-39.0,Eastern Europe,F
StdGlycControl -> DiabeticNephropathy,60_69,-39.0,Eastern Europe,F
StdGlycControl -> DiabeticNephropathy,70_79,-39.0,Eastern Europe,F
StdGlycControl -> DiabeticNephropathy,80_100,-39.0,Eastern Europe,F
IntsvGlycControl -> DiabeticRetinopathy,0_4,-65.0,Eastern Europe,F
IntsvGlycControl -> DiabeticRetinopathy,5_9,-65.0,Eastern Europe,F
IntsvGlycControl -> DiabeticRetinopathy,10_14,-65.0,Eastern Europe,F
IntsvGlycControl -> DiabeticRetinopathy,15_19,-65.0,Eastern Europe,F
IntsvGlycControl -> DiabeticRetinopathy,20_24,-65.0,Eastern Europe,F
IntsvGlycControl -> DiabeticRetinopathy,25_29,-65.0,Eastern Europe,F
IntsvGlycControl -> DiabeticRetinopathy,30_39,-65.0,Eastern Europe,F
IntsvGlycControl -> DiabeticRetinopathy,40_49,-65.0,Eastern Europe,F
IntsvGlycControl -> DiabeticRetinopathy,50_59,-65.0,Eastern Europe,F
IntsvGlycControl -> DiabeticRetinopathy,60_69,-65.0,Eastern Europe,F
IntsvGlycControl -> DiabeticRetinopathy,70_79,-65.0,Eastern Europe,F
IntsvGlycControl -> DiabeticRetinopathy,80_100,-65.0,Eastern Europe,F
IntsvGlycControl -> LowerExtrmAmpt,0_4,-15.1,Eastern Europe,F
IntsvGlycControl -> LowerExtrmAmpt,5_9,-15.1,Eastern Europe,F
IntsvGlycControl -> LowerExtrmAmpt,10_14,-15.1,Eastern Europe,F
IntsvGlycControl -> LowerExtrmAmpt,15_19,-15.1,Eastern Europe,F
IntsvGlycControl -> LowerExtrmAmpt,20_24,-15.1,Eastern Europe,F
IntsvGlycControl -> LowerExtrmAmpt,25_29,-15.1,Eastern Europe,F
IntsvGlycControl -> LowerExtrmAmpt,30_39,-15.1,Eastern Europe,F
IntsvGlycControl -> LowerExtrmAmpt,40_49,-15.1,Eastern Europe,F
IntsvGlycControl -> LowerExtrmAmpt,50_59,-15.1,Eastern Europe,F
IntsvGlycControl -> LowerExtrmAmpt,60_69,-15.1,Eastern Europe,F
IntsvGlycControl -> LowerExtrmAmpt,70_79,-15.1,Eastern Europe,F
IntsvGlycControl -> LowerExtrmAmpt,80_100,-15.1,Eastern Europe,F
IntsvGlycControl -> DiabeticNephropathy,0_4,-39.0,Eastern Europe,F
IntsvGlycControl -> DiabeticNephropathy,5_9,-39.0,Eastern Europe,F
IntsvGlycControl -> DiabeticNephropathy,10_14,-39.0,Eastern Europe,F
IntsvGlycControl -> DiabeticNephropathy,15_19,-39.0,Eastern Europe,F
IntsvGlycControl -> DiabeticNephropathy,20_24,-39.0,Eastern Europe,F
IntsvGlycControl -> DiabeticNephropathy,25_29,-39.0,Eastern Europe,F
IntsvGlycControl -> DiabeticNephropathy,30_39,-39.0,Eastern Europe,F
IntsvGlycControl -> DiabeticNephropathy,40_49,-39.0,Eastern Europe,F
IntsvGlycControl -> DiabeticNephropathy,50_59,-39.0,Eastern Europe,F
IntsvGlycControl -> DiabeticNephropathy,60_69,-39.0,Eastern Europe,F
IntsvGlycControl -> DiabeticNephropathy,70_79,-39.0,Eastern Europe,F
IntsvGlycControl -> DiabeticNephropathy,80_100,-39.0,Eastern Europe,F
RetinopathyScrn -> DiabeticRetinopathy,0_4,-20.0,Eastern Europe,F
RetinopathyScrn -> DiabeticRetinopathy,5_9,-20.0,Eastern Europe,F
RetinopathyScrn -> DiabeticRetinopathy,10_14,-20.0,Eastern Europe,F
RetinopathyScrn -> DiabeticRetinopathy,15_19,-20.0,Eastern Europe,F
RetinopathyScrn -> DiabeticRetinopathy,20_24,-20.0,Eastern Europe,F
RetinopathyScrn -> DiabeticRetinopathy,25_29,-20.0,Eastern Europe,F
RetinopathyScrn -> DiabeticRetinopathy,30_39,-20.0,Eastern Europe,F
RetinopathyScrn -> DiabeticRetinopathy,40_49,-20.0,Eastern Europe,F
RetinopathyScrn -> DiabeticRetinopathy,50_59,-20.0,Eastern Europe,F
RetinopathyScrn -> DiabeticRetinopathy,60_69,-20.0,Eastern Europe,F
RetinopathyScrn -> DiabeticRetinopathy,70_79,-20.0,Eastern Europe,F
RetinopathyScrn -> DiabeticRetinopathy,80_100,-20.0,Eastern Europe,F
NeuropathyScr -> LowerExtrmAmpt,0_4,-35.0,Eastern Europe,F
NeuropathyScr -> LowerExtrmAmpt,5_9,-35.0,Eastern Europe,F
NeuropathyScr -> LowerExtrmAmpt,10_14,-35.0,Eastern Europe,F
NeuropathyScr -> LowerExtrmAmpt,15_19,-35.0,Eastern Europe,F
NeuropathyScr -> LowerExtrmAmpt,20_24,-35.0,Eastern Europe,F
NeuropathyScr -> LowerExtrmAmpt,25_29,-35.0,Eastern Europe,F
NeuropathyScr -> LowerExtrmAmpt,30_39,-35.0,Eastern Europe,F
NeuropathyScr -> LowerExtrmAmpt,40_49,-35.0,Eastern Europe,F
NeuropathyScr -> LowerExtrmAmpt,50_59,-35.0,Eastern Europe,F
NeuropathyScr -> LowerExtrmAmpt,60_69,-35.0,Eastern Europe,F
NeuropathyScr -> LowerExtrmAmpt,70_79,-35.0,Eastern Europe,F
NeuropathyScr -> LowerExtrmAmpt,80_100,-35.0,Eastern Europe,F
NephropathyScr -> DiabeticNephropathy,0_4,-24.0,Eastern Europe,F
NephropathyScr -> DiabeticNephropathy,5_9,-24.0,Eastern Europe,F
NephropathyScr -> DiabeticNephropathy,10_14,-24.0,Eastern Europe,F
NephropathyScr -> DiabeticNephropathy,15_19,-24.0,Eastern Europe,F
NephropathyScr -> DiabeticNephropathy,20_24,-24.0,Eastern Europe,F
NephropathyScr -> DiabeticNephropathy,25_29,-24.0,Eastern Europe,F
NephropathyScr -> DiabeticNephropathy,30_39,-24.0,Eastern Europe,F
NephropathyScr -> DiabeticNephropathy,40_49,-24.0,Eastern Europe,F
NephropathyScr -> DiabeticNephropathy,50_59,-24.0,Eastern Europe,F
NephropathyScr -> DiabeticNephropathy,60_69,-24.0,Eastern Europe,F
NephropathyScr -> DiabeticNephropathy,70_79,-24.0,Eastern Europe,F
NephropathyScr -> DiabeticNephropathy,80_100,-24.0,Eastern Europe,F
DiabeticNephropathy -> Disability,0_4,0.338,Eastern Europe,F
DiabeticNephropathy -> Disability,5_9,0.338,Eastern Europe,F
DiabeticNephropathy -> Disability,10_14,0.338,Eastern Europe,F
DiabeticNephropathy -> Disability,15_19,0.338,Eastern Europe,F
DiabeticNephropathy -> Disability,20_24,0.338,Eastern Europe,F
DiabeticNephropathy -> Disability,25_29,0.338,Eastern Europe,F
DiabeticNephropathy -> Disability,30_39,0.338,Eastern Europe,F
DiabeticNephropathy -> Disability,40_49,0.338,Eastern Europe,F
DiabeticNephropathy -> Disability,50_59,0.338,Eastern Europe,F
DiabeticNephropathy -> Disability,60_69,0.338,Eastern Europe,F
DiabeticNephropathy -> Disability,70_79,0.338,Eastern Europe,F
DiabeticNephropathy -> Disability,80_100,0.338,Eastern Europe,F
DiabeticNephropathy -> Deceased,0_4,0.0,Eastern Europe,F
DiabeticNephropathy -> Deceased,5_9,0.0,Eastern Europe,F
DiabeticNephropathy -> Deceased,10_14,0.0,Eastern Europe,F
DiabeticNephropathy -> Deceased,15_19,0.0,Eastern Europe,F
DiabeticNephropathy -> Deceased,20_24,0.00018385384535509443,Eastern Europe,F
DiabeticNephropathy -> Deceased,25_29,0.0014708307628407554,Eastern Europe,F
DiabeticNephropathy -> Deceased,30_39,0.004780199979232455,Eastern Europe,F
DiabeticNephropathy -> Deceased,40_49,0.008457276886334346,Eastern Europe,F
DiabeticNephropathy -> Deceased,50_59,0.01489216147376265,Eastern Europe,F
DiabeticNephropathy -> Deceased,60_69,0.02059163067977058,Eastern Europe,F
DiabeticNephropathy -> Deceased,70_79,0.0364030613803087,Eastern Europe,F
DiabeticNephropathy -> Deceased,80_100,0.05883323051363022,Eastern Europe,F
Prevalence -> DiabeticNephropathy,0_4,0.00428,Eastern Europe,F
Prevalence -> DiabeticNephropathy,5_9,0.00428,Eastern Europe,F
Prevalence -> DiabeticNephropathy,10_14,0.00436,Eastern Europe,F
Prevalence -> DiabeticNephropathy,15_19,0.004560000000000001,Eastern Europe,F
Prevalence -> DiabeticNephropathy,20_24,0.00496,Eastern Europe,F
Prevalence -> DiabeticNephropathy,25_29,0.006200000000000001,Eastern Europe,F
Prevalence -> DiabeticNephropathy,30_39,0.011000000000000001,Eastern Europe,F
Prevalence -> DiabeticNephropathy,40_49,0.020680000000000004,Eastern Europe,F
Prevalence -> DiabeticNephropathy,50_59,0.03332,Eastern Europe,F
Prevalence -> DiabeticNephropathy,60_69,0.04012,Eastern Europe,F
Prevalence -> DiabeticNephropathy,70_79,0.04916,Eastern Europe,F
Prevalence -> DiabeticNephropathy,80_100,0.08984,Eastern Europe,F
DsFreeSus -> Disability,0_4,0.048559841080520263,Eastern sub-Saharan Africa,M
DsFreeSus -> Disability,5_9,0.06359520071857129,Eastern sub-Saharan Africa,M
DsFreeSus -> Disability,10_14,0.07863056035662232,Eastern sub-Saharan Africa,M
DsFreeSus -> Disability,15_19,0.09366591999467334,Eastern sub-Saharan Africa,M
DsFreeSus -> Disability,20_24,0.10870127963272437,Eastern sub-Saharan Africa,M
DsFreeSus -> Disability,25_29,0.1237366392707754,Eastern sub-Saharan Africa,M
DsFreeSus -> Disability,30_39,0.14628967872785192,Eastern sub-Saharan Africa,M
DsFreeSus -> Disability,40_49,0.17636039800395398,Eastern sub-Saharan Africa,M
DsFreeSus -> Disability,50_59,0.20643111728005603,Eastern sub-Saharan Africa,M
DsFreeSus -> Disability,60_69,0.23650183655615808,Eastern sub-Saharan Africa,M
DsFreeSus -> Disability,70_79,0.26657255583226014,Eastern sub-Saharan Africa,M
DsFreeSus -> Disability,80_100,0.3041609549273877,Eastern sub-Saharan Africa,M
DsFreeSus -> Diabetes,0_4,0.0,Eastern sub-Saharan Africa,M
DsFreeSus -> Diabetes,5_9,0.0,Eastern sub-Saharan Africa,M
DsFreeSus -> Diabetes,10_14,1e-09,Eastern sub-Saharan Africa,M
DsFreeSus -> Diabetes,15_19,0.0002,Eastern sub-Saharan Africa,M
DsFreeSus -> Diabetes,20_24,0.0002,Eastern sub-Saharan Africa,M
DsFreeSus -> Diabetes,25_29,0.0005,Eastern sub-Saharan Africa,M
DsFreeSus -> Diabetes,30_39,0.0011,Eastern sub-Saharan Africa,M
DsFreeSus -> Diabetes,40_49,0.0019,Eastern sub-Saharan Africa,M
DsFreeSus -> Diabetes,50_59,0.0024,Eastern sub-Saharan Africa,M
DsFreeSus -> Diabetes,60_69,0.0017,Eastern sub-Saharan Africa,M
DsFreeSus -> Diabetes,70_79,0.003,Eastern sub-Saharan Africa,M
DsFreeSus -> Diabetes,80_100,0.0068,Eastern sub-Saharan Africa,M
Diabetes -> Disability,0_4,0.031,Eastern sub-Saharan Africa,M
Diabetes -> Disability,5_9,0.031,Eastern sub-Saharan Africa,M
Diabetes -> Disability,10_14,0.031,Eastern sub-Saharan Africa,M
Diabetes -> Disability,15_19,0.031,Eastern sub-Saharan Africa,M
Diabetes -> Disability,20_24,0.031,Eastern sub-Saharan Africa,M
Diabetes -> Disability,25_29,0.031,Eastern sub-Saharan Africa,M
Diabetes -> Disability,30_39,0.031,Eastern sub-Saharan Africa,M
Diabetes -> Disability,40_49,0.031,Eastern sub-Saharan Africa,M
Diabetes -> Disability,50_59,0.031,Eastern sub-Saharan Africa,M
Diabetes -> Disability,60_69,0.031,Eastern sub-Saharan Africa,M
Diabetes -> Disability,70_79,0.031,Eastern sub-Saharan Africa,M
Diabetes -> Disability,80_100,0.031,Eastern sub-Saharan Africa,M
Diabetes -> Deceased,0_4,0.0,Eastern sub-Saharan Africa,M
Diabetes -> Deceased,5_9,0.0,Eastern sub-Saharan Africa,M
Diabetes -> Deceased,10_14,0.0,Eastern sub-Saharan Africa,M
Diabetes -> Deceased,15_19,0.0,Eastern sub-Saharan Africa,M
Diabetes -> Deceased,20_24,0.0004886480939670284,Eastern sub-Saharan Africa,M
Diabetes -> Deceased,25_29,0.0023210784463433853,Eastern sub-Saharan Africa,M
Diabetes -> Deceased,30_39,0.0064135062333172494,Eastern sub-Saharan Africa,M
Diabetes -> Deceased,40_49,0.008917827714898269,Eastern sub-Saharan Africa,M
Diabetes -> Deceased,50_59,0.011238906161241655,Eastern sub-Saharan Africa,M
Diabetes -> Deceased,60_69,0.012949174490126255,Eastern sub-Saharan Africa,M
Diabetes -> Deceased,70_79,0.02119511107581986,Eastern sub-Saharan Africa,M
Diabetes -> Deceased,80_100,0.03261726027229915,Eastern sub-Saharan Africa,M
Diabetes -> DiabeticRetinopathy,0_4,0.0,Eastern sub-Saharan Africa,M
Diabetes -> DiabeticRetinopathy,5_9,0.0,Eastern sub-Saharan Africa,M
Diabetes -> DiabeticRetinopathy,10_14,0.0,Eastern sub-Saharan Africa,M
Diabetes -> DiabeticRetinopathy,15_19,0.0,Eastern sub-Saharan Africa,M
Diabetes -> DiabeticRetinopathy,20_24,0.0006064940120031502,Eastern sub-Saharan Africa,M
Diabetes -> DiabeticRetinopathy,25_29,0.00037635144382099355,Eastern sub-Saharan Africa,M
Diabetes -> DiabeticRetinopathy,30_39,0.0004407875404055245,Eastern sub-Saharan Africa,M
Diabetes -> DiabeticRetinopathy,40_49,0.0012613892426765944,Eastern sub-Saharan Africa,M
Diabetes -> DiabeticRetinopathy,50_59,0.002253985547975016,Eastern sub-Saharan Africa,M
Diabetes -> DiabeticRetinopathy,60_69,0.0033713046041740683,Eastern sub-Saharan Africa,M
Diabetes -> DiabeticRetinopathy,70_79,0.0033458131397814885,Eastern sub-Saharan Africa,M
Diabetes -> DiabeticRetinopathy,80_100,0.0034413244008226597,Eastern sub-Saharan Africa,M
Diabetes -> LowerExtrmAmpt,0_4,0.0,Eastern sub-Saharan Africa,M
Diabetes -> LowerExtrmAmpt,5_9,0.0,Eastern sub-Saharan Africa,M
Diabetes -> LowerExtrmAmpt,10_14,8.685229898035401e-05,Eastern sub-Saharan Africa,M
Diabetes -> LowerExtrmAmpt,15_19,0.0015616866215512754,Eastern sub-Saharan Africa,M
Diabetes -> LowerExtrmAmpt,20_24,0.003711381267481964,Eastern sub-Saharan Africa,M
Diabetes -> LowerExtrmAmpt,25_29,0.005790680169700287,Eastern sub-Saharan Africa,M
Diabetes -> LowerExtrmAmpt,30_39,0.0062025103899920235,Eastern sub-Saharan Africa,M
Diabetes -> LowerExtrmAmpt,40_49,0.0016685852846086019,Eastern sub-Saharan Africa,M
Diabetes -> LowerExtrmAmpt,50_59,0.0012538154902418566,Eastern sub-Saharan Africa,M
Diabetes -> LowerExtrmAmpt,60_69,0.006164347319964019,Eastern sub-Saharan Africa,M
Diabetes -> LowerExtrmAmpt,70_79,0.014041696334918191,Eastern sub-Saharan Africa,M
Diabetes -> LowerExtrmAmpt,80_100,0.018448756847013786,Eastern sub-Saharan Africa,M
Diabetes -> DiabeticNephropathy,0_4,0.0,Eastern sub-Saharan Africa,M
Diabetes -> DiabeticNephropathy,5_9,0.0,Eastern sub-Saharan Africa,M
Diabetes -> DiabeticNephropathy,10_14,0.014,Eastern sub-Saharan Africa,M
Diabetes -> DiabeticNephropathy,15_19,0.014,Eastern sub-Saharan Africa,M
Diabetes -> DiabeticNephropathy,20_24,0.014,Eastern sub-Saharan Africa,M
Diabetes -> DiabeticNephropathy,25_29,0.014,Eastern sub-Saharan Africa,M
Diabetes -> DiabeticNephropathy,30_39,0.014,Eastern sub-Saharan Africa,M
Diabetes -> DiabeticNephropathy,40_49,0.014,Eastern sub-Saharan Africa,M
Diabetes -> DiabeticNephropathy,50_59,0.014,Eastern sub-Saharan Africa,M
Diabetes -> DiabeticNephropathy,60_69,0.014,Eastern sub-Saharan Africa,M
Diabetes -> DiabeticNephropathy,70_79,0.014,Eastern sub-Saharan Africa,M
Diabetes -> DiabeticNephropathy,80_100,0.014,Eastern sub-Saharan Africa,M
Prevalence -> Diabetes,0_4,0.0,Eastern sub-Saharan Africa,M
Prevalence -> Diabetes,5_9,0.0,Eastern sub-Saharan Africa,M
Prevalence -> Diabetes,10_14,0.0033467,Eastern sub-Saharan Africa,M
Prevalence -> Diabetes,15_19,0.0038248,Eastern sub-Saharan Africa,M
Prevalence -> Diabetes,20_24,0.0045078,Eastern sub-Saharan Africa,M
Prevalence -> Diabetes,25_29,0.0056689,Eastern sub-Saharan Africa,M
Prevalence -> Diabetes,30_39,0.0094254,Eastern sub-Saharan Africa,M
Prevalence -> Diabetes,40_49,0.017553100000000002,Eastern sub-Saharan Africa,M
Prevalence -> Diabetes,50_59,0.0289592,Eastern sub-Saharan Africa,M
Prevalence -> Diabetes,60_69,0.036677100000000004,Eastern sub-Saharan Africa,M
Prevalence -> Diabetes,70_79,0.038726100000000006,Eastern sub-Saharan Africa,M
Prevalence -> Diabetes,80_100,0.054093600000000006,Eastern sub-Saharan Africa,M
DiabeticRetinopathy -> Disability,0_4,0.338,Eastern sub-Saharan Africa,M
DiabeticRetinopathy -> Disability,5_9,0.338,Eastern sub-Saharan Africa,M
DiabeticRetinopathy -> Disability,10_14,0.338,Eastern sub-Saharan Africa,M
DiabeticRetinopathy -> Disability,15_19,0.338,Eastern sub-Saharan Africa,M
DiabeticRetinopathy -> Disability,20_24,0.338,Eastern sub-Saharan Africa,M
DiabeticRetinopathy -> Disability,25_29,0.338,Eastern sub-Saharan Africa,M
DiabeticRetinopathy -> Disability,30_39,0.338,Eastern sub-Saharan Africa,M
DiabeticRetinopathy -> Disability,40_49,0.338,Eastern sub-Saharan Africa,M
DiabeticRetinopathy -> Disability,50_59,0.338,Eastern sub-Saharan Africa,M
DiabeticRetinopathy -> Disability,60_69,0.338,Eastern sub-Saharan Africa,M
DiabeticRetinopathy -> Disability,70_79,0.338,Eastern sub-Saharan Africa,M
DiabeticRetinopathy -> Disability,80_100,0.338,Eastern sub-Saharan Africa,M
DiabeticRetinopathy -> Deceased,0_4,0.0,Eastern sub-Saharan Africa,M
DiabeticRetinopathy -> Deceased,5_9,0.0,Eastern sub-Saharan Africa,M
DiabeticRetinopathy -> Deceased,10_14,0.0,Eastern sub-Saharan Africa,M
DiabeticRetinopathy -> Deceased,15_19,0.0,Eastern sub-Saharan Africa,M
DiabeticRetinopathy -> Deceased,20_24,0.001,Eastern sub-Saharan Africa,M
DiabeticRetinopathy -> Deceased,25_29,0.0061,Eastern sub-Saharan Africa,M
DiabeticRetinopathy -> Deceased,30_39,0.021,Eastern sub-Saharan Africa,M
DiabeticRetinopathy -> Deceased,40_49,0.0293,Eastern sub-Saharan Africa,M
DiabeticRetinopathy -> Deceased,50_59,0.037,Eastern sub-Saharan Africa,M
DiabeticRetinopathy -> Deceased,60_69,0.0431,Eastern sub-Saharan Africa,M
DiabeticRetinopathy -> Deceased,70_79,0.0683,Eastern sub-Saharan Africa,M
DiabeticRetinopathy -> Deceased,80_100,0.107,Eastern sub-Saharan Africa,M
Prevalence -> DiabeticRetinopathy,0_4,0.0,Eastern sub-Saharan Africa,M
Prevalence -> DiabeticRetinopathy,5_9,0.0,Eastern sub-Saharan Africa,M
Prevalence -> DiabeticRetinopathy,10_14,0.0,Eastern sub-Saharan Africa,M
Prevalence -> DiabeticRetinopathy,15_19,0.0,Eastern sub-Saharan Africa,M
Prevalence -> DiabeticRetinopathy,20_24,0.0002,Eastern sub-Saharan Africa,M
Prevalence -> DiabeticRetinopathy,25_29,0.0002,Eastern sub-Saharan Africa,M
Prevalence -> DiabeticRetinopathy,30_39,0.0002,Eastern sub-Saharan Africa,M
Prevalence -> DiabeticRetinopathy,40_49,0.0003,Eastern sub-Saharan Africa,M
Prevalence -> DiabeticRetinopathy,50_59,0.0007,Eastern sub-Saharan Africa,M
Prevalence -> DiabeticRetinopathy,60_69,0.0017,Eastern sub-Saharan Africa,M
Prevalence -> DiabeticRetinopathy,70_79,0.0024,Eastern sub-Saharan Africa,M
Prevalence -> DiabeticRetinopathy,80_100,0.0025,Eastern sub-Saharan Africa,M
LowerExtrmAmpt -> Disability,0_4,0.164,Eastern sub-Saharan Africa,M
LowerExtrmAmpt -> Disability,5_9,0.164,Eastern sub-Saharan Africa,M
LowerExtrmAmpt -> Disability,10_14,0.164,Eastern sub-Saharan Africa,M
LowerExtrmAmpt -> Disability,15_19,0.164,Eastern sub-Saharan Africa,M
LowerExtrmAmpt -> Disability,20_24,0.164,Eastern sub-Saharan Africa,M
LowerExtrmAmpt -> Disability,25_29,0.164,Eastern sub-Saharan Africa,M
LowerExtrmAmpt -> Disability,30_39,0.164,Eastern sub-Saharan Africa,M
LowerExtrmAmpt -> Disability,40_49,0.164,Eastern sub-Saharan Africa,M
LowerExtrmAmpt -> Disability,50_59,0.164,Eastern sub-Saharan Africa,M
LowerExtrmAmpt -> Disability,60_69,0.164,Eastern sub-Saharan Africa,M
LowerExtrmAmpt -> Disability,70_79,0.164,Eastern sub-Saharan Africa,M
LowerExtrmAmpt -> Disability,80_100,0.164,Eastern sub-Saharan Africa,M
LowerExtrmAmpt -> Deceased,0_4,0.0,Eastern sub-Saharan Africa,M
LowerExtrmAmpt -> Deceased,5_9,0.0,Eastern sub-Saharan Africa,M
LowerExtrmAmpt -> Deceased,10_14,0.0,Eastern sub-Saharan Africa,M
LowerExtrmAmpt -> Deceased,15_19,0.0,Eastern sub-Saharan Africa,M
LowerExtrmAmpt -> Deceased,20_24,0.001,Eastern sub-Saharan Africa,M
LowerExtrmAmpt -> Deceased,25_29,0.006,Eastern sub-Saharan Africa,M
LowerExtrmAmpt -> Deceased,30_39,0.021,Eastern sub-Saharan Africa,M
LowerExtrmAmpt -> Deceased,40_49,0.0292,Eastern sub-Saharan Africa,M
LowerExtrmAmpt -> Deceased,50_59,0.037,Eastern sub-Saharan Africa,M
LowerExtrmAmpt -> Deceased,60_69,0.0438,Eastern sub-Saharan Africa,M
LowerExtrmAmpt -> Deceased,70_79,0.0698,Eastern sub-Saharan Africa,M
LowerExtrmAmpt -> Deceased,80_100,0.1082,Eastern sub-Saharan Africa,M
Prevalence -> LowerExtrmAmpt,0_4,0.0,Eastern sub-Saharan Africa,M
Prevalence -> LowerExtrmAmpt,5_9,0.0,Eastern sub-Saharan Africa,M
Prevalence -> LowerExtrmAmpt,10_14,0.0,Eastern sub-Saharan Africa,M
Prevalence -> LowerExtrmAmpt,15_19,0.0,Eastern sub-Saharan Africa,M
Prevalence -> LowerExtrmAmpt,20_24,0.0001,Eastern sub-Saharan Africa,M
Prevalence -> LowerExtrmAmpt,25_29,0.0003,Eastern sub-Saharan Africa,M
Prevalence -> LowerExtrmAmpt,30_39,0.0008,Eastern sub-Saharan Africa,M
Prevalence -> LowerExtrmAmpt,40_49,0.0012,Eastern sub-Saharan Africa,M
Prevalence -> LowerExtrmAmpt,50_59,0.0011,Eastern sub-Saharan Africa,M
Prevalence -> LowerExtrmAmpt,60_69,0.0022,Eastern sub-Saharan Africa,M
Prevalence -> LowerExtrmAmpt,70_79,0.0054,Eastern sub-Saharan Africa,M
Prevalence -> LowerExtrmAmpt,80_100,0.0101,Eastern sub-Saharan Africa,M
Disability -> Disability,0_4,0.0,Eastern sub-Saharan Africa,M
Disability -> Disability,5_9,0.0,Eastern sub-Saharan Africa,M
Disability -> Disability,10_14,0.0,Eastern sub-Saharan Africa,M
Disability -> Disability,15_19,0.0,Eastern sub-Saharan Africa,M
Disability -> Disability,20_24,0.0,Eastern sub-Saharan Africa,M
Disability -> Disability,25_29,0.0,Eastern sub-Saharan Africa,M
Disability -> Disability,30_39,0.0,Eastern sub-Saharan Africa,M
Disability -> Disability,40_49,0.0,Eastern sub-Saharan Africa,M
Disability -> Disability,50_59,0.0,Eastern sub-Saharan Africa,M
Disability -> Disability,60_69,0.0,Eastern sub-Saharan Africa,M
Disability -> Disability,70_79,0.0,Eastern sub-Saharan Africa,M
Disability -> Disability,80_100,0.0,Eastern sub-Saharan Africa,M
StdGlycControl -> DiabeticRetinopathy,0_4,-75.0,Eastern sub-Saharan Africa,M
StdGlycControl -> DiabeticRetinopathy,5_9,-75.0,Eastern sub-Saharan Africa,M
StdGlycControl -> DiabeticRetinopathy,10_14,-75.0,Eastern sub-Saharan Africa,M
StdGlycControl -> DiabeticRetinopathy,15_19,-75.0,Eastern sub-Saharan Africa,M
StdGlycControl -> DiabeticRetinopathy,20_24,-75.0,Eastern sub-Saharan Africa,M
StdGlycControl -> DiabeticRetinopathy,25_29,-75.0,Eastern sub-Saharan Africa,M
StdGlycControl -> DiabeticRetinopathy,30_39,-75.0,Eastern sub-Saharan Africa,M
StdGlycControl -> DiabeticRetinopathy,40_49,-75.0,Eastern sub-Saharan Africa,M
StdGlycControl -> DiabeticRetinopathy,50_59,-75.0,Eastern sub-Saharan Africa,M
StdGlycControl -> DiabeticRetinopathy,60_69,-75.0,Eastern sub-Saharan Africa,M
StdGlycControl -> DiabeticRetinopathy,70_79,-75.0,Eastern sub-Saharan Africa,M
StdGlycControl -> DiabeticRetinopathy,80_100,-75.0,Eastern sub-Saharan Africa,M
StdGlycControl -> LowerExtrmAmpt,0_4,-28.6,Eastern sub-Saharan Africa,M
StdGlycControl -> LowerExtrmAmpt,5_9,-28.6,Eastern sub-Saharan Africa,M
StdGlycControl -> LowerExtrmAmpt,10_14,-28.6,Eastern sub-Saharan Africa,M
StdGlycControl -> LowerExtrmAmpt,15_19,-28.6,Eastern sub-Saharan Africa,M
StdGlycControl -> LowerExtrmAmpt,20_24,-28.6,Eastern sub-Saharan Africa,M
StdGlycControl -> LowerExtrmAmpt,25_29,-28.6,Eastern sub-Saharan Africa,M
StdGlycControl -> LowerExtrmAmpt,30_39,-28.6,Eastern sub-Saharan Africa,M
StdGlycControl -> LowerExtrmAmpt,40_49,-28.6,Eastern sub-Saharan Africa,M
StdGlycControl -> LowerExtrmAmpt,50_59,-28.6,Eastern sub-Saharan Africa,M
StdGlycControl -> LowerExtrmAmpt,60_69,-28.6,Eastern sub-Saharan Africa,M
StdGlycControl -> LowerExtrmAmpt,70_79,-28.6,Eastern sub-Saharan Africa,M
StdGlycControl -> LowerExtrmAmpt,80_100,-28.6,Eastern sub-Saharan Africa,M
StdGlycControl -> DiabeticNephropathy,0_4,-39.0,Eastern sub-Saharan Africa,M
StdGlycControl -> DiabeticNephropathy,5_9,-39.0,Eastern sub-Saharan Africa,M
StdGlycControl -> DiabeticNephropathy,10_14,-39.0,Eastern sub-Saharan Africa,M
StdGlycControl -> DiabeticNephropathy,15_19,-39.0,Eastern sub-Saharan Africa,M
StdGlycControl -> DiabeticNephropathy,20_24,-39.0,Eastern sub-Saharan Africa,M
StdGlycControl -> DiabeticNephropathy,25_29,-39.0,Eastern sub-Saharan Africa,M
StdGlycControl -> DiabeticNephropathy,30_39,-39.0,Eastern sub-Saharan Africa,M
StdGlycControl -> DiabeticNephropathy,40_49,-39.0,Eastern sub-Saharan Africa,M
StdGlycControl -> DiabeticNephropathy,50_59,-39.0,Eastern sub-Saharan Africa,M
StdGlycControl -> DiabeticNephropathy,60_69,-39.0,Eastern sub-Saharan Africa,M
StdGlycControl -> DiabeticNephropathy,70_79,-39.0,Eastern sub-Saharan Africa,M
StdGlycControl -> DiabeticNephropathy,80_100,-39.0,Eastern sub-Saharan Africa,M
IntsvGlycControl -> DiabeticRetinopathy,0_4,-65.0,Eastern sub-Saharan Africa,M
IntsvGlycControl -> DiabeticRetinopathy,5_9,-65.0,Eastern sub-Saharan Africa,M
IntsvGlycControl -> DiabeticRetinopathy,10_14,-65.0,Eastern sub-Saharan Africa,M
IntsvGlycControl -> DiabeticRetinopathy,15_19,-65.0,Eastern sub-Saharan Africa,M
IntsvGlycControl -> DiabeticRetinopathy,20_24,-65.0,Eastern sub-Saharan Africa,M
IntsvGlycControl -> DiabeticRetinopathy,25_29,-65.0,Eastern sub-Saharan Africa,M
IntsvGlycControl -> DiabeticRetinopathy,30_39,-65.0,Eastern sub-Saharan Africa,M
IntsvGlycControl -> DiabeticRetinopathy,40_49,-65.0,Eastern sub-Saharan Africa,M
IntsvGlycControl -> DiabeticRetinopathy,50_59,-65.0,Eastern sub-Saharan Africa,M
IntsvGlycControl -> DiabeticRetinopathy,60_69,-65.0,Eastern sub-Saharan Africa,M
IntsvGlycControl -> DiabeticRetinopathy,70_79,-65.0,Eastern sub-Saharan Africa,M
IntsvGlycControl -> DiabeticRetinopathy,80_100,-65.0,Eastern sub-Saharan Africa,M
IntsvGlycControl -> LowerExtrmAmpt,0_4,-15.1,Eastern sub-Saharan Africa,M
IntsvGlycControl -> LowerExtrmAmpt,5_9,-15.1,Eastern sub-Saharan Africa,M
IntsvGlycControl -> LowerExtrmAmpt,10_14,-15.1,Eastern sub-Saharan Africa,M
IntsvGlycControl -> LowerExtrmAmpt,15_19,-15.1,Eastern sub-Saharan Africa,M
IntsvGlycControl -> LowerExtrmAmpt,20_24,-15.1,Eastern sub-Saharan Africa,M
IntsvGlycControl -> LowerExtrmAmpt,25_29,-15.1,Eastern sub-Saharan Africa,M
IntsvGlycControl -> LowerExtrmAmpt,30_39,-15.1,Eastern sub-Saharan Africa,M
IntsvGlycControl -> LowerExtrmAmpt,40_49,-15.1,Eastern sub-Saharan Africa,M
IntsvGlycControl -> LowerExtrmAmpt,50_59,-15.1,Eastern sub-Saharan Africa,M
IntsvGlycControl -> LowerExtrmAmpt,60_69,-15.1,Eastern sub-Saharan Africa,M
IntsvGlycControl -> LowerExtrmAmpt,70_79,-15.1,Eastern sub-Saharan Africa,M
IntsvGlycControl -> LowerExtrmAmpt,80_100,-15.1,Eastern sub-Saharan Africa,M
IntsvGlycControl -> DiabeticNephropathy,0_4,-39.0,Eastern sub-Saharan Africa,M
IntsvGlycControl -> DiabeticNephropathy,5_9,-39.0,Eastern sub-Saharan Africa,M
IntsvGlycControl -> DiabeticNephropathy,10_14,-39.0,Eastern sub-Saharan Africa,M
IntsvGlycControl -> DiabeticNephropathy,15_19,-39.0,Eastern sub-Saharan Africa,M
IntsvGlycControl -> DiabeticNephropathy,20_24,-39.0,Eastern sub-Saharan Africa,M
IntsvGlycControl -> DiabeticNephropathy,25_29,-39.0,Eastern sub-Saharan Africa,M
IntsvGlycControl -> DiabeticNephropathy,30_39,-39.0,Eastern sub-Saharan Africa,M
IntsvGlycControl -> DiabeticNephropathy,40_49,-39.0,Eastern sub-Saharan Africa,M
IntsvGlycControl -> DiabeticNephropathy,50_59,-39.0,Eastern sub-Saharan Africa,M
IntsvGlycControl -> DiabeticNephropathy,60_69,-39.0,Eastern sub-Saharan Africa,M
IntsvGlycControl -> DiabeticNephropathy,70_79,-39.0,Eastern sub-Saharan Africa,M
IntsvGlycControl -> DiabeticNephropathy,80_100,-39.0,Eastern sub-Saharan Africa,M
RetinopathyScrn -> DiabeticRetinopathy,0_4,-20.0,Eastern sub-Saharan Africa,M
RetinopathyScrn -> DiabeticRetinopathy,5_9,-20.0,Eastern sub-Saharan Africa,M
RetinopathyScrn -> DiabeticRetinopathy,10_14,-20.0,Eastern sub-Saharan Africa,M
RetinopathyScrn -> DiabeticRetinopathy,15_19,-20.0,Eastern sub-Saharan Africa,M
RetinopathyScrn -> DiabeticRetinopathy,20_24,-20.0,Eastern sub-Saharan Africa,M
RetinopathyScrn -> DiabeticRetinopathy,25_29,-20.0,Eastern sub-Saharan Africa,M
RetinopathyScrn -> DiabeticRetinopathy,30_39,-20.0,Eastern sub-Saharan Africa,M
RetinopathyScrn -> DiabeticRetinopathy,40_49,-20.0,Eastern sub-Saharan Africa,M
RetinopathyScrn -> DiabeticRetinopathy,50_59,-20.0,Eastern sub-Saharan Africa,M
RetinopathyScrn -> DiabeticRetinopathy,60_69,-20.0,Eastern sub-Saharan Africa,M
RetinopathyScrn -> DiabeticRetinopathy,70_79,-20.0,Eastern sub-Saharan Africa,M
RetinopathyScrn -> DiabeticRetinopathy,80_100,-20.0,Eastern sub-Saharan Africa,M
NeuropathyScr -> LowerExtrmAmpt,0_4,-35.0,Eastern sub-Saharan Africa,M
NeuropathyScr -> LowerExtrmAmpt,5_9,-35.0,Eastern sub-Saharan Africa,M
NeuropathyScr -> LowerExtrmAmpt,10_14,-35.0,Eastern sub-Saharan Africa,M
NeuropathyScr -> LowerExtrmAmpt,15_19,-35.0,Eastern sub-Saharan Africa,M
NeuropathyScr -> LowerExtrmAmpt,20_24,-35.0,Eastern sub-Saharan Africa,M
NeuropathyScr -> LowerExtrmAmpt,25_29,-35.0,Eastern sub-Saharan Africa,M
NeuropathyScr -> LowerExtrmAmpt,30_39,-35.0,Eastern sub-Saharan Africa,M
NeuropathyScr -> LowerExtrmAmpt,40_49,-35.0,Eastern sub-Saharan Africa,M
NeuropathyScr -> LowerExtrmAmpt,50_59,-35.0,Eastern sub-Saharan Africa,M
NeuropathyScr -> LowerExtrmAmpt,60_69,-35.0,Eastern sub-Saharan Africa,M
NeuropathyScr -> LowerExtrmAmpt,70_79,-35.0,Eastern sub-Saharan Africa,M
NeuropathyScr -> LowerExtrmAmpt,80_100,-35.0,Eastern sub-Saharan Africa,M
NephropathyScr -> DiabeticNephropathy,0_4,-24.0,Eastern sub-Saharan Africa,M
NephropathyScr -> DiabeticNephropathy,5_9,-24.0,Eastern sub-Saharan Africa,M
NephropathyScr -> DiabeticNephropathy,10_14,-24.0,Eastern sub-Saharan Africa,M
NephropathyScr -> DiabeticNephropathy,15_19,-24.0,Eastern sub-Saharan Africa,M
NephropathyScr -> DiabeticNephropathy,20_24,-24.0,Eastern sub-Saharan Africa,M
NephropathyScr -> DiabeticNephropathy,25_29,-24.0,Eastern sub-Saharan Africa,M
NephropathyScr -> DiabeticNephropathy,30_39,-24.0,Eastern sub-Saharan Africa,M
NephropathyScr -> DiabeticNephropathy,40_49,-24.0,Eastern sub-Saharan Africa,M
NephropathyScr -> DiabeticNephropathy,50_59,-24.0,Eastern sub-Saharan Africa,M
NephropathyScr -> DiabeticNephropathy,60_69,-24.0,Eastern sub-Saharan Africa,M
NephropathyScr -> DiabeticNephropathy,70_79,-24.0,Eastern sub-Saharan Africa,M
NephropathyScr -> DiabeticNephropathy,80_100,-24.0,Eastern sub-Saharan Africa,M
DiabeticNephropathy -> Disability,0_4,0.338,Eastern sub-Saharan Africa,M
DiabeticNephropathy -> Disability,5_9,0.338,Eastern sub-Saharan Africa,M
DiabeticNephropathy -> Disability,10_14,0.338,Eastern sub-Saharan Africa,M
DiabeticNephropathy -> Disability,15_19,0.338,Eastern sub-Saharan Africa,M
DiabeticNephropathy -> Disability,20_24,0.338,Eastern sub-Saharan Africa,M
DiabeticNephropathy -> Disability,25_29,0.338,Eastern sub-Saharan Africa,M
DiabeticNephropathy -> Disability,30_39,0.338,Eastern sub-Saharan Africa,M
DiabeticNephropathy -> Disability,40_49,0.338,Eastern sub-Saharan Africa,M
DiabeticNephropathy -> Disability,50_59,0.338,Eastern sub-Saharan Africa,M
DiabeticNephropathy -> Disability,60_69,0.338,Eastern sub-Saharan Africa,M
DiabeticNephropathy -> Disability,70_79,0.338,Eastern sub-Saharan Africa,M
DiabeticNephropathy -> Disability,80_100,0.338,Eastern sub-Saharan Africa,M
DiabeticNephropathy -> Deceased,0_4,0.0,Eastern sub-Saharan Africa,M
DiabeticNephropathy -> Deceased,5_9,0.0,Eastern sub-Saharan Africa,M
DiabeticNephropathy -> Deceased,10_14,0.0,Eastern sub-Saharan Africa,M
DiabeticNephropathy -> Deceased,15_19,0.0,Eastern sub-Saharan Africa,M
DiabeticNephropathy -> Deceased,20_24,0.0014708307628407554,Eastern sub-Saharan Africa,M
DiabeticNephropathy -> Deceased,25_29,0.006986446123493589,Eastern sub-Saharan Africa,M
DiabeticNephropathy -> Deceased,30_39,0.01930465376228492,Eastern sub-Saharan Africa,M
DiabeticNephropathy -> Deceased,40_49,0.026842661421843786,Eastern sub-Saharan Africa,M
DiabeticNephropathy -> Deceased,50_59,0.033829107545337384,Eastern sub-Saharan Africa,M
DiabeticNephropathy -> Deceased,60_69,0.03897701521528003,Eastern sub-Saharan Africa,M
DiabeticNephropathy -> Deceased,70_79,0.06379728433821777,Eastern sub-Saharan Africa,M
DiabeticNephropathy -> Deceased,80_100,0.09817795341962043,Eastern sub-Saharan Africa,M
Prevalence -> DiabeticNephropathy,0_4,0.00428,Eastern sub-Saharan Africa,M
Prevalence -> DiabeticNephropathy,5_9,0.00428,Eastern sub-Saharan Africa,M
Prevalence -> DiabeticNephropathy,10_14,0.00436,Eastern sub-Saharan Africa,M
Prevalence -> DiabeticNephropathy,15_19,0.004560000000000001,Eastern sub-Saharan Africa,M
Prevalence -> DiabeticNephropathy,20_24,0.00496,Eastern sub-Saharan Africa,M
Prevalence -> DiabeticNephropathy,25_29,0.006200000000000001,Eastern sub-Saharan Africa,M
Prevalence -> DiabeticNephropathy,30_39,0.011000000000000001,Eastern sub-Saharan Africa,M
Prevalence -> DiabeticNephropathy,40_49,0.020680000000000004,Eastern sub-Saharan Africa,M
Prevalence -> DiabeticNephropathy,50_59,0.03332,Eastern sub-Saharan Africa,M
Prevalence -> DiabeticNephropathy,60_69,0.04012,Eastern sub-Saharan Africa,M
Prevalence -> DiabeticNephropathy,70_79,0.04916,Eastern sub-Saharan Africa,M
Prevalence -> DiabeticNephropathy,80_100,0.08984,Eastern sub-Saharan Africa,M
DsFreeSus -> Disability,0_4,0.050216369156375666,Eastern sub-Saharan Africa,F
DsFreeSus -> Disability,5_9,0.06522263846347469,Eastern sub-Saharan Africa,F
DsFreeSus -> Disability,10_14,0.0802289077705737,Eastern sub-Saharan Africa,F
DsFreeSus -> Disability,15_19,0.09523517707767273,Eastern sub-Saharan Africa,F
DsFreeSus -> Disability,20_24,0.11024144638477175,Eastern sub-Saharan Africa,F
DsFreeSus -> Disability,25_29,0.12524771569187076,Eastern sub-Saharan Africa,F
DsFreeSus -> Disability,30_39,0.1477571196525193,Eastern sub-Saharan Africa,F
DsFreeSus -> Disability,40_49,0.17776965826671734,Eastern sub-Saharan Africa,F
DsFreeSus -> Disability,50_59,0.2077821968809154,Eastern sub-Saharan Africa,F
DsFreeSus -> Disability,60_69,0.23779473549511343,Eastern sub-Saharan Africa,F
DsFreeSus -> Disability,70_79,0.2678072741093115,Eastern sub-Saharan Africa,F
DsFreeSus -> Disability,80_100,0.305322947377059,Eastern sub-Saharan Africa,F
DsFreeSus -> Diabetes,0_4,0.0,Eastern sub-Saharan Africa,F
DsFreeSus -> Diabetes,5_9,0.0,Eastern sub-Saharan Africa,F
DsFreeSus -> Diabetes,10_14,1e-09,Eastern sub-Saharan Africa,F
DsFreeSus -> Diabetes,15_19,0.0002,Eastern sub-Saharan Africa,F
DsFreeSus -> Diabetes,20_24,0.0002,Eastern sub-Saharan Africa,F
DsFreeSus -> Diabetes,25_29,0.0005,Eastern sub-Saharan Africa,F
DsFreeSus -> Diabetes,30_39,0.001,Eastern sub-Saharan Africa,F
DsFreeSus -> Diabetes,40_49,0.0018,Eastern sub-Saharan Africa,F
DsFreeSus -> Diabetes,50_59,0.0023,Eastern sub-Saharan Africa,F
DsFreeSus -> Diabetes,60_69,0.0014,Eastern sub-Saharan Africa,F
DsFreeSus -> Diabetes,70_79,0.0028,Eastern sub-Saharan Africa,F
DsFreeSus -> Diabetes,80_100,0.0081,Eastern sub-Saharan Africa,F
Diabetes -> Disability,0_4,0.031,Eastern sub-Saharan Africa,F
Diabetes -> Disability,5_9,0.031,Eastern sub-Saharan Africa,F
Diabetes -> Disability,10_14,0.031,Eastern sub-Saharan Africa,F
Diabetes -> Disability,15_19,0.031,Eastern sub-Saharan Africa,F
Diabetes -> Disability,20_24,0.031,Eastern sub-Saharan Africa,F
Diabetes -> Disability,25_29,0.031,Eastern sub-Saharan Africa,F
Diabetes -> Disability,30_39,0.031,Eastern sub-Saharan Africa,F
Diabetes -> Disability,40_49,0.031,Eastern sub-Saharan Africa,F
Diabetes -> Disability,50_59,0.031,Eastern sub-Saharan Africa,F
Diabetes -> Disability,60_69,0.031,Eastern sub-Saharan Africa,F
Diabetes -> Disability,70_79,0.031,Eastern sub-Saharan Africa,F
Diabetes -> Disability,80_100,0.031,Eastern sub-Saharan Africa,F
Diabetes -> Deceased,0_4,0.0,Eastern sub-Saharan Africa,F
Diabetes -> Deceased,5_9,0.0,Eastern sub-Saharan Africa,F
Diabetes -> Deceased,10_14,0.0,Eastern sub-Saharan Africa,F
Diabetes -> Deceased,15_19,0.0,Eastern sub-Saharan Africa,F
Diabetes -> Deceased,20_24,0.0004275670822211499,Eastern sub-Saharan Africa,F
Diabetes -> Deceased,25_29,0.002198916422851628,Eastern sub-Saharan Africa,F
Diabetes -> Deceased,30_39,0.006474587245063127,Eastern sub-Saharan Africa,F
Diabetes -> Deceased,40_49,0.007879450515218335,Eastern sub-Saharan Africa,F
Diabetes -> Deceased,50_59,0.008856746703152391,Eastern sub-Saharan Africa,F
Diabetes -> Deceased,60_69,0.010322690985053475,Eastern sub-Saharan Africa,F
Diabetes -> Deceased,70_79,0.018324303523763567,Eastern sub-Saharan Africa,F
Diabetes -> Deceased,80_100,0.038908604482124645,Eastern sub-Saharan Africa,F
Diabetes -> DiabeticRetinopathy,0_4,0.0,Eastern sub-Saharan Africa,F
Diabetes -> DiabeticRetinopathy,5_9,0.0,Eastern sub-Saharan Africa,F
Diabetes -> DiabeticRetinopathy,10_14,0.004773548695067658,Eastern sub-Saharan Africa,F
Diabetes -> DiabeticRetinopathy,15_19,0.0010765013705457264,Eastern sub-Saharan Africa,F
Diabetes -> DiabeticRetinopathy,20_24,0.0004882958474922521,Eastern sub-Saharan Africa,F
Diabetes -> DiabeticRetinopathy,25_29,0.0007022800692916335,Eastern sub-Saharan Africa,F
Diabetes -> DiabeticRetinopathy,30_39,0.0019510155732850225,Eastern sub-Saharan Africa,F
Diabetes -> DiabeticRetinopathy,40_49,0.003203942911562667,Eastern sub-Saharan Africa,F
Diabetes -> DiabeticRetinopathy,50_59,0.00406733830768051,Eastern sub-Saharan Africa,F
Diabetes -> DiabeticRetinopathy,60_69,0.005560948205669749,Eastern sub-Saharan Africa,F
Diabetes -> DiabeticRetinopathy,70_79,0.0059085500594934556,Eastern sub-Saharan Africa,F
Diabetes -> DiabeticRetinopathy,80_100,0.007828428244595583,Eastern sub-Saharan Africa,F
Diabetes -> LowerExtrmAmpt,0_4,0.0,Eastern sub-Saharan Africa,F
Diabetes -> LowerExtrmAmpt,5_9,0.0,Eastern sub-Saharan Africa,F
Diabetes -> LowerExtrmAmpt,10_14,9.741936112382974e-05,Eastern sub-Saharan Africa,F
Diabetes -> LowerExtrmAmpt,15_19,0.001694492898081236,Eastern sub-Saharan Africa,F
Diabetes -> LowerExtrmAmpt,20_24,0.0031091490697465842,Eastern sub-Saharan Africa,F
Diabetes -> LowerExtrmAmpt,25_29,0.003202397115969849,Eastern sub-Saharan Africa,F
Diabetes -> LowerExtrmAmpt,30_39,0.0038710626454067907,Eastern sub-Saharan Africa,F
Diabetes -> LowerExtrmAmpt,40_49,0.0009654373431164317,Eastern sub-Saharan Africa,F
Diabetes -> LowerExtrmAmpt,50_59,0.0005907865698306885,Eastern sub-Saharan Africa,F
Diabetes -> LowerExtrmAmpt,60_69,0.0038933748626652017,Eastern sub-Saharan Africa,F
Diabetes -> LowerExtrmAmpt,70_79,0.009104198538160801,Eastern sub-Saharan Africa,F
Diabetes -> LowerExtrmAmpt,80_100,0.014411778438360855,Eastern sub-Saharan Africa,F
Diabetes -> DiabeticNephropathy,0_4,0.0,Eastern sub-Saharan Africa,F
Diabetes -> DiabeticNephropathy,5_9,0.0,Eastern sub-Saharan Africa,F
Diabetes -> DiabeticNephropathy,10_14,0.014,Eastern sub-Saharan Africa,F
Diabetes -> DiabeticNephropathy,15_19,0.014,Eastern sub-Saharan Africa,F
Diabetes -> DiabeticNephropathy,20_24,0.014,Eastern sub-Saharan Africa,F
Diabetes -> DiabeticNephropathy,25_29,0.014,Eastern sub-Saharan Africa,F
Diabetes -> DiabeticNephropathy,30_39,0.014,Eastern sub-Saharan Africa,F
Diabetes -> DiabeticNephropathy,40_49,0.014,Eastern sub-Saharan Africa,F
Diabetes -> DiabeticNephropathy,50_59,0.014,Eastern sub-Saharan Africa,F
Diabetes -> DiabeticNephropathy,60_69,0.014,Eastern sub-Saharan Africa,F
Diabetes -> DiabeticNephropathy,70_79,0.014,Eastern sub-Saharan Africa,F
Diabetes -> DiabeticNephropathy,80_100,0.014,Eastern sub-Saharan Africa,F
Prevalence -> Diabetes,0_4,0.002732,Eastern sub-Saharan Africa,F
Prevalence -> Diabetes,5_9,0.0028003000000000004,Eastern sub-Saharan Africa,F
Prevalence -> Diabetes,10_14,0.0030052000000000004,Eastern sub-Saharan Africa,F
Prevalence -> Diabetes,15_19,0.0034833000000000004,Eastern sub-Saharan Africa,F
Prevalence -> Diabetes,20_24,0.004098,Eastern sub-Saharan Africa,F
Prevalence -> Diabetes,25_29,0.0051225,Eastern sub-Saharan Africa,F
Prevalence -> Diabetes,30_39,0.008537500000000002,Eastern sub-Saharan Africa,F
Prevalence -> Diabetes,40_49,0.015982200000000002,Eastern sub-Saharan Africa,F
Prevalence -> Diabetes,50_59,0.027046800000000003,Eastern sub-Saharan Africa,F
Prevalence -> Diabetes,60_69,0.0347647,Eastern sub-Saharan Africa,F
Prevalence -> Diabetes,70_79,0.036882000000000005,Eastern sub-Saharan Africa,F
Prevalence -> Diabetes,80_100,0.0547766,Eastern sub-Saharan Africa,F
DiabeticRetinopathy -> Disability,0_4,0.338,Eastern sub-Saharan Africa,F
DiabeticRetinopathy -> Disability,5_9,0.338,Eastern sub-Saharan Africa,F
DiabeticRetinopathy -> Disability,10_14,0.338,Eastern sub-Saharan Africa,F
DiabeticRetinopathy -> Disability,15_19,0.338,Eastern sub-Saharan Africa,F
DiabeticRetinopathy -> Disability,20_24,0.338,Eastern sub-Saharan Africa,F
DiabeticRetinopathy -> Disability,25_29,0.338,Eastern sub-Saharan Africa,F
DiabeticRetinopathy -> Disability,30_39,0.338,Eastern sub-Saharan Africa,F
DiabeticRetinopathy -> Disability,40_49,0.338,Eastern sub-Saharan Africa,F
DiabeticRetinopathy -> Disability,50_59,0.338,Eastern sub-Saharan Africa,F
DiabeticRetinopathy -> Disability,60_69,0.338,Eastern sub-Saharan Africa,F
DiabeticRetinopathy -> Disability,70_79,0.338,Eastern sub-Saharan Africa,F
DiabeticRetinopathy -> Disability,80_100,0.338,Eastern sub-Saharan Africa,F
DiabeticRetinopathy -> Deceased,0_4,0.0,Eastern sub-Saharan Africa,F
DiabeticRetinopathy -> Deceased,5_9,0.0,Eastern sub-Saharan Africa,F
DiabeticRetinopathy -> Deceased,10_14,0.0,Eastern sub-Saharan Africa,F
DiabeticRetinopathy -> Deceased,15_19,0.0001,Eastern sub-Saharan Africa,F
DiabeticRetinopathy -> Deceased,20_24,0.0008,Eastern sub-Saharan Africa,F
DiabeticRetinopathy -> Deceased,25_29,0.0054,Eastern sub-Saharan Africa,F
DiabeticRetinopathy -> Deceased,30_39,0.0206,Eastern sub-Saharan Africa,F
DiabeticRetinopathy -> Deceased,40_49,0.0257,Eastern sub-Saharan Africa,F
DiabeticRetinopathy -> Deceased,50_59,0.0291,Eastern sub-Saharan Africa,F
DiabeticRetinopathy -> Deceased,60_69,0.0346,Eastern sub-Saharan Africa,F
DiabeticRetinopathy -> Deceased,70_79,0.0592,Eastern sub-Saharan Africa,F
DiabeticRetinopathy -> Deceased,80_100,0.1261,Eastern sub-Saharan Africa,F
Prevalence -> DiabeticRetinopathy,0_4,0.0,Eastern sub-Saharan Africa,F
Prevalence -> DiabeticRetinopathy,5_9,0.0,Eastern sub-Saharan Africa,F
Prevalence -> DiabeticRetinopathy,10_14,0.0002,Eastern sub-Saharan Africa,F
Prevalence -> DiabeticRetinopathy,15_19,0.0003,Eastern sub-Saharan Africa,F
Prevalence -> DiabeticRetinopathy,20_24,0.0003,Eastern sub-Saharan Africa,F
Prevalence -> DiabeticRetinopathy,25_29,0.0003,Eastern sub-Saharan Africa,F
Prevalence -> DiabeticRetinopathy,30_39,0.0004,Eastern sub-Saharan Africa,F
Prevalence -> DiabeticRetinopathy,40_49,0.0007,Eastern sub-Saharan Africa,F
Prevalence -> DiabeticRetinopathy,50_59,0.0015,Eastern sub-Saharan Africa,F
Prevalence -> DiabeticRetinopathy,60_69,0.0031,Eastern sub-Saharan Africa,F
Prevalence -> DiabeticRetinopathy,70_79,0.0043,Eastern sub-Saharan Africa,F
Prevalence -> DiabeticRetinopathy,80_100,0.0048,Eastern sub-Saharan Africa,F
LowerExtrmAmpt -> Disability,0_4,0.164,Eastern sub-Saharan Africa,F
LowerExtrmAmpt -> Disability,5_9,0.164,Eastern sub-Saharan Africa,F
LowerExtrmAmpt -> Disability,10_14,0.164,Eastern sub-Saharan Africa,F
LowerExtrmAmpt -> Disability,15_19,0.164,Eastern sub-Saharan Africa,F
LowerExtrmAmpt -> Disability,20_24,0.164,Eastern sub-Saharan Africa,F
LowerExtrmAmpt -> Disability,25_29,0.164,Eastern sub-Saharan Africa,F
LowerExtrmAmpt -> Disability,30_39,0.164,Eastern sub-Saharan Africa,F
LowerExtrmAmpt -> Disability,40_49,0.164,Eastern sub-Saharan Africa,F
LowerExtrmAmpt -> Disability,50_59,0.164,Eastern sub-Saharan Africa,F
LowerExtrmAmpt -> Disability,60_69,0.164,Eastern sub-Saharan Africa,F
LowerExtrmAmpt -> Disability,70_79,0.164,Eastern sub-Saharan Africa,F
LowerExtrmAmpt -> Disability,80_100,0.164,Eastern sub-Saharan Africa,F
LowerExtrmAmpt -> Deceased,0_4,0.0,Eastern sub-Saharan Africa,F
LowerExtrmAmpt -> Deceased,5_9,0.0,Eastern sub-Saharan Africa,F
LowerExtrmAmpt -> Deceased,10_14,0.0,Eastern sub-Saharan Africa,F
LowerExtrmAmpt -> Deceased,15_19,0.0,Eastern sub-Saharan Africa,F
LowerExtrmAmpt -> Deceased,20_24,0.0008,Eastern sub-Saharan Africa,F
LowerExtrmAmpt -> Deceased,25_29,0.0056,Eastern sub-Saharan Africa,F
LowerExtrmAmpt -> Deceased,30_39,0.0212,Eastern sub-Saharan Africa,F
LowerExtrmAmpt -> Deceased,40_49,0.0259,Eastern sub-Saharan Africa,F
LowerExtrmAmpt -> Deceased,50_59,0.0294,Eastern sub-Saharan Africa,F
LowerExtrmAmpt -> Deceased,60_69,0.0355,Eastern sub-Saharan Africa,F
LowerExtrmAmpt -> Deceased,70_79,0.0608,Eastern sub-Saharan Africa,F
LowerExtrmAmpt -> Deceased,80_100,0.1296,Eastern sub-Saharan Africa,F
Prevalence -> LowerExtrmAmpt,0_4,0.0,Eastern sub-Saharan Africa,F
Prevalence -> LowerExtrmAmpt,5_9,0.0,Eastern sub-Saharan Africa,F
Prevalence -> LowerExtrmAmpt,10_14,0.0,Eastern sub-Saharan Africa,F
Prevalence -> LowerExtrmAmpt,15_19,0.0,Eastern sub-Saharan Africa,F
Prevalence -> LowerExtrmAmpt,20_24,0.0001,Eastern sub-Saharan Africa,F
Prevalence -> LowerExtrmAmpt,25_29,0.0002,Eastern sub-Saharan Africa,F
Prevalence -> LowerExtrmAmpt,30_39,0.0004,Eastern sub-Saharan Africa,F
Prevalence -> LowerExtrmAmpt,40_49,0.0007,Eastern sub-Saharan Africa,F
Prevalence -> LowerExtrmAmpt,50_59,0.0007,Eastern sub-Saharan Africa,F
Prevalence -> LowerExtrmAmpt,60_69,0.0014,Eastern sub-Saharan Africa,F
Prevalence -> LowerExtrmAmpt,70_79,0.0034,Eastern sub-Saharan Africa,F
Prevalence -> LowerExtrmAmpt,80_100,0.0068,Eastern sub-Saharan Africa,F
Disability -> Disability,0_4,0.0,Eastern sub-Saharan Africa,F
Disability -> Disability,5_9,0.0,Eastern sub-Saharan Africa,F
Disability -> Disability,10_14,0.0,Eastern sub-Saharan Africa,F
Disability -> Disability,15_19,0.0,Eastern sub-Saharan Africa,F
Disability -> Disability,20_24,0.0,Eastern sub-Saharan Africa,F
Disability -> Disability,25_29,0.0,Eastern sub-Saharan Africa,F
Disability -> Disability,30_39,0.0,Eastern sub-Saharan Africa,F
Disability -> Disability,40_49,0.0,Eastern sub-Saharan Africa,F
Disability -> Disability,50_59,0.0,Eastern sub-Saharan Africa,F
Disability -> Disability,60_69,0.0,Eastern sub-Saharan Africa,F
Disability -> Disability,70_79,0.0,Eastern sub-Saharan Africa,F
Disability -> Disability,80_100,0.0,Eastern sub-Saharan Africa,F
StdGlycControl -> DiabeticRetinopathy,0_4,-75.0,Eastern sub-Saharan Africa,F
StdGlycControl -> DiabeticRetinopathy,5_9,-75.0,Eastern sub-Saharan Africa,F
StdGlycControl -> DiabeticRetinopathy,10_14,-75.0,Eastern sub-Saharan Africa,F
StdGlycControl -> DiabeticRetinopathy,15_19,-75.0,Eastern sub-Saharan Africa,F
StdGlycControl -> DiabeticRetinopathy,20_24,-75.0,Eastern sub-Saharan Africa,F
StdGlycControl -> DiabeticRetinopathy,25_29,-75.0,Eastern sub-Saharan Africa,F
StdGlycControl -> DiabeticRetinopathy,30_39,-75.0,Eastern sub-Saharan Africa,F
StdGlycControl -> DiabeticRetinopathy,40_49,-75.0,Eastern sub-Saharan Africa,F
StdGlycControl -> DiabeticRetinopathy,50_59,-75.0,Eastern sub-Saharan Africa,F
StdGlycControl -> DiabeticRetinopathy,60_69,-75.0,Eastern sub-Saharan Africa,F
StdGlycControl -> DiabeticRetinopathy,70_79,-75.0,Eastern sub-Saharan Africa,F
StdGlycControl -> DiabeticRetinopathy,80_100,-75.0,Eastern sub-Saharan Africa,F
StdGlycControl -> LowerExtrmAmpt,0_4,-28.6,Eastern sub-Saharan Africa,F
StdGlycControl -> LowerExtrmAmpt,5_9,-28.6,Eastern sub-Saharan Africa,F
StdGlycControl -> LowerExtrmAmpt,10_14,-28.6,Eastern sub-Saharan Africa,F
StdGlycControl -> LowerExtrmAmpt,15_19,-28.6,Eastern sub-Saharan Africa,F
StdGlycControl -> LowerExtrmAmpt,20_24,-28.6,Eastern sub-Saharan Africa,F
StdGlycControl -> LowerExtrmAmpt,25_29,-28.6,Eastern sub-Saharan Africa,F
StdGlycControl -> LowerExtrmAmpt,30_39,-28.6,Eastern sub-Saharan Africa,F
StdGlycControl -> LowerExtrmAmpt,40_49,-28.6,Eastern sub-Saharan Africa,F
StdGlycControl -> LowerExtrmAmpt,50_59,-28.6,Eastern sub-Saharan Africa,F
StdGlycControl -> LowerExtrmAmpt,60_69,-28.6,Eastern sub-Saharan Africa,F
StdGlycControl -> LowerExtrmAmpt,70_79,-28.6,Eastern sub-Saharan Africa,F
StdGlycControl -> LowerExtrmAmpt,80_100,-28.6,Eastern sub-Saharan Africa,F
StdGlycControl -> DiabeticNephropathy,0_4,-39.0,Eastern sub-Saharan Africa,F
StdGlycControl -> DiabeticNephropathy,5_9,-39.0,Eastern sub-Saharan Africa,F
StdGlycControl -> DiabeticNephropathy,10_14,-39.0,Eastern sub-Saharan Africa,F
StdGlycControl -> DiabeticNephropathy,15_19,-39.0,Eastern sub-Saharan Africa,F
StdGlycControl -> DiabeticNephropathy,20_24,-39.0,Eastern sub-Saharan Africa,F
StdGlycControl -> DiabeticNephropathy,25_29,-39.0,Eastern sub-Saharan Africa,F
StdGlycControl -> DiabeticNephropathy,30_39,-39.0,Eastern sub-Saharan Africa,F
StdGlycControl -> DiabeticNephropathy,40_49,-39.0,Eastern sub-Saharan Africa,F
StdGlycControl -> DiabeticNephropathy,50_59,-39.0,Eastern sub-Saharan Africa,F
StdGlycControl -> DiabeticNephropathy,60_69,-39.0,Eastern sub-Saharan Africa,F
StdGlycControl -> DiabeticNephropathy,70_79,-39.0,Eastern sub-Saharan Africa,F
StdGlycControl -> DiabeticNephropathy,80_100,-39.0,Eastern sub-Saharan Africa,F
IntsvGlycControl -> DiabeticRetinopathy,0_4,-65.0,Eastern sub-Saharan Africa,F
IntsvGlycControl -> DiabeticRetinopathy,5_9,-65.0,Eastern sub-Saharan Africa,F
IntsvGlycControl -> DiabeticRetinopathy,10_14,-65.0,Eastern sub-Saharan Africa,F
IntsvGlycControl -> DiabeticRetinopathy,15_19,-65.0,Eastern sub-Saharan Africa,F
IntsvGlycControl -> DiabeticRetinopathy,20_24,-65.0,Eastern sub-Saharan Africa,F
IntsvGlycControl -> DiabeticRetinopathy,25_29,-65.0,Eastern sub-Saharan Africa,F
IntsvGlycControl -> DiabeticRetinopathy,30_39,-65.0,Eastern sub-Saharan Africa,F
IntsvGlycControl -> DiabeticRetinopathy,40_49,-65.0,Eastern sub-Saharan Africa,F
IntsvGlycControl -> DiabeticRetinopathy,50_59,-65.0,Eastern sub-Saharan Africa,F
IntsvGlycControl -> DiabeticRetinopathy,60_69,-65.0,Eastern sub-Saharan Africa,F
IntsvGlycControl -> DiabeticRetinopathy,70_79,-65.0,Eastern sub-Saharan Africa,F
IntsvGlycControl -> DiabeticRetinopathy,80_100,-65.0,Eastern sub-Saharan Africa,F
IntsvGlycControl -> LowerExtrmAmpt,0_4,-15.1,Eastern sub-Saharan Africa,F
IntsvGlycControl -> LowerExtrmAmpt,5_9,-15.1,Eastern sub-Saharan Africa,F
IntsvGlycControl -> LowerExtrmAmpt,10_14,-15.1,Eastern sub-Saharan Africa,F
IntsvGlycControl -> LowerExtrmAmpt,15_19,-15.1,Eastern sub-Saharan Africa,F
IntsvGlycControl -> LowerExtrmAmpt,20_24,-15.1,Eastern sub-Saharan Africa,F
IntsvGlycControl -> LowerExtrmAmpt,25_29,-15.1,Eastern sub-Saharan Africa,F
IntsvGlycControl -> LowerExtrmAmpt,30_39,-15.1,Eastern sub-Saharan Africa,F
IntsvGlycControl -> LowerExtrmAmpt,40_49,-15.1,Eastern sub-Saharan Africa,F
IntsvGlycControl -> LowerExtrmAmpt,50_59,-15.1,Eastern sub-Saharan Africa,F
IntsvGlycControl -> LowerExtrmAmpt,60_69,-15.1,Eastern sub-Saharan Africa,F
IntsvGlycControl -> LowerExtrmAmpt,70_79,-15.1,Eastern sub-Saharan Africa,F
IntsvGlycControl -> LowerExtrmAmpt,80_100,-15.1,Eastern sub-Saharan Africa,F
IntsvGlycControl -> DiabeticNephropathy,0_4,-39.0,Eastern sub-Saharan Africa,F
IntsvGlycControl -> DiabeticNephropathy,5_9,-39.0,Eastern sub-Saharan Africa,F
IntsvGlycControl -> DiabeticNephropathy,10_14,-39.0,Eastern sub-Saharan Africa,F
IntsvGlycControl -> DiabeticNephropathy,15_19,-39.0,Eastern sub-Saharan Africa,F
IntsvGlycControl -> DiabeticNephropathy,20_24,-39.0,Eastern sub-Saharan Africa,F
IntsvGlycControl -> DiabeticNephropathy,25_29,-39.0,Eastern sub-Saharan Africa,F
IntsvGlycControl -> DiabeticNephropathy,30_39,-39.0,Eastern sub-Saharan Africa,F
IntsvGlycControl -> DiabeticNephropathy,40_49,-39.0,Eastern sub-Saharan Africa,F
IntsvGlycControl -> DiabeticNephropathy,50_59,-39.0,Eastern sub-Saharan Africa,F
IntsvGlycControl -> DiabeticNephropathy,60_69,-39.0,Eastern sub-Saharan Africa,F
IntsvGlycControl -> DiabeticNephropathy,70_79,-39.0,Eastern sub-Saharan Africa,F
IntsvGlycControl -> DiabeticNephropathy,80_100,-39.0,Eastern sub-Saharan Africa,F
RetinopathyScrn -> DiabeticRetinopathy,0_4,-20.0,Eastern sub-Saharan Africa,F
RetinopathyScrn -> DiabeticRetinopathy,5_9,-20.0,Eastern sub-Saharan Africa,F
RetinopathyScrn -> DiabeticRetinopathy,10_14,-20.0,Eastern sub-Saharan Africa,F
RetinopathyScrn -> DiabeticRetinopathy,15_19,-20.0,Eastern sub-Saharan Africa,F
RetinopathyScrn -> DiabeticRetinopathy,20_24,-20.0,Eastern sub-Saharan Africa,F
RetinopathyScrn -> DiabeticRetinopathy,25_29,-20.0,Eastern sub-Saharan Africa,F
RetinopathyScrn -> DiabeticRetinopathy,30_39,-20.0,Eastern sub-Saharan Africa,F
RetinopathyScrn -> DiabeticRetinopathy,40_49,-20.0,Eastern sub-Saharan Africa,F
RetinopathyScrn -> DiabeticRetinopathy,50_59,-20.0,Eastern sub-Saharan Africa,F
RetinopathyScrn -> DiabeticRetinopathy,60_69,-20.0,Eastern sub-Saharan Africa,F
RetinopathyScrn -> DiabeticRetinopathy,70_79,-20.0,Eastern sub-Saharan Africa,F
RetinopathyScrn -> DiabeticRetinopathy,80_100,-20.0,Eastern sub-Saharan Africa,F
NeuropathyScr -> LowerExtrmAmpt,0_4,-35.0,Eastern sub-Saharan Africa,F
NeuropathyScr -> LowerExtrmAmpt,5_9,-35.0,Eastern sub-Saharan Africa,F
NeuropathyScr -> LowerExtrmAmpt,10_14,-35.0,Eastern sub-Saharan Africa,F
NeuropathyScr -> LowerExtrmAmpt,15_19,-35.0,Eastern sub-Saharan Africa,F
NeuropathyScr -> LowerExtrmAmpt,20_24,-35.0,Eastern sub-Saharan Africa,F
NeuropathyScr -> LowerExtrmAmpt,25_29,-35.0,Eastern sub-Saharan Africa,F
NeuropathyScr -> LowerExtrmAmpt,30_39,-35.0,Eastern sub-Saharan Africa,F
NeuropathyScr -> LowerExtrmAmpt,40_49,-35.0,Eastern sub-Saharan Africa,F
NeuropathyScr -> LowerExtrmAmpt,50_59,-35.0,Eastern sub-Saharan Africa,F
NeuropathyScr -> LowerExtrmAmpt,60_69,-35.0,Eastern sub-Saharan Africa,F
NeuropathyScr -> LowerExtrmAmpt,70_79,-35.0,Eastern sub-Saharan Africa,F
NeuropathyScr -> LowerExtrmAmpt,80_100,-35.0,Eastern sub-Saharan Africa,F
NephropathyScr -> DiabeticNephropathy,0_4,-24.0,Eastern sub-Saharan Africa,F
NephropathyScr -> DiabeticNephropathy,5_9,-24.0,Eastern sub-Saharan Africa,F
NephropathyScr -> DiabeticNephropathy,10_14,-24.0,Eastern sub-Saharan Africa,F
NephropathyScr -> DiabeticNephropathy,15_19,-24.0,Eastern sub-Saharan Africa,F
NephropathyScr -> DiabeticNephropathy,20_24,-24.0,Eastern sub-Saharan Africa,F
NephropathyScr -> DiabeticNephropathy,25_29,-24.0,Eastern sub-Saharan Africa,F
NephropathyScr -> DiabeticNephropathy,30_39,-24.0,Eastern sub-Saharan Africa,F
NephropathyScr -> DiabeticNephropathy,40_49,-24.0,Eastern sub-Saharan Africa,F
NephropathyScr -> DiabeticNephropathy,50_59,-24.0,Eastern sub-Saharan Africa,F
NephropathyScr -> DiabeticNephropathy,60_69,-24.0,Eastern sub-Saharan Africa,F
NephropathyScr -> DiabeticNephropathy,70_79,-24.0,Eastern sub-Saharan Africa,F
NephropathyScr -> DiabeticNephropathy,80_100,-24.0,Eastern sub-Saharan Africa,F
DiabeticNephropathy -> Disability,0_4,0.338,Eastern sub-Saharan Africa,F
DiabeticNephropathy -> Disability,5_9,0.338,Eastern sub-Saharan Africa,F
DiabeticNephropathy -> Disability,10_14,0.338,Eastern sub-Saharan Africa,F
DiabeticNephropathy -> Disability,15_19,0.338,Eastern sub-Saharan Africa,F
DiabeticNephropathy -> Disability,20_24,0.338,Eastern sub-Saharan Africa,F
DiabeticNephropathy -> Disability,25_29,0.338,Eastern sub-Saharan Africa,F
DiabeticNephropathy -> Disability,30_39,0.338,Eastern sub-Saharan Africa,F
DiabeticNephropathy -> Disability,40_49,0.338,Eastern sub-Saharan Africa,F
DiabeticNephropathy -> Disability,50_59,0.338,Eastern sub-Saharan Africa,F
DiabeticNephropathy -> Disability,60_69,0.338,Eastern sub-Saharan Africa,F
DiabeticNephropathy -> Disability,70_79,0.338,Eastern sub-Saharan Africa,F
DiabeticNephropathy -> Disability,80_100,0.338,Eastern sub-Saharan Africa,F
DiabeticNephropathy -> Deceased,0_4,0.0,Eastern sub-Saharan Africa,F
DiabeticNephropathy -> Deceased,5_9,0.0,Eastern sub-Saharan Africa,F
DiabeticNephropathy -> Deceased,10_14,0.0,Eastern sub-Saharan Africa,F
DiabeticNephropathy -> Deceased,15_19,0.0,Eastern sub-Saharan Africa,F
DiabeticNephropathy -> Deceased,20_24,0.0012869769174856612,Eastern sub-Saharan Africa,F
DiabeticNephropathy -> Deceased,25_29,0.006618738432783399,Eastern sub-Saharan Africa,F
DiabeticNephropathy -> Deceased,30_39,0.019488507607640013,Eastern sub-Saharan Africa,F
DiabeticNephropathy -> Deceased,40_49,0.023717146050807186,Eastern sub-Saharan Africa,F
DiabeticNephropathy -> Deceased,50_59,0.026658807576488693,Eastern sub-Saharan Africa,F
DiabeticNephropathy -> Deceased,60_69,0.03107129986501096,Eastern sub-Saharan Africa,F
DiabeticNephropathy -> Deceased,70_79,0.055156153606528334,Eastern sub-Saharan Africa,F
DiabeticNephropathy -> Deceased,80_100,0.11711489949119518,Eastern sub-Saharan Africa,F
Prevalence -> DiabeticNephropathy,0_4,0.00428,Eastern sub-Saharan Africa,F
Prevalence -> DiabeticNephropathy,5_9,0.00428,Eastern sub-Saharan Africa,F
Prevalence -> DiabeticNephropathy,10_14,0.00436,Eastern sub-Saharan Africa,F
Prevalence -> DiabeticNephropathy,15_19,0.004560000000000001,Eastern sub-Saharan Africa,F
Prevalence -> DiabeticNephropathy,20_24,0.00496,Eastern sub-Saharan Africa,F
Prevalence -> DiabeticNephropathy,25_29,0.006200000000000001,Eastern sub-Saharan Africa,F
Prevalence -> DiabeticNephropathy,30_39,0.011000000000000001,Eastern sub-Saharan Africa,F
Prevalence -> DiabeticNephropathy,40_49,0.020680000000000004,Eastern sub-Saharan Africa,F
Prevalence -> DiabeticNephropathy,50_59,0.03332,Eastern sub-Saharan Africa,F
Prevalence -> DiabeticNephropathy,60_69,0.04012,Eastern sub-Saharan Africa,F
Prevalence -> DiabeticNephropathy,70_79,0.04916,Eastern sub-Saharan Africa,F
Prevalence -> DiabeticNephropathy,80_100,0.08984,Eastern sub-Saharan Africa,F
DsFreeSus -> Disability,0_4,0.017950171966206165,High-income Asia Pacific,M
DsFreeSus -> Disability,5_9,0.02845161683740998,High-income Asia Pacific,M
DsFreeSus -> Disability,10_14,0.0389530617086138,High-income Asia Pacific,M
DsFreeSus -> Disability,15_19,0.04945450657981761,High-income Asia Pacific,M
DsFreeSus -> Disability,20_24,0.05995595145102143,High-income Asia Pacific,M
DsFreeSus -> Disability,25_29,0.07045739632222525,High-income Asia Pacific,M
DsFreeSus -> Disability,30_39,0.08620956362903097,High-income Asia Pacific,M
DsFreeSus -> Disability,40_49,0.1072124533714386,High-income Asia Pacific,M
DsFreeSus -> Disability,50_59,0.12821534311384625,High-income Asia Pacific,M
DsFreeSus -> Disability,60_69,0.14921823285625385,High-income Asia Pacific,M
DsFreeSus -> Disability,70_79,0.1702211225986615,High-income Asia Pacific,M
DsFreeSus -> Disability,80_100,0.19647473477667105,High-income Asia Pacific,M
DsFreeSus -> Diabetes,0_4,0.0,High-income Asia Pacific,M
DsFreeSus -> Diabetes,5_9,0.0,High-income Asia Pacific,M
DsFreeSus -> Diabetes,10_14,1e-09,High-income Asia Pacific,M
DsFreeSus -> Diabetes,15_19,0.0002,High-income Asia Pacific,M
DsFreeSus -> Diabetes,20_24,0.0003,High-income Asia Pacific,M
DsFreeSus -> Diabetes,25_29,0.0009,High-income Asia Pacific,M
DsFreeSus -> Diabetes,30_39,0.0016,High-income Asia Pacific,M
DsFreeSus -> Diabetes,40_49,0.0029,High-income Asia Pacific,M
DsFreeSus -> Diabetes,50_59,0.0028,High-income Asia Pacific,M
DsFreeSus -> Diabetes,60_69,0.0014,High-income Asia Pacific,M
DsFreeSus -> Diabetes,70_79,0.0044,High-income Asia Pacific,M
DsFreeSus -> Diabetes,80_100,0.0102,High-income Asia Pacific,M
Diabetes -> Disability,0_4,0.031,High-income Asia Pacific,M
Diabetes -> Disability,5_9,0.031,High-income Asia Pacific,M
Diabetes -> Disability,10_14,0.031,High-income Asia Pacific,M
Diabetes -> Disability,15_19,0.031,High-income Asia Pacific,M
Diabetes -> Disability,20_24,0.031,High-income Asia Pacific,M
Diabetes -> Disability,25_29,0.031,High-income Asia Pacific,M
Diabetes -> Disability,30_39,0.031,High-income Asia Pacific,M
Diabetes -> Disability,40_49,0.031,High-income Asia Pacific,M
Diabetes -> Disability,50_59,0.031,High-income Asia Pacific,M
Diabetes -> Disability,60_69,0.031,High-income Asia Pacific,M
Diabetes -> Disability,70_79,0.031,High-income Asia Pacific,M
Diabetes -> Disability,80_100,0.031,High-income Asia Pacific,M
Diabetes -> Deceased,0_4,0.0,High-income Asia Pacific,M
Diabetes -> Deceased,5_9,0.0,High-income Asia Pacific,M
Diabetes -> Deceased,10_14,0.0,High-income Asia Pacific,M
Diabetes -> Deceased,15_19,0.0,High-income Asia Pacific,M
Diabetes -> Deceased,20_24,6.108101174587856e-05,High-income Asia Pacific,M
Diabetes -> Deceased,25_29,0.0003054050587293928,High-income Asia Pacific,M
Diabetes -> Deceased,30_39,0.0007940531526964212,High-income Asia Pacific,M
Diabetes -> Deceased,40_49,0.001771349340630478,High-income Asia Pacific,M
Diabetes -> Deceased,50_59,0.0036648607047527135,High-income Asia Pacific,M
Diabetes -> Deceased,60_69,0.005130804986653799,High-income Asia Pacific,M
Diabetes -> Deceased,70_79,0.009101070750135906,High-income Asia Pacific,M
Diabetes -> Deceased,80_100,0.018507546559001203,High-income Asia Pacific,M
Diabetes -> DiabeticRetinopathy,0_4,0.0,High-income Asia Pacific,M
Diabetes -> DiabeticRetinopathy,5_9,0.0,High-income Asia Pacific,M
Diabetes -> DiabeticRetinopathy,10_14,0.0,High-income Asia Pacific,M
Diabetes -> DiabeticRetinopathy,15_19,0.0,High-income Asia Pacific,M
Diabetes -> DiabeticRetinopathy,20_24,0.0003150929524209642,High-income Asia Pacific,M
Diabetes -> DiabeticRetinopathy,25_29,0.0007221771741333874,High-income Asia Pacific,M
Diabetes -> DiabeticRetinopathy,30_39,0.0024019060909380293,High-income Asia Pacific,M
Diabetes -> DiabeticRetinopathy,40_49,0.002160129715520074,High-income Asia Pacific,M
Diabetes -> DiabeticRetinopathy,50_59,0.0022046325128210094,High-income Asia Pacific,M
Diabetes -> DiabeticRetinopathy,60_69,0.0035997996056256407,High-income Asia Pacific,M
Diabetes -> DiabeticRetinopathy,70_79,0.00212286468449624,High-income Asia Pacific,M
Diabetes -> DiabeticRetinopathy,80_100,0.0021001780489212723,High-income Asia Pacific,M
Diabetes -> LowerExtrmAmpt,0_4,0.0,High-income Asia Pacific,M
Diabetes -> LowerExtrmAmpt,5_9,0.0,High-income Asia Pacific,M
Diabetes -> LowerExtrmAmpt,10_14,4.530627038782167e-05,High-income Asia Pacific,M
Diabetes -> LowerExtrmAmpt,15_19,0.0009236391382045258,High-income Asia Pacific,M
Diabetes -> LowerExtrmAmpt,20_24,0.0032384553443265763,High-income Asia Pacific,M
Diabetes -> LowerExtrmAmpt,25_29,0.00693036691668356,High-income Asia Pacific,M
Diabetes -> LowerExtrmAmpt,30_39,0.008459725468886152,High-income Asia Pacific,M
Diabetes -> LowerExtrmAmpt,40_49,0.002084713715476979,High-income Asia Pacific,M
Diabetes -> LowerExtrmAmpt,50_59,0.0002530303103677051,High-income Asia Pacific,M
Diabetes -> LowerExtrmAmpt,60_69,0.0029240768532332395,High-income Asia Pacific,M
Diabetes -> LowerExtrmAmpt,70_79,0.009093767119876488,High-income Asia Pacific,M
Diabetes -> LowerExtrmAmpt,80_100,0.010805038651268322,High-income Asia Pacific,M
Diabetes -> DiabeticNephropathy,0_4,0.0,High-income Asia Pacific,M
Diabetes -> DiabeticNephropathy,5_9,0.0,High-income Asia Pacific,M
Diabetes -> DiabeticNephropathy,10_14,0.014,High-income Asia Pacific,M
Diabetes -> DiabeticNephropathy,15_19,0.014,High-income Asia Pacific,M
Diabetes -> DiabeticNephropathy,20_24,0.014,High-income Asia Pacific,M
Diabetes -> DiabeticNephropathy,25_29,0.014,High-income Asia Pacific,M
Diabetes -> DiabeticNephropathy,30_39,0.014,High-income Asia Pacific,M
Diabetes -> DiabeticNephropathy,40_49,0.014,High-income Asia Pacific,M
Diabetes -> DiabeticNephropathy,50_59,0.014,High-income Asia Pacific,M
Diabetes -> DiabeticNephropathy,60_69,0.014,High-income Asia Pacific,M
Diabetes -> DiabeticNephropathy,70_79,0.014,High-income Asia Pacific,M
Diabetes -> DiabeticNephropathy,80_100,0.014,High-income Asia Pacific,M
Prevalence -> Diabetes,0_4,0.0,High-income Asia Pacific,M
Prevalence -> Diabetes,5_9,0.0,High-income Asia Pacific,M
Prevalence -> Diabetes,10_14,0.006147,High-income Asia Pacific,M
Prevalence -> Diabetes,15_19,0.006625100000000001,High-income Asia Pacific,M
Prevalence -> Diabetes,20_24,0.0073081000000000005,High-income Asia Pacific,M
Prevalence -> Diabetes,25_29,0.009220500000000001,High-income Asia Pacific,M
Prevalence -> Diabetes,30_39,0.0156407,High-income Asia Pacific,M
Prevalence -> Diabetes,40_49,0.029300700000000002,High-income Asia Pacific,M
Prevalence -> Diabetes,50_59,0.0478783,High-income Asia Pacific,M
Prevalence -> Diabetes,60_69,0.056962200000000004,High-income Asia Pacific,M
Prevalence -> Diabetes,70_79,0.06290430000000001,High-income Asia Pacific,M
Prevalence -> Diabetes,80_100,0.09992290000000002,High-income Asia Pacific,M
DiabeticRetinopathy -> Disability,0_4,0.338,High-income Asia Pacific,M
DiabeticRetinopathy -> Disability,5_9,0.338,High-income Asia Pacific,M
DiabeticRetinopathy -> Disability,10_14,0.338,High-income Asia Pacific,M
DiabeticRetinopathy -> Disability,15_19,0.338,High-income Asia Pacific,M
DiabeticRetinopathy -> Disability,20_24,0.338,High-income Asia Pacific,M
DiabeticRetinopathy -> Disability,25_29,0.338,High-income Asia Pacific,M
DiabeticRetinopathy -> Disability,30_39,0.338,High-income Asia Pacific,M
DiabeticRetinopathy -> Disability,40_49,0.338,High-income Asia Pacific,M
DiabeticRetinopathy -> Disability,50_59,0.338,High-income Asia Pacific,M
DiabeticRetinopathy -> Disability,60_69,0.338,High-income Asia Pacific,M
DiabeticRetinopathy -> Disability,70_79,0.338,High-income Asia Pacific,M
DiabeticRetinopathy -> Disability,80_100,0.338,High-income Asia Pacific,M
DiabeticRetinopathy -> Deceased,0_4,0.0,High-income Asia Pacific,M
DiabeticRetinopathy -> Deceased,5_9,0.0,High-income Asia Pacific,M
DiabeticRetinopathy -> Deceased,10_14,0.0,High-income Asia Pacific,M
DiabeticRetinopathy -> Deceased,15_19,0.0,High-income Asia Pacific,M
DiabeticRetinopathy -> Deceased,20_24,0.0001,High-income Asia Pacific,M
DiabeticRetinopathy -> Deceased,25_29,0.0007,High-income Asia Pacific,M
DiabeticRetinopathy -> Deceased,30_39,0.0026,High-income Asia Pacific,M
DiabeticRetinopathy -> Deceased,40_49,0.0058,High-income Asia Pacific,M
DiabeticRetinopathy -> Deceased,50_59,0.0121,High-income Asia Pacific,M
DiabeticRetinopathy -> Deceased,60_69,0.0172,High-income Asia Pacific,M
DiabeticRetinopathy -> Deceased,70_79,0.0292,High-income Asia Pacific,M
DiabeticRetinopathy -> Deceased,80_100,0.0583,High-income Asia Pacific,M
Prevalence -> DiabeticRetinopathy,0_4,0.0,High-income Asia Pacific,M
Prevalence -> DiabeticRetinopathy,5_9,0.0,High-income Asia Pacific,M
Prevalence -> DiabeticRetinopathy,10_14,0.0,High-income Asia Pacific,M
Prevalence -> DiabeticRetinopathy,15_19,0.0,High-income Asia Pacific,M
Prevalence -> DiabeticRetinopathy,20_24,0.0002,High-income Asia Pacific,M
Prevalence -> DiabeticRetinopathy,25_29,0.0002,High-income Asia Pacific,M
Prevalence -> DiabeticRetinopathy,30_39,0.0004,High-income Asia Pacific,M
Prevalence -> DiabeticRetinopathy,40_49,0.0012,High-income Asia Pacific,M
Prevalence -> DiabeticRetinopathy,50_59,0.0022,High-income Asia Pacific,M
Prevalence -> DiabeticRetinopathy,60_69,0.0039,High-income Asia Pacific,M
Prevalence -> DiabeticRetinopathy,70_79,0.0056,High-income Asia Pacific,M
Prevalence -> DiabeticRetinopathy,80_100,0.0054,High-income Asia Pacific,M
LowerExtrmAmpt -> Disability,0_4,0.164,High-income Asia Pacific,M
LowerExtrmAmpt -> Disability,5_9,0.164,High-income Asia Pacific,M
LowerExtrmAmpt -> Disability,10_14,0.164,High-income Asia Pacific,M
LowerExtrmAmpt -> Disability,15_19,0.164,High-income Asia Pacific,M
LowerExtrmAmpt -> Disability,20_24,0.164,High-income Asia Pacific,M
LowerExtrmAmpt -> Disability,25_29,0.164,High-income Asia Pacific,M
LowerExtrmAmpt -> Disability,30_39,0.164,High-income Asia Pacific,M
LowerExtrmAmpt -> Disability,40_49,0.164,High-income Asia Pacific,M
LowerExtrmAmpt -> Disability,50_59,0.164,High-income Asia Pacific,M
LowerExtrmAmpt -> Disability,60_69,0.164,High-income Asia Pacific,M
LowerExtrmAmpt -> Disability,70_79,0.164,High-income Asia Pacific,M
LowerExtrmAmpt -> Disability,80_100,0.164,High-income Asia Pacific,M
LowerExtrmAmpt -> Deceased,0_4,0.0,High-income Asia Pacific,M
LowerExtrmAmpt -> Deceased,5_9,0.0,High-income Asia Pacific,M
LowerExtrmAmpt -> Deceased,10_14,0.0,High-income Asia Pacific,M
LowerExtrmAmpt -> Deceased,15_19,0.0,High-income Asia Pacific,M
LowerExtrmAmpt -> Deceased,20_24,0.0001,High-income Asia Pacific,M
LowerExtrmAmpt -> Deceased,25_29,0.0008,High-income Asia Pacific,M
LowerExtrmAmpt -> Deceased,30_39,0.0026,High-income Asia Pacific,M
LowerExtrmAmpt -> Deceased,40_49,0.0056,High-income Asia Pacific,M
LowerExtrmAmpt -> Deceased,50_59,0.012,High-income Asia Pacific,M
LowerExtrmAmpt -> Deceased,60_69,0.0172,High-income Asia Pacific,M
LowerExtrmAmpt -> Deceased,70_79,0.0301,High-income Asia Pacific,M
LowerExtrmAmpt -> Deceased,80_100,0.0603,High-income Asia Pacific,M
Prevalence -> LowerExtrmAmpt,0_4,0.0,High-income Asia Pacific,M
Prevalence -> LowerExtrmAmpt,5_9,0.0,High-income Asia Pacific,M
Prevalence -> LowerExtrmAmpt,10_14,0.0,High-income Asia Pacific,M
Prevalence -> LowerExtrmAmpt,15_19,0.0,High-income Asia Pacific,M
Prevalence -> LowerExtrmAmpt,20_24,0.0001,High-income Asia Pacific,M
Prevalence -> LowerExtrmAmpt,25_29,0.0004,High-income Asia Pacific,M
Prevalence -> LowerExtrmAmpt,30_39,0.0017,High-income Asia Pacific,M
Prevalence -> LowerExtrmAmpt,40_49,0.0031,High-income Asia Pacific,M
Prevalence -> LowerExtrmAmpt,50_59,0.0032,High-income Asia Pacific,M
Prevalence -> LowerExtrmAmpt,60_69,0.0036,High-income Asia Pacific,M
Prevalence -> LowerExtrmAmpt,70_79,0.0073,High-income Asia Pacific,M
Prevalence -> LowerExtrmAmpt,80_100,0.0155,High-income Asia Pacific,M
Disability -> Disability,0_4,0.0,High-income Asia Pacific,M
Disability -> Disability,5_9,0.0,High-income Asia Pacific,M
Disability -> Disability,10_14,0.0,High-income Asia Pacific,M
Disability -> Disability,15_19,0.0,High-income Asia Pacific,M
Disability -> Disability,20_24,0.0,High-income Asia Pacific,M
Disability -> Disability,25_29,0.0,High-income Asia Pacific,M
Disability -> Disability,30_39,0.0,High-income Asia Pacific,M
Disability -> Disability,40_49,0.0,High-income Asia Pacific,M
Disability -> Disability,50_59,0.0,High-income Asia Pacific,M
Disability -> Disability,60_69,0.0,High-income Asia Pacific,M
Disability -> Disability,70_79,0.0,High-income Asia Pacific,M
Disability -> Disability,80_100,0.0,High-income Asia Pacific,M
StdGlycControl -> DiabeticRetinopathy,0_4,-75.0,High-income Asia Pacific,M
StdGlycControl -> DiabeticRetinopathy,5_9,-75.0,High-income Asia Pacific,M
StdGlycControl -> DiabeticRetinopathy,10_14,-75.0,High-income Asia Pacific,M
StdGlycControl -> DiabeticRetinopathy,15_19,-75.0,High-income Asia Pacific,M
StdGlycControl -> DiabeticRetinopathy,20_24,-75.0,High-income Asia Pacific,M
StdGlycControl -> DiabeticRetinopathy,25_29,-75.0,High-income Asia Pacific,M
StdGlycControl -> DiabeticRetinopathy,30_39,-75.0,High-income Asia Pacific,M
StdGlycControl -> DiabeticRetinopathy,40_49,-75.0,High-income Asia Pacific,M
StdGlycControl -> DiabeticRetinopathy,50_59,-75.0,High-income Asia Pacific,M
StdGlycControl -> DiabeticRetinopathy,60_69,-75.0,High-income Asia Pacific,M
StdGlycControl -> DiabeticRetinopathy,70_79,-75.0,High-income Asia Pacific,M
StdGlycControl -> DiabeticRetinopathy,80_100,-75.0,High-income Asia Pacific,M
StdGlycControl -> LowerExtrmAmpt,0_4,-28.6,High-income Asia Pacific,M
StdGlycControl -> LowerExtrmAmpt,5_9,-28.6,High-income Asia Pacific,M
StdGlycControl -> LowerExtrmAmpt,10_14,-28.6,High-income Asia Pacific,M
StdGlycControl -> LowerExtrmAmpt,15_19,-28.6,High-income Asia Pacific,M
StdGlycControl -> LowerExtrmAmpt,20_24,-28.6,High-income Asia Pacific,M
StdGlycControl -> LowerExtrmAmpt,25_29,-28.6,High-income Asia Pacific,M
StdGlycControl -> LowerExtrmAmpt,30_39,-28.6,High-income Asia Pacific,M
StdGlycControl -> LowerExtrmAmpt,40_49,-28.6,High-income Asia Pacific,M
StdGlycControl -> LowerExtrmAmpt,50_59,-28.6,High-income Asia Pacific,M
StdGlycControl -> LowerExtrmAmpt,60_69,-28.6,High-income Asia Pacific,M
StdGlycControl -> LowerExtrmAmpt,70_79,-28.6,High-income Asia Pacific,M
StdGlycControl -> LowerExtrmAmpt,80_100,-28.6,High-income Asia Pacific,M
StdGlycControl -> DiabeticNephropathy,0_4,-39.0,High-income Asia Pacific,M
StdGlycControl -> DiabeticNephropathy,5_9,-39.0,High-income Asia Pacific,M
StdGlycControl -> DiabeticNephropathy,10_14,-39.0,High-income Asia Pacific,M
StdGlycControl -> DiabeticNephropathy,15_19,-39.0,High-income Asia Pacific,M
StdGlycControl -> DiabeticNephropathy,20_24,-39.0,High-income Asia Pacific,M
StdGlycControl -> DiabeticNephropathy,25_29,-39.0,High-income Asia Pacific,M
StdGlycControl -> DiabeticNephropathy,30_39,-39.0,High-income Asia Pacific,M
StdGlycControl -> DiabeticNephropathy,40_49,-39.0,High-income Asia Pacific,M
StdGlycControl -> DiabeticNephropathy,50_59,-39.0,High-income Asia Pacific,M
StdGlycControl -> DiabeticNephropathy,60_69,-39.0,High-income Asia Pacific,M
StdGlycControl -> DiabeticNephropathy,70_79,-39.0,High-income Asia Pacific,M
StdGlycControl -> DiabeticNephropathy,80_100,-39.0,High-income Asia Pacific,M
IntsvGlycControl -> DiabeticRetinopathy,0_4,-65.0,High-income Asia Pacific,M
IntsvGlycControl -> DiabeticRetinopathy,5_9,-65.0,High-income Asia Pacific,M
IntsvGlycControl -> DiabeticRetinopathy,10_14,-65.0,High-income Asia Pacific,M
IntsvGlycControl -> DiabeticRetinopathy,15_19,-65.0,High-income Asia Pacific,M
IntsvGlycControl -> DiabeticRetinopathy,20_24,-65.0,High-income Asia Pacific,M
IntsvGlycControl -> DiabeticRetinopathy,25_29,-65.0,High-income Asia Pacific,M
IntsvGlycControl -> DiabeticRetinopathy,30_39,-65.0,High-income Asia Pacific,M
IntsvGlycControl -> DiabeticRetinopathy,40_49,-65.0,High-income Asia Pacific,M
IntsvGlycControl -> DiabeticRetinopathy,50_59,-65.0,High-income Asia Pacific,M
IntsvGlycControl -> DiabeticRetinopathy,60_69,-65.0,High-income Asia Pacific,M
IntsvGlycControl -> DiabeticRetinopathy,70_79,-65.0,High-income Asia Pacific,M
IntsvGlycControl -> DiabeticRetinopathy,80_100,-65.0,High-income Asia Pacific,M
IntsvGlycControl -> LowerExtrmAmpt,0_4,-15.1,High-income Asia Pacific,M
IntsvGlycControl -> LowerExtrmAmpt,5_9,-15.1,High-income Asia Pacific,M
IntsvGlycControl -> LowerExtrmAmpt,10_14,-15.1,High-income Asia Pacific,M
IntsvGlycControl -> LowerExtrmAmpt,15_19,-15.1,High-income Asia Pacific,M
IntsvGlycControl -> LowerExtrmAmpt,20_24,-15.1,High-income Asia Pacific,M
IntsvGlycControl -> LowerExtrmAmpt,25_29,-15.1,High-income Asia Pacific,M
IntsvGlycControl -> LowerExtrmAmpt,30_39,-15.1,High-income Asia Pacific,M
IntsvGlycControl -> LowerExtrmAmpt,40_49,-15.1,High-income Asia Pacific,M
IntsvGlycControl -> LowerExtrmAmpt,50_59,-15.1,High-income Asia Pacific,M
IntsvGlycControl -> LowerExtrmAmpt,60_69,-15.1,High-income Asia Pacific,M
IntsvGlycControl -> LowerExtrmAmpt,70_79,-15.1,High-income Asia Pacific,M
IntsvGlycControl -> LowerExtrmAmpt,80_100,-15.1,High-income Asia Pacific,M
IntsvGlycControl -> DiabeticNephropathy,0_4,-39.0,High-income Asia Pacific,M
IntsvGlycControl -> DiabeticNephropathy,5_9,-39.0,High-income Asia Pacific,M
IntsvGlycControl -> DiabeticNephropathy,10_14,-39.0,High-income Asia Pacific,M
IntsvGlycControl -> DiabeticNephropathy,15_19,-39.0,High-income Asia Pacific,M
IntsvGlycControl -> DiabeticNephropathy,20_24,-39.0,High-income Asia Pacific,M
IntsvGlycControl -> DiabeticNephropathy,25_29,-39.0,High-income Asia Pacific,M
IntsvGlycControl -> DiabeticNephropathy,30_39,-39.0,High-income Asia Pacific,M
IntsvGlycControl -> DiabeticNephropathy,40_49,-39.0,High-income Asia Pacific,M
IntsvGlycControl -> DiabeticNephropathy,50_59,-39.0,High-income Asia Pacific,M
IntsvGlycControl -> DiabeticNephropathy,60_69,-39.0,High-income Asia Pacific,M
IntsvGlycControl -> DiabeticNephropathy,70_79,-39.0,High-income Asia Pacific,M
IntsvGlycControl -> DiabeticNephropathy,80_100,-39.0,High-income Asia Pacific,M
RetinopathyScrn -> DiabeticRetinopathy,0_4,-20.0,High-income Asia Pacific,M
RetinopathyScrn -> DiabeticRetinopathy,5_9,-20.0,High-income Asia Pacific,M
RetinopathyScrn -> DiabeticRetinopathy,10_14,-20.0,High-income Asia Pacific,M
RetinopathyScrn -> DiabeticRetinopathy,15_19,-20.0,High-income Asia Pacific,M
RetinopathyScrn -> DiabeticRetinopathy,20_24,-20.0,High-income Asia Pacific,M
RetinopathyScrn -> DiabeticRetinopathy,25_29,-20.0,High-income Asia Pacific,M
RetinopathyScrn -> DiabeticRetinopathy,30_39,-20.0,High-income Asia Pacific,M
RetinopathyScrn -> DiabeticRetinopathy,40_49,-20.0,High-income Asia Pacific,M
RetinopathyScrn -> DiabeticRetinopathy,50_59,-20.0,High-income Asia Pacific,M
RetinopathyScrn -> DiabeticRetinopathy,60_69,-20.0,High-income Asia Pacific,M
RetinopathyScrn -> DiabeticRetinopathy,70_79,-20.0,High-income Asia Pacific,M
RetinopathyScrn -> DiabeticRetinopathy,80_100,-20.0,High-income Asia Pacific,M
NeuropathyScr -> LowerExtrmAmpt,0_4,-35.0,High-income Asia Pacific,M
NeuropathyScr -> LowerExtrmAmpt,5_9,-35.0,High-income Asia Pacific,M
NeuropathyScr -> LowerExtrmAmpt,10_14,-35.0,High-income Asia Pacific,M
NeuropathyScr -> LowerExtrmAmpt,15_19,-35.0,High-income Asia Pacific,M
NeuropathyScr -> LowerExtrmAmpt,20_24,-35.0,High-income Asia Pacific,M
NeuropathyScr -> LowerExtrmAmpt,25_29,-35.0,High-income Asia Pacific,M
NeuropathyScr -> LowerExtrmAmpt,30_39,-35.0,High-income Asia Pacific,M
NeuropathyScr -> LowerExtrmAmpt,40_49,-35.0,High-income Asia Pacific,M
NeuropathyScr -> LowerExtrmAmpt,50_59,-35.0,High-income Asia Pacific,M
NeuropathyScr -> LowerExtrmAmpt,60_69,-35.0,High-income Asia Pacific,M
NeuropathyScr -> LowerExtrmAmpt,70_79,-35.0,High-income Asia Pacific,M
NeuropathyScr -> LowerExtrmAmpt,80_100,-35.0,High-income Asia Pacific,M
NephropathyScr -> DiabeticNephropathy,0_4,-24.0,High-income Asia Pacific,M
NephropathyScr -> DiabeticNephropathy,5_9,-24.0,High-income Asia Pacific,M
NephropathyScr -> DiabeticNephropathy,10_14,-24.0,High-income Asia Pacific,M
NephropathyScr -> DiabeticNephropathy,15_19,-24.0,High-income Asia Pacific,M
NephropathyScr -> DiabeticNephropathy,20_24,-24.0,High-income Asia Pacific,M
NephropathyScr -> DiabeticNephropathy,25_29,-24.0,High-income Asia Pacific,M
NephropathyScr -> DiabeticNephropathy,30_39,-24.0,High-income Asia Pacific,M
NephropathyScr -> DiabeticNephropathy,40_49,-24.0,High-income Asia Pacific,M
NephropathyScr -> DiabeticNephropathy,50_59,-24.0,High-income Asia Pacific,M
NephropathyScr -> DiabeticNephropathy,60_69,-24.0,High-income Asia Pacific,M
NephropathyScr -> DiabeticNephropathy,70_79,-24.0,High-income Asia Pacific,M
NephropathyScr -> DiabeticNephropathy,80_100,-24.0,High-income Asia Pacific,M
DiabeticNephropathy -> Disability,0_4,0.338,High-income Asia Pacific,M
DiabeticNephropathy -> Disability,5_9,0.338,High-income Asia Pacific,M
DiabeticNephropathy -> Disability,10_14,0.338,High-income Asia Pacific,M
DiabeticNephropathy -> Disability,15_19,0.338,High-income Asia Pacific,M
DiabeticNephropathy -> Disability,20_24,0.338,High-income Asia Pacific,M
DiabeticNephropathy -> Disability,25_29,0.338,High-income Asia Pacific,M
DiabeticNephropathy -> Disability,30_39,0.338,High-income Asia Pacific,M
DiabeticNephropathy -> Disability,40_49,0.338,High-income Asia Pacific,M
DiabeticNephropathy -> Disability,50_59,0.338,High-income Asia Pacific,M
DiabeticNephropathy -> Disability,60_69,0.338,High-income Asia Pacific,M
DiabeticNephropathy -> Disability,70_79,0.338,High-income Asia Pacific,M
DiabeticNephropathy -> Disability,80_100,0.338,High-income Asia Pacific,M
DiabeticNephropathy -> Deceased,0_4,0.0,High-income Asia Pacific,M
DiabeticNephropathy -> Deceased,5_9,0.0,High-income Asia Pacific,M
DiabeticNephropathy -> Deceased,10_14,0.0,High-income Asia Pacific,M
DiabeticNephropathy -> Deceased,15_19,0.0,High-income Asia Pacific,M
DiabeticNephropathy -> Deceased,20_24,0.00018385384535509443,High-income Asia Pacific,M
DiabeticNephropathy -> Deceased,25_29,0.0009192692267754722,High-income Asia Pacific,M
DiabeticNephropathy -> Deceased,30_39,0.0023900999896162276,High-income Asia Pacific,M
DiabeticNephropathy -> Deceased,40_49,0.0053317615152977385,High-income Asia Pacific,M
DiabeticNephropathy -> Deceased,50_59,0.011031230721305667,High-income Asia Pacific,M
DiabeticNephropathy -> Deceased,60_69,0.015443723009827933,High-income Asia Pacific,M
DiabeticNephropathy -> Deceased,70_79,0.027394222957909074,High-income Asia Pacific,M
DiabeticNephropathy -> Deceased,80_100,0.055707715142593615,High-income Asia Pacific,M
Prevalence -> DiabeticNephropathy,0_4,0.00428,High-income Asia Pacific,M
Prevalence -> DiabeticNephropathy,5_9,0.00428,High-income Asia Pacific,M
Prevalence -> DiabeticNephropathy,10_14,0.00436,High-income Asia Pacific,M
Prevalence -> DiabeticNephropathy,15_19,0.004560000000000001,High-income Asia Pacific,M
Prevalence -> DiabeticNephropathy,20_24,0.00496,High-income Asia Pacific,M
Prevalence -> DiabeticNephropathy,25_29,0.006200000000000001,High-income Asia Pacific,M
Prevalence -> DiabeticNephropathy,30_39,0.011000000000000001,High-income Asia Pacific,M
Prevalence -> DiabeticNephropathy,40_49,0.020680000000000004,High-income Asia Pacific,M
Prevalence -> DiabeticNephropathy,50_59,0.03332,High-income Asia Pacific,M
Prevalence -> DiabeticNephropathy,60_69,0.04012,High-income Asia Pacific,M
Prevalence -> DiabeticNephropathy,70_79,0.04916,High-income Asia Pacific,M
Prevalence -> DiabeticNephropathy,80_100,0.08984,High-income Asia Pacific,M
DsFreeSus -> Disability,0_4,0.018761085227086402,High-income Asia Pacific,F
DsFreeSus -> Disability,5_9,0.029412012195616354,High-income Asia Pacific,F
DsFreeSus -> Disability,10_14,0.040062939164146306,High-income Asia Pacific,F
DsFreeSus -> Disability,15_19,0.05071386613267626,High-income Asia Pacific,F
DsFreeSus -> Disability,20_24,0.06136479310120622,High-income Asia Pacific,F
DsFreeSus -> Disability,25_29,0.07201572006973617,High-income Asia Pacific,F
DsFreeSus -> Disability,30_39,0.0879921105225311,High-income Asia Pacific,F
DsFreeSus -> Disability,40_49,0.10929396445959101,High-income Asia Pacific,F
DsFreeSus -> Disability,50_59,0.1305958183966509,High-income Asia Pacific,F
DsFreeSus -> Disability,60_69,0.15189767233371082,High-income Asia Pacific,F
DsFreeSus -> Disability,70_79,0.17319952627077073,High-income Asia Pacific,F
DsFreeSus -> Disability,80_100,0.1998268436920956,High-income Asia Pacific,F
DsFreeSus -> Diabetes,0_4,0.0,High-income Asia Pacific,F
DsFreeSus -> Diabetes,5_9,0.0,High-income Asia Pacific,F
DsFreeSus -> Diabetes,10_14,1e-09,High-income Asia Pacific,F
DsFreeSus -> Diabetes,15_19,0.0002,High-income Asia Pacific,F
DsFreeSus -> Diabetes,20_24,0.0003,High-income Asia Pacific,F
DsFreeSus -> Diabetes,25_29,0.0007,High-income Asia Pacific,F
DsFreeSus -> Diabetes,30_39,0.0013,High-income Asia Pacific,F
DsFreeSus -> Diabetes,40_49,0.0025,High-income Asia Pacific,F
DsFreeSus -> Diabetes,50_59,0.0023,High-income Asia Pacific,F
DsFreeSus -> Diabetes,60_69,0.001,High-income Asia Pacific,F
DsFreeSus -> Diabetes,70_79,0.0046,High-income Asia Pacific,F
DsFreeSus -> Diabetes,80_100,0.0101,High-income Asia Pacific,F
Diabetes -> Disability,0_4,0.031,High-income Asia Pacific,F
Diabetes -> Disability,5_9,0.031,High-income Asia Pacific,F
Diabetes -> Disability,10_14,0.031,High-income Asia Pacific,F
Diabetes -> Disability,15_19,0.031,High-income Asia Pacific,F
Diabetes -> Disability,20_24,0.031,High-income Asia Pacific,F
Diabetes -> Disability,25_29,0.031,High-income Asia Pacific,F
Diabetes -> Disability,30_39,0.031,High-income Asia Pacific,F
Diabetes -> Disability,40_49,0.031,High-income Asia Pacific,F
Diabetes -> Disability,50_59,0.031,High-income Asia Pacific,F
Diabetes -> Disability,60_69,0.031,High-income Asia Pacific,F
Diabetes -> Disability,70_79,0.031,High-income Asia Pacific,F
Diabetes -> Disability,80_100,0.031,High-income Asia Pacific,F
Diabetes -> Deceased,0_4,0.0,High-income Asia Pacific,F
Diabetes -> Deceased,5_9,0.0,High-income Asia Pacific,F
Diabetes -> Deceased,10_14,0.0,High-income Asia Pacific,F
Diabetes -> Deceased,15_19,0.0,High-income Asia Pacific,F
Diabetes -> Deceased,20_24,6.108101174587856e-05,High-income Asia Pacific,F
Diabetes -> Deceased,25_29,0.0001221620234917571,High-income Asia Pacific,F
Diabetes -> Deceased,30_39,0.0004275670822211499,High-income Asia Pacific,F
Diabetes -> Deceased,40_49,0.0008551341644422999,High-income Asia Pacific,F
Diabetes -> Deceased,50_59,0.0015881063053928425,High-income Asia Pacific,F
Diabetes -> Deceased,60_69,0.0021378354111057495,High-income Asia Pacific,F
Diabetes -> Deceased,70_79,0.004275670822211499,High-income Asia Pacific,F
Diabetes -> Deceased,80_100,0.01319349853710977,High-income Asia Pacific,F
Diabetes -> DiabeticRetinopathy,0_4,0.0,High-income Asia Pacific,F
Diabetes -> DiabeticRetinopathy,5_9,0.0,High-income Asia Pacific,F
Diabetes -> DiabeticRetinopathy,10_14,0.002619639191962839,High-income Asia Pacific,F
Diabetes -> DiabeticRetinopathy,15_19,0.0007391159219875066,High-income Asia Pacific,F
Diabetes -> DiabeticRetinopathy,20_24,0.0009871871336610246,High-income Asia Pacific,F
Diabetes -> DiabeticRetinopathy,25_29,0.002656568769905919,High-income Asia Pacific,F
Diabetes -> DiabeticRetinopathy,30_39,0.004413562759073152,High-income Asia Pacific,F
Diabetes -> DiabeticRetinopathy,40_49,0.0030561297437775585,High-income Asia Pacific,F
Diabetes -> DiabeticRetinopathy,50_59,0.003228097445930373,High-income Asia Pacific,F
Diabetes -> DiabeticRetinopathy,60_69,0.0048379521441211356,High-income Asia Pacific,F
Diabetes -> DiabeticRetinopathy,70_79,0.00305962293815335,High-income Asia Pacific,F
Diabetes -> DiabeticRetinopathy,80_100,0.0032802461315718035,High-income Asia Pacific,F
Diabetes -> LowerExtrmAmpt,0_4,0.0,High-income Asia Pacific,F
Diabetes -> LowerExtrmAmpt,5_9,0.0,High-income Asia Pacific,F
Diabetes -> LowerExtrmAmpt,10_14,5.4013179215728635e-05,High-income Asia Pacific,F
Diabetes -> LowerExtrmAmpt,15_19,0.0010013828620475894,High-income Asia Pacific,F
Diabetes -> LowerExtrmAmpt,20_24,0.0024885342327704996,High-income Asia Pacific,F
Diabetes -> LowerExtrmAmpt,25_29,0.00427105807758355,High-income Asia Pacific,F
Diabetes -> LowerExtrmAmpt,30_39,0.005297020845137626,High-income Asia Pacific,F
Diabetes -> LowerExtrmAmpt,40_49,0.0016449716630353142,High-income Asia Pacific,F
Diabetes -> LowerExtrmAmpt,50_59,0.00014338166322729344,High-income Asia Pacific,F
Diabetes -> LowerExtrmAmpt,60_69,0.0013412599345676447,High-income Asia Pacific,F
Diabetes -> LowerExtrmAmpt,70_79,0.006033097232205594,High-income Asia Pacific,F
Diabetes -> LowerExtrmAmpt,80_100,0.006104959649887711,High-income Asia Pacific,F
Diabetes -> DiabeticNephropathy,0_4,0.0,High-income Asia Pacific,F
Diabetes -> DiabeticNephropathy,5_9,0.0,High-income Asia Pacific,F
Diabetes -> DiabeticNephropathy,10_14,0.014,High-income Asia Pacific,F
Diabetes -> DiabeticNephropathy,15_19,0.014,High-income Asia Pacific,F
Diabetes -> DiabeticNephropathy,20_24,0.014,High-income Asia Pacific,F
Diabetes -> DiabeticNephropathy,25_29,0.014,High-income Asia Pacific,F
Diabetes -> DiabeticNephropathy,30_39,0.014,High-income Asia Pacific,F
Diabetes -> DiabeticNephropathy,40_49,0.014,High-income Asia Pacific,F
Diabetes -> DiabeticNephropathy,50_59,0.014,High-income Asia Pacific,F
Diabetes -> DiabeticNephropathy,60_69,0.014,High-income Asia Pacific,F
Diabetes -> DiabeticNephropathy,70_79,0.014,High-income Asia Pacific,F
Diabetes -> DiabeticNephropathy,80_100,0.014,High-income Asia Pacific,F
Prevalence -> Diabetes,0_4,0.0051225,High-income Asia Pacific,F
Prevalence -> Diabetes,5_9,0.005259100000000001,High-income Asia Pacific,F
Prevalence -> Diabetes,10_14,0.0055323,High-income Asia Pacific,F
Prevalence -> Diabetes,15_19,0.006010400000000001,High-income Asia Pacific,F
Prevalence -> Diabetes,20_24,0.006625100000000001,High-income Asia Pacific,F
Prevalence -> Diabetes,25_29,0.0082643,High-income Asia Pacific,F
Prevalence -> Diabetes,30_39,0.013796600000000001,High-income Asia Pacific,F
Prevalence -> Diabetes,40_49,0.025680800000000004,High-income Asia Pacific,F
Prevalence -> Diabetes,50_59,0.0426875,High-income Asia Pacific,F
Prevalence -> Diabetes,60_69,0.051020100000000006,High-income Asia Pacific,F
Prevalence -> Diabetes,70_79,0.05798670000000001,High-income Asia Pacific,F
Prevalence -> Diabetes,80_100,0.10962150000000001,High-income Asia Pacific,F
DiabeticRetinopathy -> Disability,0_4,0.338,High-income Asia Pacific,F
DiabeticRetinopathy -> Disability,5_9,0.338,High-income Asia Pacific,F
DiabeticRetinopathy -> Disability,10_14,0.338,High-income Asia Pacific,F
DiabeticRetinopathy -> Disability,15_19,0.338,High-income Asia Pacific,F
DiabeticRetinopathy -> Disability,20_24,0.338,High-income Asia Pacific,F
DiabeticRetinopathy -> Disability,25_29,0.338,High-income Asia Pacific,F
DiabeticRetinopathy -> Disability,30_39,0.338,High-income Asia Pacific,F
DiabeticRetinopathy -> Disability,40_49,0.338,High-income Asia Pacific,F
DiabeticRetinopathy -> Disability,50_59,0.338,High-income Asia Pacific,F
DiabeticRetinopathy -> Disability,60_69,0.338,High-income Asia Pacific,F
DiabeticRetinopathy -> Disability,70_79,0.338,High-income Asia Pacific,F
DiabeticRetinopathy -> Disability,80_100,0.338,High-income Asia Pacific,F
DiabeticRetinopathy -> Deceased,0_4,0.0,High-income Asia Pacific,F
DiabeticRetinopathy -> Deceased,5_9,0.0,High-income Asia Pacific,F
DiabeticRetinopathy -> Deceased,10_14,0.0,High-income Asia Pacific,F
DiabeticRetinopathy -> Deceased,15_19,0.0,High-income Asia Pacific,F
DiabeticRetinopathy -> Deceased,20_24,0.0001,High-income Asia Pacific,F
DiabeticRetinopathy -> Deceased,25_29,0.0004,High-income Asia Pacific,F
DiabeticRetinopathy -> Deceased,30_39,0.0014,High-income Asia Pacific,F
DiabeticRetinopathy -> Deceased,40_49,0.0028,High-income Asia Pacific,F
DiabeticRetinopathy -> Deceased,50_59,0.0053,High-income Asia Pacific,F
DiabeticRetinopathy -> Deceased,60_69,0.0073,High-income Asia Pacific,F
DiabeticRetinopathy -> Deceased,70_79,0.0138,High-income Asia Pacific,F
DiabeticRetinopathy -> Deceased,80_100,0.0417,High-income Asia Pacific,F
Prevalence -> DiabeticRetinopathy,0_4,0.0,High-income Asia Pacific,F
Prevalence -> DiabeticRetinopathy,5_9,0.0,High-income Asia Pacific,F
Prevalence -> DiabeticRetinopathy,10_14,0.0002,High-income Asia Pacific,F
Prevalence -> DiabeticRetinopathy,15_19,0.0003,High-income Asia Pacific,F
Prevalence -> DiabeticRetinopathy,20_24,0.0003,High-income Asia Pacific,F
Prevalence -> DiabeticRetinopathy,25_29,0.0004,High-income Asia Pacific,F
Prevalence -> DiabeticRetinopathy,30_39,0.0009,High-income Asia Pacific,F
Prevalence -> DiabeticRetinopathy,40_49,0.0018,High-income Asia Pacific,F
Prevalence -> DiabeticRetinopathy,50_59,0.0033,High-income Asia Pacific,F
Prevalence -> DiabeticRetinopathy,60_69,0.0058,High-income Asia Pacific,F
Prevalence -> DiabeticRetinopathy,70_79,0.0082,High-income Asia Pacific,F
Prevalence -> DiabeticRetinopathy,80_100,0.0099,High-income Asia Pacific,F
LowerExtrmAmpt -> Disability,0_4,0.164,High-income Asia Pacific,F
LowerExtrmAmpt -> Disability,5_9,0.164,High-income Asia Pacific,F
LowerExtrmAmpt -> Disability,10_14,0.164,High-income Asia Pacific,F
LowerExtrmAmpt -> Disability,15_19,0.164,High-income Asia Pacific,F
LowerExtrmAmpt -> Disability,20_24,0.164,High-income Asia Pacific,F
LowerExtrmAmpt -> Disability,25_29,0.164,High-income Asia Pacific,F
LowerExtrmAmpt -> Disability,30_39,0.164,High-income Asia Pacific,F
LowerExtrmAmpt -> Disability,40_49,0.164,High-income Asia Pacific,F
LowerExtrmAmpt -> Disability,50_59,0.164,High-income Asia Pacific,F
LowerExtrmAmpt -> Disability,60_69,0.164,High-income Asia Pacific,F
LowerExtrmAmpt -> Disability,70_79,0.164,High-income Asia Pacific,F
LowerExtrmAmpt -> Disability,80_100,0.164,High-income Asia Pacific,F
LowerExtrmAmpt -> Deceased,0_4,0.0,High-income Asia Pacific,F
LowerExtrmAmpt -> Deceased,5_9,0.0,High-income Asia Pacific,F
LowerExtrmAmpt -> Deceased,10_14,0.0,High-income Asia Pacific,F
LowerExtrmAmpt -> Deceased,15_19,0.0,High-income Asia Pacific,F
LowerExtrmAmpt -> Deceased,20_24,0.0001,High-income Asia Pacific,F
LowerExtrmAmpt -> Deceased,25_29,0.0004,High-income Asia Pacific,F
LowerExtrmAmpt -> Deceased,30_39,0.0014,High-income Asia Pacific,F
LowerExtrmAmpt -> Deceased,40_49,0.0028,High-income Asia Pacific,F
LowerExtrmAmpt -> Deceased,50_59,0.0053,High-income Asia Pacific,F
LowerExtrmAmpt -> Deceased,60_69,0.0072,High-income Asia Pacific,F
LowerExtrmAmpt -> Deceased,70_79,0.0143,High-income Asia Pacific,F
LowerExtrmAmpt -> Deceased,80_100,0.0438,High-income Asia Pacific,F
Prevalence -> LowerExtrmAmpt,0_4,0.0,High-income Asia Pacific,F
Prevalence -> LowerExtrmAmpt,5_9,0.0,High-income Asia Pacific,F
Prevalence -> LowerExtrmAmpt,10_14,0.0,High-income Asia Pacific,F
Prevalence -> LowerExtrmAmpt,15_19,0.0,High-income Asia Pacific,F
Prevalence -> LowerExtrmAmpt,20_24,0.0001,High-income Asia Pacific,F
Prevalence -> LowerExtrmAmpt,25_29,0.0003,High-income Asia Pacific,F
Prevalence -> LowerExtrmAmpt,30_39,0.001,High-income Asia Pacific,F
Prevalence -> LowerExtrmAmpt,40_49,0.0018,High-income Asia Pacific,F
Prevalence -> LowerExtrmAmpt,50_59,0.0021,High-income Asia Pacific,F
Prevalence -> LowerExtrmAmpt,60_69,0.0022,High-income Asia Pacific,F
Prevalence -> LowerExtrmAmpt,70_79,0.0045,High-income Asia Pacific,F
Prevalence -> LowerExtrmAmpt,80_100,0.0114,High-income Asia Pacific,F
Disability -> Disability,0_4,0.0,High-income Asia Pacific,F
Disability -> Disability,5_9,0.0,High-income Asia Pacific,F
Disability -> Disability,10_14,0.0,High-income Asia Pacific,F
Disability -> Disability,15_19,0.0,High-income Asia Pacific,F
Disability -> Disability,20_24,0.0,High-income Asia Pacific,F
Disability -> Disability,25_29,0.0,High-income Asia Pacific,F
Disability -> Disability,30_39,0.0,High-income Asia Pacific,F
Disability -> Disability,40_49,0.0,High-income Asia Pacific,F
Disability -> Disability,50_59,0.0,High-income Asia Pacific,F
Disability -> Disability,60_69,0.0,High-income Asia Pacific,F
Disability -> Disability,70_79,0.0,High-income Asia Pacific,F
Disability -> Disability,80_100,0.0,High-income Asia Pacific,F
StdGlycControl -> DiabeticRetinopathy,0_4,-75.0,High-income Asia Pacific,F
StdGlycControl -> DiabeticRetinopathy,5_9,-75.0,High-income Asia Pacific,F
StdGlycControl -> DiabeticRetinopathy,10_14,-75.0,High-income Asia Pacific,F
StdGlycControl -> DiabeticRetinopathy,15_19,-75.0,High-income Asia Pacific,F
StdGlycControl -> DiabeticRetinopathy,20_24,-75.0,High-income Asia Pacific,F
StdGlycControl -> DiabeticRetinopathy,25_29,-75.0,High-income Asia Pacific,F
StdGlycControl -> DiabeticRetinopathy,30_39,-75.0,High-income Asia Pacific,F
StdGlycControl -> DiabeticRetinopathy,40_49,-75.0,High-income Asia Pacific,F
StdGlycControl -> DiabeticRetinopathy,50_59,-75.0,High-income Asia Pacific,F
StdGlycControl -> DiabeticRetinopathy,60_69,-75.0,High-income Asia Pacific,F
StdGlycControl -> DiabeticRetinopathy,70_79,-75.0,High-income Asia Pacific,F
StdGlycControl -> DiabeticRetinopathy,80_100,-75.0,High-income Asia Pacific,F
StdGlycControl -> LowerExtrmAmpt,0_4,-28.6,High-income Asia Pacific,F
StdGlycControl -> LowerExtrmAmpt,5_9,-28.6,High-income Asia Pacific,F
StdGlycControl -> LowerExtrmAmpt,10_14,-28.6,High-income Asia Pacific,F
StdGlycControl -> LowerExtrmAmpt,15_19,-28.6,High-income Asia Pacific,F
StdGlycControl -> LowerExtrmAmpt,20_24,-28.6,High-income Asia Pacific,F
StdGlycControl -> LowerExtrmAmpt,25_29,-28.6,High-income Asia Pacific,F
StdGlycControl -> LowerExtrmAmpt,30_39,-28.6,High-income Asia Pacific,F
StdGlycControl -> LowerExtrmAmpt,40_49,-28.6,High-income Asia Pacific,F
StdGlycControl -> LowerExtrmAmpt,50_59,-28.6,High-income Asia Pacific,F
StdGlycControl -> LowerExtrmAmpt,60_69,-28.6,High-income Asia Pacific,F
StdGlycControl -> LowerExtrmAmpt,70_79,-28.6,High-income Asia Pacific,F
StdGlycControl -> LowerExtrmAmpt,80_100,-28.6,High-income Asia Pacific,F
StdGlycControl -> DiabeticNephropathy,0_4,-39.0,High-income Asia Pacific,F
StdGlycControl -> DiabeticNephropathy,5_9,-39.0,High-income Asia Pacific,F
StdGlycControl -> DiabeticNephropathy,10_14,-39.0,High-income Asia Pacific,F
StdGlycControl -> DiabeticNephropathy,15_19,-39.0,High-income Asia Pacific,F
StdGlycControl -> DiabeticNephropathy,20_24,-39.0,High-income Asia Pacific,F
StdGlycControl -> DiabeticNephropathy,25_29,-39.0,High-income Asia Pacific,F
StdGlycControl -> DiabeticNephropathy,30_39,-39.0,High-income Asia Pacific,F
StdGlycControl -> DiabeticNephropathy,40_49,-39.0,High-income Asia Pacific,F
StdGlycControl -> DiabeticNephropathy,50_59,-39.0,High-income Asia Pacific,F
StdGlycControl -> DiabeticNephropathy,60_69,-39.0,High-income Asia Pacific,F
StdGlycControl -> DiabeticNephropathy,70_79,-39.0,High-income Asia Pacific,F
StdGlycControl -> DiabeticNephropathy,80_100,-39.0,High-income Asia Pacific,F
IntsvGlycControl -> DiabeticRetinopathy,0_4,-65.0,High-income Asia Pacific,F
IntsvGlycControl -> DiabeticRetinopathy,5_9,-65.0,High-income Asia Pacific,F
IntsvGlycControl -> DiabeticRetinopathy,10_14,-65.0,High-income Asia Pacific,F
IntsvGlycControl -> DiabeticRetinopathy,15_19,-65.0,High-income Asia Pacific,F
IntsvGlycControl -> DiabeticRetinopathy,20_24,-65.0,High-income Asia Pacific,F
IntsvGlycControl -> DiabeticRetinopathy,25_29,-65.0,High-income Asia Pacific,F
IntsvGlycControl -> DiabeticRetinopathy,30_39,-65.0,High-income Asia Pacific,F
IntsvGlycControl -> DiabeticRetinopathy,40_49,-65.0,High-income Asia Pacific,F
IntsvGlycControl -> DiabeticRetinopathy,50_59,-65.0,High-income Asia Pacific,F
IntsvGlycControl -> DiabeticRetinopathy,60_69,-65.0,High-income Asia Pacific,F
IntsvGlycControl -> DiabeticRetinopathy,70_79,-65.0,High-income Asia Pacific,F
IntsvGlycControl -> DiabeticRetinopathy,80_100,-65.0,High-income Asia Pacific,F
IntsvGlycControl -> LowerExtrmAmpt,0_4,-15.1,High-income Asia Pacific,F
IntsvGlycControl -> LowerExtrmAmpt,5_9,-15.1,High-income Asia Pacific,F
IntsvGlycControl -> LowerExtrmAmpt,10_14,-15.1,High-income Asia Pacific,F
IntsvGlycControl -> LowerExtrmAmpt,15_19,-15.1,High-income Asia Pacific,F
IntsvGlycControl -> LowerExtrmAmpt,20_24,-15.1,High-income Asia Pacific,F
IntsvGlycControl -> LowerExtrmAmpt,25_29,-15.1,High-income Asia Pacific,F
IntsvGlycControl -> LowerExtrmAmpt,30_39,-15.1,High-income Asia Pacific,F
IntsvGlycControl -> LowerExtrmAmpt,40_49,-15.1,High-income Asia Pacific,F
IntsvGlycControl -> LowerExtrmAmpt,50_59,-15.1,High-income Asia Pacific,F
IntsvGlycControl -> LowerExtrmAmpt,60_69,-15.1,High-income Asia Pacific,F
IntsvGlycControl -> LowerExtrmAmpt,70_79,-15.1,High-income Asia Pacific,F
IntsvGlycControl -> LowerExtrmAmpt,80_100,-15.1,High-income Asia Pacific,F
IntsvGlycControl -> DiabeticNephropathy,0_4,-39.0,High-income Asia Pacific,F
IntsvGlycControl -> DiabeticNephropathy,5_9,-39.0,High-income Asia Pacific,F
IntsvGlycControl -> DiabeticNephropathy,10_14,-39.0,High-income Asia Pacific,F
IntsvGlycControl -> DiabeticNephropathy,15_19,-39.0,High-income Asia Pacific,F
IntsvGlycControl -> DiabeticNephropathy,20_24,-39.0,High-income Asia Pacific,F
IntsvGlycControl -> DiabeticNephropathy,25_29,-39.0,High-income Asia Pacific,F
IntsvGlycControl -> DiabeticNephropathy,30_39,-39.0,High-income Asia Pacific,F
IntsvGlycControl -> DiabeticNephropathy,40_49,-39.0,High-income Asia Pacific,F
IntsvGlycControl -> DiabeticNephropathy,50_59,-39.0,High-income Asia Pacific,F
IntsvGlycControl -> DiabeticNephropathy,60_69,-39.0,High-income Asia Pacific,F
IntsvGlycControl -> DiabeticNephropathy,70_79,-39.0,High-income Asia Pacific,F
IntsvGlycControl -> DiabeticNephropathy,80_100,-39.0,High-income Asia Pacific,F
RetinopathyScrn -> DiabeticRetinopathy,0_4,-20.0,High-income Asia Pacific,F
RetinopathyScrn -> DiabeticRetinopathy,5_9,-20.0,High-income Asia Pacific,F
RetinopathyScrn -> DiabeticRetinopathy,10_14,-20.0,High-income Asia Pacific,F
RetinopathyScrn -> DiabeticRetinopathy,15_19,-20.0,High-income Asia Pacific,F
RetinopathyScrn -> DiabeticRetinopathy,20_24,-20.0,High-income Asia Pacific,F
RetinopathyScrn -> DiabeticRetinopathy,25_29,-20.0,High-income Asia Pacific,F
RetinopathyScrn -> DiabeticRetinopathy,30_39,-20.0,High-income Asia Pacific,F
RetinopathyScrn -> DiabeticRetinopathy,40_49,-20.0,High-income Asia Pacific,F
RetinopathyScrn -> DiabeticRetinopathy,50_59,-20.0,High-income Asia Pacific,F
RetinopathyScrn -> DiabeticRetinopathy,60_69,-20.0,High-income Asia Pacific,F
RetinopathyScrn -> DiabeticRetinopathy,70_79,-20.0,High-income Asia Pacific,F
RetinopathyScrn -> DiabeticRetinopathy,80_100,-20.0,High-income Asia Pacific,F
NeuropathyScr -> LowerExtrmAmpt,0_4,-35.0,High-income Asia Pacific,F
NeuropathyScr -> LowerExtrmAmpt,5_9,-35.0,High-income Asia Pacific,F
NeuropathyScr -> LowerExtrmAmpt,10_14,-35.0,High-income Asia Pacific,F
NeuropathyScr -> LowerExtrmAmpt,15_19,-35.0,High-income Asia Pacific,F
NeuropathyScr -> LowerExtrmAmpt,20_24,-35.0,High-income Asia Pacific,F
NeuropathyScr -> LowerExtrmAmpt,25_29,-35.0,High-income Asia Pacific,F
NeuropathyScr -> LowerExtrmAmpt,30_39,-35.0,High-income Asia Pacific,F
NeuropathyScr -> LowerExtrmAmpt,40_49,-35.0,High-income Asia Pacific,F
NeuropathyScr -> LowerExtrmAmpt,50_59,-35.0,High-income Asia Pacific,F
NeuropathyScr -> LowerExtrmAmpt,60_69,-35.0,High-income Asia Pacific,F
NeuropathyScr -> LowerExtrmAmpt,70_79,-35.0,High-income Asia Pacific,F
NeuropathyScr -> LowerExtrmAmpt,80_100,-35.0,High-income Asia Pacific,F
NephropathyScr -> DiabeticNephropathy,0_4,-24.0,High-income Asia Pacific,F
NephropathyScr -> DiabeticNephropathy,5_9,-24.0,High-income Asia Pacific,F
NephropathyScr -> DiabeticNephropathy,10_14,-24.0,High-income Asia Pacific,F
NephropathyScr -> DiabeticNephropathy,15_19,-24.0,High-income Asia Pacific,F
NephropathyScr -> DiabeticNephropathy,20_24,-24.0,High-income Asia Pacific,F
NephropathyScr -> DiabeticNephropathy,25_29,-24.0,High-income Asia Pacific,F
NephropathyScr -> DiabeticNephropathy,30_39,-24.0,High-income Asia Pacific,F
NephropathyScr -> DiabeticNephropathy,40_49,-24.0,High-income Asia Pacific,F
NephropathyScr -> DiabeticNephropathy,50_59,-24.0,High-income Asia Pacific,F
NephropathyScr -> DiabeticNephropathy,60_69,-24.0,High-income Asia Pacific,F
NephropathyScr -> DiabeticNephropathy,70_79,-24.0,High-income Asia Pacific,F
NephropathyScr -> DiabeticNephropathy,80_100,-24.0,High-income Asia Pacific,F
DiabeticNephropathy -> Disability,0_4,0.338,High-income Asia Pacific,F
DiabeticNephropathy -> Disability,5_9,0.338,High-income Asia Pacific,F
DiabeticNephropathy -> Disability,10_14,0.338,High-income Asia Pacific,F
DiabeticNephropathy -> Disability,15_19,0.338,High-income Asia Pacific,F
DiabeticNephropathy -> Disability,20_24,0.338,High-income Asia Pacific,F
DiabeticNephropathy -> Disability,25_29,0.338,High-income Asia Pacific,F
DiabeticNephropathy -> Disability,30_39,0.338,High-income Asia Pacific,F
DiabeticNephropathy -> Disability,40_49,0.338,High-income Asia Pacific,F
DiabeticNephropathy -> Disability,50_59,0.338,High-income Asia Pacific,F
DiabeticNephropathy -> Disability,60_69,0.338,High-income Asia Pacific,F
DiabeticNephropathy -> Disability,70_79,0.338,High-income Asia Pacific,F
DiabeticNephropathy -> Disability,80_100,0.338,High-income Asia Pacific,F
DiabeticNephropathy -> Deceased,0_4,0.0,High-income Asia Pacific,F
DiabeticNephropathy -> Deceased,5_9,0.0,High-income Asia Pacific,F
DiabeticNephropathy -> Deceased,10_14,0.0,High-income Asia Pacific,F
DiabeticNephropathy -> Deceased,15_19,0.0,High-income Asia Pacific,F
DiabeticNephropathy -> Deceased,20_24,0.00018385384535509443,High-income Asia Pacific,F
DiabeticNephropathy -> Deceased,25_29,0.00036770769071018885,High-income Asia Pacific,F
DiabeticNephropathy -> Deceased,30_39,0.0012869769174856612,High-income Asia Pacific,F
DiabeticNephropathy -> Deceased,40_49,0.0025739538349713225,High-income Asia Pacific,F
DiabeticNephropathy -> Deceased,50_59,0.004780199979232455,High-income Asia Pacific,F
DiabeticNephropathy -> Deceased,60_69,0.006434884587428306,High-income Asia Pacific,F
DiabeticNephropathy -> Deceased,70_79,0.012869769174856611,High-income Asia Pacific,F
DiabeticNephropathy -> Deceased,80_100,0.039712430596700404,High-income Asia Pacific,F
Prevalence -> DiabeticNephropathy,0_4,0.00428,High-income Asia Pacific,F
Prevalence -> DiabeticNephropathy,5_9,0.00428,High-income Asia Pacific,F
Prevalence -> DiabeticNephropathy,10_14,0.00436,High-income Asia Pacific,F
Prevalence -> DiabeticNephropathy,15_19,0.004560000000000001,High-income Asia Pacific,F
Prevalence -> DiabeticNephropathy,20_24,0.00496,High-income Asia Pacific,F
Prevalence -> DiabeticNephropathy,25_29,0.006200000000000001,High-income Asia Pacific,F
Prevalence -> DiabeticNephropathy,30_39,0.011000000000000001,High-income Asia Pacific,F
Prevalence -> DiabeticNephropathy,40_49,0.020680000000000004,High-income Asia Pacific,F
Prevalence -> DiabeticNephropathy,50_59,0.03332,High-income Asia Pacific,F
Prevalence -> DiabeticNephropathy,60_69,0.04012,High-income Asia Pacific,F
Prevalence -> DiabeticNephropathy,70_79,0.04916,High-income Asia Pacific,F
Prevalence -> DiabeticNephropathy,80_100,0.08984,High-income Asia Pacific,F
DsFreeSus -> Disability,0_4,0.028542662456533745,North Africa and Middle East,M
DsFreeSus -> Disability,5_9,0.043148786220997305,North Africa and Middle East,M
DsFreeSus -> Disability,10_14,0.057754909985460866,North Africa and Middle East,M
DsFreeSus -> Disability,15_19,0.07236103374992442,North Africa and Middle East,M
DsFreeSus -> Disability,20_24,0.086967157514388,North Africa and Middle East,M
DsFreeSus -> Disability,25_29,0.10157328127885155,North Africa and Middle East,M
DsFreeSus -> Disability,30_39,0.12348246692554689,North Africa and Middle East,M
DsFreeSus -> Disability,40_49,0.15269471445447402,North Africa and Middle East,M
DsFreeSus -> Disability,50_59,0.18190696198340114,North Africa and Middle East,M
DsFreeSus -> Disability,60_69,0.21111920951232827,North Africa and Middle East,M
DsFreeSus -> Disability,70_79,0.2403314570412554,North Africa and Middle East,M
DsFreeSus -> Disability,80_100,0.2768467664524143,North Africa and Middle East,M
DsFreeSus -> Diabetes,0_4,0.0,North Africa and Middle East,M
DsFreeSus -> Diabetes,5_9,0.0,North Africa and Middle East,M
DsFreeSus -> Diabetes,10_14,0.0,North Africa and Middle East,M
DsFreeSus -> Diabetes,15_19,0.0,North Africa and Middle East,M
DsFreeSus -> Diabetes,20_24,0.0003,North Africa and Middle East,M
DsFreeSus -> Diabetes,25_29,0.0012,North Africa and Middle East,M
DsFreeSus -> Diabetes,30_39,0.0025,North Africa and Middle East,M
DsFreeSus -> Diabetes,40_49,0.0037,North Africa and Middle East,M
DsFreeSus -> Diabetes,50_59,0.0049,North Africa and Middle East,M
DsFreeSus -> Diabetes,60_69,0.0046,North Africa and Middle East,M
DsFreeSus -> Diabetes,70_79,0.0086,North Africa and Middle East,M
DsFreeSus -> Diabetes,80_100,0.0119,North Africa and Middle East,M
Diabetes -> Disability,0_4,0.031,North Africa and Middle East,M
Diabetes -> Disability,5_9,0.031,North Africa and Middle East,M
Diabetes -> Disability,10_14,0.031,North Africa and Middle East,M
Diabetes -> Disability,15_19,0.031,North Africa and Middle East,M
Diabetes -> Disability,20_24,0.031,North Africa and Middle East,M
Diabetes -> Disability,25_29,0.031,North Africa and Middle East,M
Diabetes -> Disability,30_39,0.031,North Africa and Middle East,M
Diabetes -> Disability,40_49,0.031,North Africa and Middle East,M
Diabetes -> Disability,50_59,0.031,North Africa and Middle East,M
Diabetes -> Disability,60_69,0.031,North Africa and Middle East,M
Diabetes -> Disability,70_79,0.031,North Africa and Middle East,M
Diabetes -> Disability,80_100,0.031,North Africa and Middle East,M
Diabetes -> Deceased,0_4,0.0,North Africa and Middle East,M
Diabetes -> Deceased,5_9,0.0,North Africa and Middle East,M
Diabetes -> Deceased,10_14,0.0,North Africa and Middle East,M
Diabetes -> Deceased,15_19,0.0,North Africa and Middle East,M
Diabetes -> Deceased,20_24,0.00018324303523763565,North Africa and Middle East,M
Diabetes -> Deceased,25_29,0.0006718911292046642,North Africa and Middle East,M
Diabetes -> Deceased,30_39,0.001527025293646964,North Africa and Middle East,M
Diabetes -> Deceased,40_49,0.0029318885638021704,North Africa and Middle East,M
Diabetes -> Deceased,50_59,0.006047020162841978,North Africa and Middle East,M
Diabetes -> Deceased,60_69,0.009162151761881784,North Africa and Middle East,M
Diabetes -> Deceased,70_79,0.017163764300591876,North Africa and Middle East,M
Diabetes -> Deceased,80_100,0.030540505872939282,North Africa and Middle East,M
Diabetes -> DiabeticRetinopathy,0_4,0.0,North Africa and Middle East,M
Diabetes -> DiabeticRetinopathy,5_9,0.0,North Africa and Middle East,M
Diabetes -> DiabeticRetinopathy,10_14,0.0,North Africa and Middle East,M
Diabetes -> DiabeticRetinopathy,15_19,0.0,North Africa and Middle East,M
Diabetes -> DiabeticRetinopathy,20_24,0.0018694556069451815,North Africa and Middle East,M
Diabetes -> DiabeticRetinopathy,25_29,0.0003098840788899626,North Africa and Middle East,M
Diabetes -> DiabeticRetinopathy,30_39,0.0031171535449757916,North Africa and Middle East,M
Diabetes -> DiabeticRetinopathy,40_49,0.004594720002658789,North Africa and Middle East,M
Diabetes -> DiabeticRetinopathy,50_59,0.005854850745361694,North Africa and Middle East,M
Diabetes -> DiabeticRetinopathy,60_69,0.00830285459614496,North Africa and Middle East,M
Diabetes -> DiabeticRetinopathy,70_79,0.007145868465430017,North Africa and Middle East,M
Diabetes -> DiabeticRetinopathy,80_100,0.009787069299264421,North Africa and Middle East,M
Diabetes -> LowerExtrmAmpt,0_4,0.0,North Africa and Middle East,M
Diabetes -> LowerExtrmAmpt,5_9,0.0,North Africa and Middle East,M
Diabetes -> LowerExtrmAmpt,10_14,9.981143731167335e-05,North Africa and Middle East,M
Diabetes -> LowerExtrmAmpt,15_19,0.002000641666036304,North Africa and Middle East,M
Diabetes -> LowerExtrmAmpt,20_24,0.005409337326560012,North Africa and Middle East,M
Diabetes -> LowerExtrmAmpt,25_29,0.009518741870639707,North Africa and Middle East,M
Diabetes -> LowerExtrmAmpt,30_39,0.010713445988080269,North Africa and Middle East,M
Diabetes -> LowerExtrmAmpt,40_49,0.001229689982628392,North Africa and Middle East,M
Diabetes -> LowerExtrmAmpt,50_59,0.0008215628653584858,North Africa and Middle East,M
Diabetes -> LowerExtrmAmpt,60_69,0.008666503222254932,North Africa and Middle East,M
Diabetes -> LowerExtrmAmpt,70_79,0.02017943718381113,North Africa and Middle East,M
Diabetes -> LowerExtrmAmpt,80_100,0.03205574912891986,North Africa and Middle East,M
Diabetes -> DiabeticNephropathy,0_4,0.0,North Africa and Middle East,M
Diabetes -> DiabeticNephropathy,5_9,0.0,North Africa and Middle East,M
Diabetes -> DiabeticNephropathy,10_14,0.014,North Africa and Middle East,M
Diabetes -> DiabeticNephropathy,15_19,0.014,North Africa and Middle East,M
Diabetes -> DiabeticNephropathy,20_24,0.014,North Africa and Middle East,M
Diabetes -> DiabeticNephropathy,25_29,0.014,North Africa and Middle East,M
Diabetes -> DiabeticNephropathy,30_39,0.014,North Africa and Middle East,M
Diabetes -> DiabeticNephropathy,40_49,0.014,North Africa and Middle East,M
Diabetes -> DiabeticNephropathy,50_59,0.014,North Africa and Middle East,M
Diabetes -> DiabeticNephropathy,60_69,0.014,North Africa and Middle East,M
Diabetes -> DiabeticNephropathy,70_79,0.014,North Africa and Middle East,M
Diabetes -> DiabeticNephropathy,80_100,0.014,North Africa and Middle East,M
Prevalence -> Diabetes,0_4,0.0,North Africa and Middle East,M
Prevalence -> Diabetes,5_9,0.0,North Africa and Middle East,M
Prevalence -> Diabetes,10_14,0.0118842,North Africa and Middle East,M
Prevalence -> Diabetes,15_19,0.011952500000000001,North Africa and Middle East,M
Prevalence -> Diabetes,20_24,0.012294,North Africa and Middle East,M
Prevalence -> Diabetes,25_29,0.0146845,North Africa and Middle East,M
Prevalence -> Diabetes,30_39,0.024383100000000005,North Africa and Middle East,M
Prevalence -> Diabetes,40_49,0.0426875,North Africa and Middle East,M
Prevalence -> Diabetes,50_59,0.06748040000000001,North Africa and Middle East,M
Prevalence -> Diabetes,60_69,0.08674100000000001,North Africa and Middle East,M
Prevalence -> Diabetes,70_79,0.10531860000000001,North Africa and Middle East,M
Prevalence -> Diabetes,80_100,0.127721,North Africa and Middle East,M
DiabeticRetinopathy -> Disability,0_4,0.338,North Africa and Middle East,M
DiabeticRetinopathy -> Disability,5_9,0.338,North Africa and Middle East,M
DiabeticRetinopathy -> Disability,10_14,0.338,North Africa and Middle East,M
DiabeticRetinopathy -> Disability,15_19,0.338,North Africa and Middle East,M
DiabeticRetinopathy -> Disability,20_24,0.338,North Africa and Middle East,M
DiabeticRetinopathy -> Disability,25_29,0.338,North Africa and Middle East,M
DiabeticRetinopathy -> Disability,30_39,0.338,North Africa and Middle East,M
DiabeticRetinopathy -> Disability,40_49,0.338,North Africa and Middle East,M
DiabeticRetinopathy -> Disability,50_59,0.338,North Africa and Middle East,M
DiabeticRetinopathy -> Disability,60_69,0.338,North Africa and Middle East,M
DiabeticRetinopathy -> Disability,70_79,0.338,North Africa and Middle East,M
DiabeticRetinopathy -> Disability,80_100,0.338,North Africa and Middle East,M
DiabeticRetinopathy -> Deceased,0_4,0.0,North Africa and Middle East,M
DiabeticRetinopathy -> Deceased,5_9,0.0,North Africa and Middle East,M
DiabeticRetinopathy -> Deceased,10_14,0.0,North Africa and Middle East,M
DiabeticRetinopathy -> Deceased,15_19,0.0,North Africa and Middle East,M
DiabeticRetinopathy -> Deceased,20_24,0.0003,North Africa and Middle East,M
DiabeticRetinopathy -> Deceased,25_29,0.0016,North Africa and Middle East,M
DiabeticRetinopathy -> Deceased,30_39,0.0048,North Africa and Middle East,M
DiabeticRetinopathy -> Deceased,40_49,0.0096,North Africa and Middle East,M
DiabeticRetinopathy -> Deceased,50_59,0.02,North Africa and Middle East,M
DiabeticRetinopathy -> Deceased,60_69,0.0306,North Africa and Middle East,M
DiabeticRetinopathy -> Deceased,70_79,0.0554,North Africa and Middle East,M
DiabeticRetinopathy -> Deceased,80_100,0.0992,North Africa and Middle East,M
Prevalence -> DiabeticRetinopathy,0_4,0.0001,North Africa and Middle East,M
Prevalence -> DiabeticRetinopathy,5_9,0.0,North Africa and Middle East,M
Prevalence -> DiabeticRetinopathy,10_14,0.0,North Africa and Middle East,M
Prevalence -> DiabeticRetinopathy,15_19,0.0,North Africa and Middle East,M
Prevalence -> DiabeticRetinopathy,20_24,0.0021,North Africa and Middle East,M
Prevalence -> DiabeticRetinopathy,25_29,0.0021,North Africa and Middle East,M
Prevalence -> DiabeticRetinopathy,30_39,0.0024,North Africa and Middle East,M
Prevalence -> DiabeticRetinopathy,40_49,0.0044,North Africa and Middle East,M
Prevalence -> DiabeticRetinopathy,50_59,0.0075,North Africa and Middle East,M
Prevalence -> DiabeticRetinopathy,60_69,0.0133,North Africa and Middle East,M
Prevalence -> DiabeticRetinopathy,70_79,0.0173,North Africa and Middle East,M
Prevalence -> DiabeticRetinopathy,80_100,0.0182,North Africa and Middle East,M
LowerExtrmAmpt -> Disability,0_4,0.164,North Africa and Middle East,M
LowerExtrmAmpt -> Disability,5_9,0.164,North Africa and Middle East,M
LowerExtrmAmpt -> Disability,10_14,0.164,North Africa and Middle East,M
LowerExtrmAmpt -> Disability,15_19,0.164,North Africa and Middle East,M
LowerExtrmAmpt -> Disability,20_24,0.164,North Africa and Middle East,M
LowerExtrmAmpt -> Disability,25_29,0.164,North Africa and Middle East,M
LowerExtrmAmpt -> Disability,30_39,0.164,North Africa and Middle East,M
LowerExtrmAmpt -> Disability,40_49,0.164,North Africa and Middle East,M
LowerExtrmAmpt -> Disability,50_59,0.164,North Africa and Middle East,M
LowerExtrmAmpt -> Disability,60_69,0.164,North Africa and Middle East,M
LowerExtrmAmpt -> Disability,70_79,0.164,North Africa and Middle East,M
LowerExtrmAmpt -> Disability,80_100,0.164,North Africa and Middle East,M
LowerExtrmAmpt -> Deceased,0_4,0.0,North Africa and Middle East,M
LowerExtrmAmpt -> Deceased,5_9,0.0,North Africa and Middle East,M
LowerExtrmAmpt -> Deceased,10_14,0.0,North Africa and Middle East,M
LowerExtrmAmpt -> Deceased,15_19,0.0,North Africa and Middle East,M
LowerExtrmAmpt -> Deceased,20_24,0.0004,North Africa and Middle East,M
LowerExtrmAmpt -> Deceased,25_29,0.0018,North Africa and Middle East,M
LowerExtrmAmpt -> Deceased,30_39,0.005,North Africa and Middle East,M
LowerExtrmAmpt -> Deceased,40_49,0.0093,North Africa and Middle East,M
LowerExtrmAmpt -> Deceased,50_59,0.0197,North Africa and Middle East,M
LowerExtrmAmpt -> Deceased,60_69,0.0315,North Africa and Middle East,M
LowerExtrmAmpt -> Deceased,70_79,0.057,North Africa and Middle East,M
LowerExtrmAmpt -> Deceased,80_100,0.1015,North Africa and Middle East,M
Prevalence -> LowerExtrmAmpt,0_4,0.0,North Africa and Middle East,M
Prevalence -> LowerExtrmAmpt,5_9,0.0,North Africa and Middle East,M
Prevalence -> LowerExtrmAmpt,10_14,0.0,North Africa and Middle East,M
Prevalence -> LowerExtrmAmpt,15_19,0.0001,North Africa and Middle East,M
Prevalence -> LowerExtrmAmpt,20_24,0.0004,North Africa and Middle East,M
Prevalence -> LowerExtrmAmpt,25_29,0.0011,North Africa and Middle East,M
Prevalence -> LowerExtrmAmpt,30_39,0.0035,North Africa and Middle East,M
Prevalence -> LowerExtrmAmpt,40_49,0.0056,North Africa and Middle East,M
Prevalence -> LowerExtrmAmpt,50_59,0.0052,North Africa and Middle East,M
Prevalence -> LowerExtrmAmpt,60_69,0.0086,North Africa and Middle East,M
Prevalence -> LowerExtrmAmpt,70_79,0.0214,North Africa and Middle East,M
Prevalence -> LowerExtrmAmpt,80_100,0.0434,North Africa and Middle East,M
Disability -> Disability,0_4,0.0,North Africa and Middle East,M
Disability -> Disability,5_9,0.0,North Africa and Middle East,M
Disability -> Disability,10_14,0.0,North Africa and Middle East,M
Disability -> Disability,15_19,0.0,North Africa and Middle East,M
Disability -> Disability,20_24,0.0,North Africa and Middle East,M
Disability -> Disability,25_29,0.0,North Africa and Middle East,M
Disability -> Disability,30_39,0.0,North Africa and Middle East,M
Disability -> Disability,40_49,0.0,North Africa and Middle East,M
Disability -> Disability,50_59,0.0,North Africa and Middle East,M
Disability -> Disability,60_69,0.0,North Africa and Middle East,M
Disability -> Disability,70_79,0.0,North Africa and Middle East,M
Disability -> Disability,80_100,0.0,North Africa and Middle East,M
StdGlycControl -> DiabeticRetinopathy,0_4,-75.0,North Africa and Middle East,M
StdGlycControl -> DiabeticRetinopathy,5_9,-75.0,North Africa and Middle East,M
StdGlycControl -> DiabeticRetinopathy,10_14,-75.0,North Africa and Middle East,M
StdGlycControl -> DiabeticRetinopathy,15_19,-75.0,North Africa and Middle East,M
StdGlycControl -> DiabeticRetinopathy,20_24,-75.0,North Africa and Middle East,M
StdGlycControl -> DiabeticRetinopathy,25_29,-75.0,North Africa and Middle East,M
StdGlycControl -> DiabeticRetinopathy,30_39,-75.0,North Africa and Middle East,M
StdGlycControl -> DiabeticRetinopathy,40_49,-75.0,North Africa and Middle East,M
StdGlycControl -> DiabeticRetinopathy,50_59,-75.0,North Africa and Middle East,M
StdGlycControl -> DiabeticRetinopathy,60_69,-75.0,North Africa and Middle East,M
StdGlycControl -> DiabeticRetinopathy,70_79,-75.0,North Africa and Middle East,M
StdGlycControl -> DiabeticRetinopathy,80_100,-75.0,North Africa and Middle East,M
StdGlycControl -> LowerExtrmAmpt,0_4,-28.6,North Africa and Middle East,M
StdGlycControl -> LowerExtrmAmpt,5_9,-28.6,North Africa and Middle East,M
StdGlycControl -> LowerExtrmAmpt,10_14,-28.6,North Africa and Middle East,M
StdGlycControl -> LowerExtrmAmpt,15_19,-28.6,North Africa and Middle East,M
StdGlycControl -> LowerExtrmAmpt,20_24,-28.6,North Africa and Middle East,M
StdGlycControl -> LowerExtrmAmpt,25_29,-28.6,North Africa and Middle East,M
StdGlycControl -> LowerExtrmAmpt,30_39,-28.6,North Africa and Middle East,M
StdGlycControl -> LowerExtrmAmpt,40_49,-28.6,North Africa and Middle East,M
StdGlycControl -> LowerExtrmAmpt,50_59,-28.6,North Africa and Middle East,M
StdGlycControl -> LowerExtrmAmpt,60_69,-28.6,North Africa and Middle East,M
StdGlycControl -> LowerExtrmAmpt,70_79,-28.6,North Africa and Middle East,M
StdGlycControl -> LowerExtrmAmpt,80_100,-28.6,North Africa and Middle East,M
StdGlycControl -> DiabeticNephropathy,0_4,-39.0,North Africa and Middle East,M
StdGlycControl -> DiabeticNephropathy,5_9,-39.0,North Africa and Middle East,M
StdGlycControl -> DiabeticNephropathy,10_14,-39.0,North Africa and Middle East,M
StdGlycControl -> DiabeticNephropathy,15_19,-39.0,North Africa and Middle East,M
StdGlycControl -> DiabeticNephropathy,20_24,-39.0,North Africa and Middle East,M
StdGlycControl -> DiabeticNephropathy,25_29,-39.0,North Africa and Middle East,M
StdGlycControl -> DiabeticNephropathy,30_39,-39.0,North Africa and Middle East,M
StdGlycControl -> DiabeticNephropathy,40_49,-39.0,North Africa and Middle East,M
StdGlycControl -> DiabeticNephropathy,50_59,-39.0,North Africa and Middle East,M
StdGlycControl -> DiabeticNephropathy,60_69,-39.0,North Africa and Middle East,M
StdGlycControl -> DiabeticNephropathy,70_79,-39.0,North Africa and Middle East,M
StdGlycControl -> DiabeticNephropathy,80_100,-39.0,North Africa and Middle East,M
IntsvGlycControl -> DiabeticRetinopathy,0_4,-65.0,North Africa and Middle East,M
IntsvGlycControl -> DiabeticRetinopathy,5_9,-65.0,North Africa and Middle East,M
IntsvGlycControl -> DiabeticRetinopathy,10_14,-65.0,North Africa and Middle East,M
IntsvGlycControl -> DiabeticRetinopathy,15_19,-65.0,North Africa and Middle East,M
IntsvGlycControl -> DiabeticRetinopathy,20_24,-65.0,North Africa and Middle East,M
IntsvGlycControl -> DiabeticRetinopathy,25_29,-65.0,North Africa and Middle East,M
IntsvGlycControl -> DiabeticRetinopathy,30_39,-65.0,North Africa and Middle East,M
IntsvGlycControl -> DiabeticRetinopathy,40_49,-65.0,North Africa and Middle East,M
IntsvGlycControl -> DiabeticRetinopathy,50_59,-65.0,North Africa and Middle East,M
IntsvGlycControl -> DiabeticRetinopathy,60_69,-65.0,North Africa and Middle East,M
IntsvGlycControl -> DiabeticRetinopathy,70_79,-65.0,North Africa and Middle East,M
IntsvGlycControl -> DiabeticRetinopathy,80_100,-65.0,North Africa and Middle East,M
IntsvGlycControl -> LowerExtrmAmpt,0_4,-15.1,North Africa and Middle East,M
IntsvGlycControl -> LowerExtrmAmpt,5_9,-15.1,North Africa and Middle East,M
IntsvGlycControl -> LowerExtrmAmpt,10_14,-15.1,North Africa and Middle East,M
IntsvGlycControl -> LowerExtrmAmpt,15_19,-15.1,North Africa and Middle East,M
IntsvGlycControl -> LowerExtrmAmpt,20_24,-15.1,North Africa and Middle East,M
IntsvGlycControl -> LowerExtrmAmpt,25_29,-15.1,North Africa and Middle East,M
IntsvGlycControl -> LowerExtrmAmpt,30_39,-15.1,North Africa and Middle East,M
IntsvGlycControl -> LowerExtrmAmpt,40_49,-15.1,North Africa and Middle East,M
IntsvGlycControl -> LowerExtrmAmpt,50_59,-15.1,North Africa and Middle East,M
IntsvGlycControl -> LowerExtrmAmpt,60_69,-15.1,North Africa and Middle East,M
IntsvGlycControl -> LowerExtrmAmpt,70_79,-15.1,North Africa and Middle East,M
IntsvGlycControl -> LowerExtrmAmpt,80_100,-15.1,North Africa and Middle East,M
IntsvGlycControl -> DiabeticNephropathy,0_4,-39.0,North Africa and Middle East,M
IntsvGlycControl -> DiabeticNephropathy,5_9,-39.0,North Africa and Middle East,M
IntsvGlycControl -> DiabeticNephropathy,10_14,-39.0,North Africa and Middle East,M
IntsvGlycControl -> DiabeticNephropathy,15_19,-39.0,North Africa and Middle East,M
IntsvGlycControl -> DiabeticNephropathy,20_24,-39.0,North Africa and Middle East,M
IntsvGlycControl -> DiabeticNephropathy,25_29,-39.0,North Africa and Middle East,M
IntsvGlycControl -> DiabeticNephropathy,30_39,-39.0,North Africa and Middle East,M
IntsvGlycControl -> DiabeticNephropathy,40_49,-39.0,North Africa and Middle East,M
IntsvGlycControl -> DiabeticNephropathy,50_59,-39.0,North Africa and Middle East,M
IntsvGlycControl -> DiabeticNephropathy,60_69,-39.0,North Africa and Middle East,M
IntsvGlycControl -> DiabeticNephropathy,70_79,-39.0,North Africa and Middle East,M
IntsvGlycControl -> DiabeticNephropathy,80_100,-39.0,North Africa and Middle East,M
RetinopathyScrn -> DiabeticRetinopathy,0_4,-20.0,North Africa and Middle East,M
RetinopathyScrn -> DiabeticRetinopathy,5_9,-20.0,North Africa and Middle East,M
RetinopathyScrn -> DiabeticRetinopathy,10_14,-20.0,North Africa and Middle East,M
RetinopathyScrn -> DiabeticRetinopathy,15_19,-20.0,North Africa and Middle East,M
RetinopathyScrn -> DiabeticRetinopathy,20_24,-20.0,North Africa and Middle East,M
RetinopathyScrn -> DiabeticRetinopathy,25_29,-20.0,North Africa and Middle East,M
RetinopathyScrn -> DiabeticRetinopathy,30_39,-20.0,North Africa and Middle East,M
RetinopathyScrn -> DiabeticRetinopathy,40_49,-20.0,North Africa and Middle East,M
RetinopathyScrn -> DiabeticRetinopathy,50_59,-20.0,North Africa and Middle East,M
RetinopathyScrn -> DiabeticRetinopathy,60_69,-20.0,North Africa and Middle East,M
RetinopathyScrn -> DiabeticRetinopathy,70_79,-20.0,North Africa and Middle East,M
RetinopathyScrn -> DiabeticRetinopathy,80_100,-20.0,North Africa and Middle East,M
NeuropathyScr -> LowerExtrmAmpt,0_4,-35.0,North Africa and Middle East,M
NeuropathyScr -> LowerExtrmAmpt,5_9,-35.0,North Africa and Middle East,M
NeuropathyScr -> LowerExtrmAmpt,10_14,-35.0,North Africa and Middle East,M
NeuropathyScr -> LowerExtrmAmpt,15_19,-35.0,North Africa and Middle East,M
NeuropathyScr -> LowerExtrmAmpt,20_24,-35.0,North Africa and Middle East,M
NeuropathyScr -> LowerExtrmAmpt,25_29,-35.0,North Africa and Middle East,M
NeuropathyScr -> LowerExtrmAmpt,30_39,-35.0,North Africa and Middle East,M
NeuropathyScr -> LowerExtrmAmpt,40_49,-35.0,North Africa and Middle East,M
NeuropathyScr -> LowerExtrmAmpt,50_59,-35.0,North Africa and Middle East,M
NeuropathyScr -> LowerExtrmAmpt,60_69,-35.0,North Africa and Middle East,M
NeuropathyScr -> LowerExtrmAmpt,70_79,-35.0,North Africa and Middle East,M
NeuropathyScr -> LowerExtrmAmpt,80_100,-35.0,North Africa and Middle East,M
NephropathyScr -> DiabeticNephropathy,0_4,-24.0,North Africa and Middle East,M
NephropathyScr -> DiabeticNephropathy,5_9,-24.0,North Africa and Middle East,M
NephropathyScr -> DiabeticNephropathy,10_14,-24.0,North Africa and Middle East,M
NephropathyScr -> DiabeticNephropathy,15_19,-24.0,North Africa and Middle East,M
NephropathyScr -> DiabeticNephropathy,20_24,-24.0,North Africa and Middle East,M
NephropathyScr -> DiabeticNephropathy,25_29,-24.0,North Africa and Middle East,M
NephropathyScr -> DiabeticNephropathy,30_39,-24.0,North Africa and Middle East,M
NephropathyScr -> DiabeticNephropathy,40_49,-24.0,North Africa and Middle East,M
NephropathyScr -> DiabeticNephropathy,50_59,-24.0,North Africa and Middle East,M
NephropathyScr -> DiabeticNephropathy,60_69,-24.0,North Africa and Middle East,M
NephropathyScr -> DiabeticNephropathy,70_79,-24.0,North Africa and Middle East,M
NephropathyScr -> DiabeticNephropathy,80_100,-24.0,North Africa and Middle East,M
DiabeticNephropathy -> Disability,0_4,0.338,North Africa and Middle East,M
DiabeticNephropathy -> Disability,5_9,0.338,North Africa and Middle East,M
DiabeticNephropathy -> Disability,10_14,0.338,North Africa and Middle East,M
DiabeticNephropathy -> Disability,15_19,0.338,North Africa and Middle East,M
DiabeticNephropathy -> Disability,20_24,0.338,North Africa and Middle East,M
DiabeticNephropathy -> Disability,25_29,0.338,North Africa and Middle East,M
DiabeticNephropathy -> Disability,30_39,0.338,North Africa and Middle East,M
DiabeticNephropathy -> Disability,40_49,0.338,North Africa and Middle East,M
DiabeticNephropathy -> Disability,50_59,0.338,North Africa and Middle East,M
DiabeticNephropathy -> Disability,60_69,0.338,North Africa and Middle East,M
DiabeticNephropathy -> Disability,70_79,0.338,North Africa and Middle East,M
DiabeticNephropathy -> Disability,80_100,0.338,North Africa and Middle East,M
DiabeticNephropathy -> Deceased,0_4,0.0,North Africa and Middle East,M
DiabeticNephropathy -> Deceased,5_9,0.0,North Africa and Middle East,M
DiabeticNephropathy -> Deceased,10_14,0.0,North Africa and Middle East,M
DiabeticNephropathy -> Deceased,15_19,0.0,North Africa and Middle East,M
DiabeticNephropathy -> Deceased,20_24,0.0005515615360652833,North Africa and Middle East,M
DiabeticNephropathy -> Deceased,25_29,0.0020223922989060393,North Africa and Middle East,M
DiabeticNephropathy -> Deceased,30_39,0.004596346133877361,North Africa and Middle East,M
DiabeticNephropathy -> Deceased,40_49,0.008824984577044533,North Africa and Middle East,M
DiabeticNephropathy -> Deceased,50_59,0.01820153069015435,North Africa and Middle East,M
DiabeticNephropathy -> Deceased,60_69,0.027578076803264167,North Africa and Middle East,M
DiabeticNephropathy -> Deceased,70_79,0.05166293054478154,North Africa and Middle East,M
DiabeticNephropathy -> Deceased,80_100,0.09192692267754723,North Africa and Middle East,M
Prevalence -> DiabeticNephropathy,0_4,0.00428,North Africa and Middle East,M
Prevalence -> DiabeticNephropathy,5_9,0.00428,North Africa and Middle East,M
Prevalence -> DiabeticNephropathy,10_14,0.00436,North Africa and Middle East,M
Prevalence -> DiabeticNephropathy,15_19,0.004560000000000001,North Africa and Middle East,M
Prevalence -> DiabeticNephropathy,20_24,0.00496,North Africa and Middle East,M
Prevalence -> DiabeticNephropathy,25_29,0.006200000000000001,North Africa and Middle East,M
Prevalence -> DiabeticNephropathy,30_39,0.011000000000000001,North Africa and Middle East,M
Prevalence -> DiabeticNephropathy,40_49,0.020680000000000004,North Africa and Middle East,M
Prevalence -> DiabeticNephropathy,50_59,0.03332,North Africa and Middle East,M
Prevalence -> DiabeticNephropathy,60_69,0.04012,North Africa and Middle East,M
Prevalence -> DiabeticNephropathy,70_79,0.04916,North Africa and Middle East,M
Prevalence -> DiabeticNephropathy,80_100,0.08984,North Africa and Middle East,M
DsFreeSus -> Disability,0_4,0.03281823411314838,North Africa and Middle East,F
DsFreeSus -> Disability,5_9,0.048428776167570214,North Africa and Middle East,F
DsFreeSus -> Disability,10_14,0.06403931822199205,North Africa and Middle East,F
DsFreeSus -> Disability,15_19,0.07964986027641388,North Africa and Middle East,F
DsFreeSus -> Disability,20_24,0.0952604023308357,North Africa and Middle East,F
DsFreeSus -> Disability,25_29,0.11087094438525753,North Africa and Middle East,F
DsFreeSus -> Disability,30_39,0.13428675746689028,North Africa and Middle East,F
DsFreeSus -> Disability,40_49,0.16550784157573395,North Africa and Middle East,F
DsFreeSus -> Disability,50_59,0.19672892568457762,North Africa and Middle East,F
DsFreeSus -> Disability,60_69,0.22795000979342128,North Africa and Middle East,F
DsFreeSus -> Disability,70_79,0.25917109390226495,North Africa and Middle East,F
DsFreeSus -> Disability,80_100,0.2981974490383195,North Africa and Middle East,F
DsFreeSus -> Diabetes,0_4,0.0,North Africa and Middle East,F
DsFreeSus -> Diabetes,5_9,0.0,North Africa and Middle East,F
DsFreeSus -> Diabetes,10_14,0.0,North Africa and Middle East,F
DsFreeSus -> Diabetes,15_19,0.0,North Africa and Middle East,F
DsFreeSus -> Diabetes,20_24,0.0002,North Africa and Middle East,F
DsFreeSus -> Diabetes,25_29,0.001,North Africa and Middle East,F
DsFreeSus -> Diabetes,30_39,0.0021,North Africa and Middle East,F
DsFreeSus -> Diabetes,40_49,0.004,North Africa and Middle East,F
DsFreeSus -> Diabetes,50_59,0.0049,North Africa and Middle East,F
DsFreeSus -> Diabetes,60_69,0.0032,North Africa and Middle East,F
DsFreeSus -> Diabetes,70_79,0.007,North Africa and Middle East,F
DsFreeSus -> Diabetes,80_100,0.0087,North Africa and Middle East,F
Diabetes -> Disability,0_4,0.031,North Africa and Middle East,F
Diabetes -> Disability,5_9,0.031,North Africa and Middle East,F
Diabetes -> Disability,10_14,0.031,North Africa and Middle East,F
Diabetes -> Disability,15_19,0.031,North Africa and Middle East,F
Diabetes -> Disability,20_24,0.031,North Africa and Middle East,F
Diabetes -> Disability,25_29,0.031,North Africa and Middle East,F
Diabetes -> Disability,30_39,0.031,North Africa and Middle East,F
Diabetes -> Disability,40_49,0.031,North Africa and Middle East,F
Diabetes -> Disability,50_59,0.031,North Africa and Middle East,F
Diabetes -> Disability,60_69,0.031,North Africa and Middle East,F
Diabetes -> Disability,70_79,0.031,North Africa and Middle East,F
Diabetes -> Disability,80_100,0.031,North Africa and Middle East,F
Diabetes -> Deceased,0_4,0.0,North Africa and Middle East,F
Diabetes -> Deceased,5_9,0.0,North Africa and Middle East,F
Diabetes -> Deceased,10_14,0.0,North Africa and Middle East,F
Diabetes -> Deceased,15_19,0.0,North Africa and Middle East,F
Diabetes -> Deceased,20_24,0.0001221620234917571,North Africa and Middle East,F
Diabetes -> Deceased,25_29,0.0003664860704752713,North Africa and Middle East,F
Diabetes -> Deceased,30_39,0.0009772961879340569,North Africa and Middle East,F
Diabetes -> Deceased,40_49,0.0018935113641222353,North Africa and Middle East,F
Diabetes -> Deceased,50_59,0.003725941716498592,North Africa and Middle East,F
Diabetes -> Deceased,60_69,0.006047020162841978,North Africa and Middle East,F
Diabetes -> Deceased,70_79,0.01270485044314274,North Africa and Middle East,F
Diabetes -> Deceased,80_100,0.025531862909777235,North Africa and Middle East,F
Diabetes -> DiabeticRetinopathy,0_4,0.0,North Africa and Middle East,F
Diabetes -> DiabeticRetinopathy,5_9,0.0,North Africa and Middle East,F
Diabetes -> DiabeticRetinopathy,10_14,0.018970655144464433,North Africa and Middle East,F
Diabetes -> DiabeticRetinopathy,15_19,0.020540420832398442,North Africa and Middle East,F
Diabetes -> DiabeticRetinopathy,20_24,0.0035600560093853565,North Africa and Middle East,F
Diabetes -> DiabeticRetinopathy,25_29,0.0002964429298361234,North Africa and Middle East,F
Diabetes -> DiabeticRetinopathy,30_39,0.003360627102279649,North Africa and Middle East,F
Diabetes -> DiabeticRetinopathy,40_49,0.007010428397147147,North Africa and Middle East,F
Diabetes -> DiabeticRetinopathy,50_59,0.008008288229918921,North Africa and Middle East,F
Diabetes -> DiabeticRetinopathy,60_69,0.011748443310176614,North Africa and Middle East,F
Diabetes -> DiabeticRetinopathy,70_79,0.007954693619343343,North Africa and Middle East,F
Diabetes -> DiabeticRetinopathy,80_100,0.01248838918869634,North Africa and Middle East,F
Diabetes -> LowerExtrmAmpt,0_4,0.0,North Africa and Middle East,F
Diabetes -> LowerExtrmAmpt,5_9,0.0,North Africa and Middle East,F
Diabetes -> LowerExtrmAmpt,10_14,5.4236307592179124e-05,North Africa and Middle East,F
Diabetes -> LowerExtrmAmpt,15_19,0.0010781608324567206,North Africa and Middle East,F
Diabetes -> LowerExtrmAmpt,20_24,0.003232974174050787,North Africa and Middle East,F
Diabetes -> LowerExtrmAmpt,25_29,0.005757362686899917,North Africa and Middle East,F
Diabetes -> LowerExtrmAmpt,30_39,0.005988319354211909,North Africa and Middle East,F
Diabetes -> LowerExtrmAmpt,40_49,0.0011561854823573573,North Africa and Middle East,F
Diabetes -> LowerExtrmAmpt,50_59,0.0005293220582437632,North Africa and Middle East,F
Diabetes -> LowerExtrmAmpt,60_69,0.004865525445542634,North Africa and Middle East,F
Diabetes -> LowerExtrmAmpt,70_79,0.010416314546622304,North Africa and Middle East,F
Diabetes -> LowerExtrmAmpt,80_100,0.017061481738971866,North Africa and Middle East,F
Diabetes -> DiabeticNephropathy,0_4,0.0,North Africa and Middle East,F
Diabetes -> DiabeticNephropathy,5_9,0.0,North Africa and Middle East,F
Diabetes -> DiabeticNephropathy,10_14,0.014,North Africa and Middle East,F
Diabetes -> DiabeticNephropathy,15_19,0.014,North Africa and Middle East,F
Diabetes -> DiabeticNephropathy,20_24,0.014,North Africa and Middle East,F
Diabetes -> DiabeticNephropathy,25_29,0.014,North Africa and Middle East,F
Diabetes -> DiabeticNephropathy,30_39,0.014,North Africa and Middle East,F
Diabetes -> DiabeticNephropathy,40_49,0.014,North Africa and Middle East,F
Diabetes -> DiabeticNephropathy,50_59,0.014,North Africa and Middle East,F
Diabetes -> DiabeticNephropathy,60_69,0.014,North Africa and Middle East,F
Diabetes -> DiabeticNephropathy,70_79,0.014,North Africa and Middle East,F
Diabetes -> DiabeticNephropathy,80_100,0.014,North Africa and Middle East,F
Prevalence -> Diabetes,0_4,0.0111329,North Africa and Middle East,F
Prevalence -> Diabetes,5_9,0.0111329,North Africa and Middle East,F
Prevalence -> Diabetes,10_14,0.0111329,North Africa and Middle East,F
Prevalence -> Diabetes,15_19,0.011201200000000001,North Africa and Middle East,F
Prevalence -> Diabetes,20_24,0.011474400000000001,North Africa and Middle East,F
Prevalence -> Diabetes,25_29,0.013250200000000002,North Africa and Middle East,F
Prevalence -> Diabetes,30_39,0.0213096,North Africa and Middle East,F
Prevalence -> Diabetes,40_49,0.039682300000000004,North Africa and Middle East,F
Prevalence -> Diabetes,50_59,0.0674121,North Africa and Middle East,F
Prevalence -> Diabetes,60_69,0.0861263,North Africa and Middle East,F
Prevalence -> Diabetes,70_79,0.10094739999999999,North Africa and Middle East,F
Prevalence -> Diabetes,80_100,0.11925180000000002,North Africa and Middle East,F
DiabeticRetinopathy -> Disability,0_4,0.338,North Africa and Middle East,F
DiabeticRetinopathy -> Disability,5_9,0.338,North Africa and Middle East,F
DiabeticRetinopathy -> Disability,10_14,0.338,North Africa and Middle East,F
DiabeticRetinopathy -> Disability,15_19,0.338,North Africa and Middle East,F
DiabeticRetinopathy -> Disability,20_24,0.338,North Africa and Middle East,F
DiabeticRetinopathy -> Disability,25_29,0.338,North Africa and Middle East,F
DiabeticRetinopathy -> Disability,30_39,0.338,North Africa and Middle East,F
DiabeticRetinopathy -> Disability,40_49,0.338,North Africa and Middle East,F
DiabeticRetinopathy -> Disability,50_59,0.338,North Africa and Middle East,F
DiabeticRetinopathy -> Disability,60_69,0.338,North Africa and Middle East,F
DiabeticRetinopathy -> Disability,70_79,0.338,North Africa and Middle East,F
DiabeticRetinopathy -> Disability,80_100,0.338,North Africa and Middle East,F
DiabeticRetinopathy -> Deceased,0_4,0.0,North Africa and Middle East,F
DiabeticRetinopathy -> Deceased,5_9,0.0,North Africa and Middle East,F
DiabeticRetinopathy -> Deceased,10_14,0.0,North Africa and Middle East,F
DiabeticRetinopathy -> Deceased,15_19,0.0,North Africa and Middle East,F
DiabeticRetinopathy -> Deceased,20_24,0.0002,North Africa and Middle East,F
DiabeticRetinopathy -> Deceased,25_29,0.0009,North Africa and Middle East,F
DiabeticRetinopathy -> Deceased,30_39,0.003,North Africa and Middle East,F
DiabeticRetinopathy -> Deceased,40_49,0.0061,North Africa and Middle East,F
DiabeticRetinopathy -> Deceased,50_59,0.0124,North Africa and Middle East,F
DiabeticRetinopathy -> Deceased,60_69,0.0202,North Africa and Middle East,F
DiabeticRetinopathy -> Deceased,70_79,0.0411,North Africa and Middle East,F
DiabeticRetinopathy -> Deceased,80_100,0.0835,North Africa and Middle East,F
Prevalence -> DiabeticRetinopathy,0_4,0.0002,North Africa and Middle East,F
Prevalence -> DiabeticRetinopathy,5_9,0.0,North Africa and Middle East,F
Prevalence -> DiabeticRetinopathy,10_14,0.0015,North Africa and Middle East,F
Prevalence -> DiabeticRetinopathy,15_19,0.0033,North Africa and Middle East,F
Prevalence -> DiabeticRetinopathy,20_24,0.0042,North Africa and Middle East,F
Prevalence -> DiabeticRetinopathy,25_29,0.0043,North Africa and Middle East,F
Prevalence -> DiabeticRetinopathy,30_39,0.0046,North Africa and Middle East,F
Prevalence -> DiabeticRetinopathy,40_49,0.007,North Africa and Middle East,F
Prevalence -> DiabeticRetinopathy,50_59,0.0116,North Africa and Middle East,F
Prevalence -> DiabeticRetinopathy,60_69,0.0211,North Africa and Middle East,F
Prevalence -> DiabeticRetinopathy,70_79,0.0269,North Africa and Middle East,F
Prevalence -> DiabeticRetinopathy,80_100,0.0269,North Africa and Middle East,F
LowerExtrmAmpt -> Disability,0_4,0.164,North Africa and Middle East,F
LowerExtrmAmpt -> Disability,5_9,0.164,North Africa and Middle East,F
LowerExtrmAmpt -> Disability,10_14,0.164,North Africa and Middle East,F
LowerExtrmAmpt -> Disability,15_19,0.164,North Africa and Middle East,F
LowerExtrmAmpt -> Disability,20_24,0.164,North Africa and Middle East,F
LowerExtrmAmpt -> Disability,25_29,0.164,North Africa and Middle East,F
LowerExtrmAmpt -> Disability,30_39,0.164,North Africa and Middle East,F
LowerExtrmAmpt -> Disability,40_49,0.164,North Africa and Middle East,F
LowerExtrmAmpt -> Disability,50_59,0.164,North Africa and Middle East,F
LowerExtrmAmpt -> Disability,60_69,0.164,North Africa and Middle East,F
LowerExtrmAmpt -> Disability,70_79,0.164,North Africa and Middle East,F
LowerExtrmAmpt -> Disability,80_100,0.164,North Africa and Middle East,F
LowerExtrmAmpt -> Deceased,0_4,0.0,North Africa and Middle East,F
LowerExtrmAmpt -> Deceased,5_9,0.0,North Africa and Middle East,F
LowerExtrmAmpt -> Deceased,10_14,0.0,North Africa and Middle East,F
LowerExtrmAmpt -> Deceased,15_19,0.0,North Africa and Middle East,F
LowerExtrmAmpt -> Deceased,20_24,0.0002,North Africa and Middle East,F
LowerExtrmAmpt -> Deceased,25_29,0.001,North Africa and Middle East,F
LowerExtrmAmpt -> Deceased,30_39,0.0032,North Africa and Middle East,F
LowerExtrmAmpt -> Deceased,40_49,0.006,North Africa and Middle East,F
LowerExtrmAmpt -> Deceased,50_59,0.0122,North Africa and Middle East,F
LowerExtrmAmpt -> Deceased,60_69,0.0208,North Africa and Middle East,F
LowerExtrmAmpt -> Deceased,70_79,0.0426,North Africa and Middle East,F
LowerExtrmAmpt -> Deceased,80_100,0.0858,North Africa and Middle East,F
Prevalence -> LowerExtrmAmpt,0_4,0.0,North Africa and Middle East,F
Prevalence -> LowerExtrmAmpt,5_9,0.0,North Africa and Middle East,F
Prevalence -> LowerExtrmAmpt,10_14,0.0,North Africa and Middle East,F
Prevalence -> LowerExtrmAmpt,15_19,0.0,North Africa and Middle East,F
Prevalence -> LowerExtrmAmpt,20_24,0.0002,North Africa and Middle East,F
Prevalence -> LowerExtrmAmpt,25_29,0.0006,North Africa and Middle East,F
Prevalence -> LowerExtrmAmpt,30_39,0.0018,North Africa and Middle East,F
Prevalence -> LowerExtrmAmpt,40_49,0.003,North Africa and Middle East,F
Prevalence -> LowerExtrmAmpt,50_59,0.0031,North Africa and Middle East,F
Prevalence -> LowerExtrmAmpt,60_69,0.0054,North Africa and Middle East,F
Prevalence -> LowerExtrmAmpt,70_79,0.0124,North Africa and Middle East,F
Prevalence -> LowerExtrmAmpt,80_100,0.0244,North Africa and Middle East,F
Disability -> Disability,0_4,0.0,North Africa and Middle East,F
Disability -> Disability,5_9,0.0,North Africa and Middle East,F
Disability -> Disability,10_14,0.0,North Africa and Middle East,F
Disability -> Disability,15_19,0.0,North Africa and Middle East,F
Disability -> Disability,20_24,0.0,North Africa and Middle East,F
Disability -> Disability,25_29,0.0,North Africa and Middle East,F
Disability -> Disability,30_39,0.0,North Africa and Middle East,F
Disability -> Disability,40_49,0.0,North Africa and Middle East,F
Disability -> Disability,50_59,0.0,North Africa and Middle East,F
Disability -> Disability,60_69,0.0,North Africa and Middle East,F
Disability -> Disability,70_79,0.0,North Africa and Middle East,F
Disability -> Disability,80_100,0.0,North Africa and Middle East,F
StdGlycControl -> DiabeticRetinopathy,0_4,-75.0,North Africa and Middle East,F
StdGlycControl -> DiabeticRetinopathy,5_9,-75.0,North Africa and Middle East,F
StdGlycControl -> DiabeticRetinopathy,10_14,-75.0,North Africa and Middle East,F
StdGlycControl -> DiabeticRetinopathy,15_19,-75.0,North Africa and Middle East,F
StdGlycControl -> DiabeticRetinopathy,20_24,-75.0,North Africa and Middle East,F
StdGlycControl -> DiabeticRetinopathy,25_29,-75.0,North Africa and Middle East,F
StdGlycControl -> DiabeticRetinopathy,30_39,-75.0,North Africa and Middle East,F
StdGlycControl -> DiabeticRetinopathy,40_49,-75.0,North Africa and Middle East,F
StdGlycControl -> DiabeticRetinopathy,50_59,-75.0,North Africa and Middle East,F
StdGlycControl -> DiabeticRetinopathy,60_69,-75.0,North Africa and Middle East,F
StdGlycControl -> DiabeticRetinopathy,70_79,-75.0,North Africa and Middle East,F
StdGlycControl -> DiabeticRetinopathy,80_100,-75.0,North Africa and Middle East,F
StdGlycControl -> LowerExtrmAmpt,0_4,-28.6,North Africa and Middle East,F
StdGlycControl -> LowerExtrmAmpt,5_9,-28.6,North Africa and Middle East,F
StdGlycControl -> LowerExtrmAmpt,10_14,-28.6,North Africa and Middle East,F
StdGlycControl -> LowerExtrmAmpt,15_19,-28.6,North Africa and Middle East,F
StdGlycControl -> LowerExtrmAmpt,20_24,-28.6,North Africa and Middle East,F
StdGlycControl -> LowerExtrmAmpt,25_29,-28.6,North Africa and Middle East,F
StdGlycControl -> LowerExtrmAmpt,30_39,-28.6,North Africa and Middle East,F
StdGlycControl -> LowerExtrmAmpt,40_49,-28.6,North Africa and Middle East,F
StdGlycControl -> LowerExtrmAmpt,50_59,-28.6,North Africa and Middle East,F
StdGlycControl -> LowerExtrmAmpt,60_69,-28.6,North Africa and Middle East,F
StdGlycControl -> LowerExtrmAmpt,70_79,-28.6,North Africa and Middle East,F
StdGlycControl -> LowerExtrmAmpt,80_100,-28.6,North Africa and Middle East,F
StdGlycControl -> DiabeticNephropathy,0_4,-39.0,North Africa and Middle East,F
StdGlycControl -> DiabeticNephropathy,5_9,-39.0,North Africa and Middle East,F
StdGlycControl -> DiabeticNephropathy,10_14,-39.0,North Africa and Middle East,F
StdGlycControl -> DiabeticNephropathy,15_19,-39.0,North Africa and Middle East,F
StdGlycControl -> DiabeticNephropathy,20_24,-39.0,North Africa and Middle East,F
StdGlycControl -> DiabeticNephropathy,25_29,-39.0,North Africa and Middle East,F
StdGlycControl -> DiabeticNephropathy,30_39,-39.0,North Africa and Middle East,F
StdGlycControl -> DiabeticNephropathy,40_49,-39.0,North Africa and Middle East,F
StdGlycControl -> DiabeticNephropathy,50_59,-39.0,North Africa and Middle East,F
StdGlycControl -> DiabeticNephropathy,60_69,-39.0,North Africa and Middle East,F
StdGlycControl -> DiabeticNephropathy,70_79,-39.0,North Africa and Middle East,F
StdGlycControl -> DiabeticNephropathy,80_100,-39.0,North Africa and Middle East,F
IntsvGlycControl -> DiabeticRetinopathy,0_4,-65.0,North Africa and Middle East,F
IntsvGlycControl -> DiabeticRetinopathy,5_9,-65.0,North Africa and Middle East,F
IntsvGlycControl -> DiabeticRetinopathy,10_14,-65.0,North Africa and Middle East,F
IntsvGlycControl -> DiabeticRetinopathy,15_19,-65.0,North Africa and Middle East,F
IntsvGlycControl -> DiabeticRetinopathy,20_24,-65.0,North Africa and Middle East,F
IntsvGlycControl -> DiabeticRetinopathy,25_29,-65.0,North Africa and Middle East,F
IntsvGlycControl -> DiabeticRetinopathy,30_39,-65.0,North Africa and Middle East,F
IntsvGlycControl -> DiabeticRetinopathy,40_49,-65.0,North Africa and Middle East,F
IntsvGlycControl -> DiabeticRetinopathy,50_59,-65.0,North Africa and Middle East,F
IntsvGlycControl -> DiabeticRetinopathy,60_69,-65.0,North Africa and Middle East,F
IntsvGlycControl -> DiabeticRetinopathy,70_79,-65.0,North Africa and Middle East,F
IntsvGlycControl -> DiabeticRetinopathy,80_100,-65.0,North Africa and Middle East,F
IntsvGlycControl -> LowerExtrmAmpt,0_4,-15.1,North Africa and Middle East,F
IntsvGlycControl -> LowerExtrmAmpt,5_9,-15.1,North Africa and Middle East,F
IntsvGlycControl -> LowerExtrmAmpt,10_14,-15.1,North Africa and Middle East,F
IntsvGlycControl -> LowerExtrmAmpt,15_19,-15.1,North Africa and Middle East,F
IntsvGlycControl -> LowerExtrmAmpt,20_24,-15.1,North Africa and Middle East,F
IntsvGlycControl -> LowerExtrmAmpt,25_29,-15.1,North Africa and Middle East,F
IntsvGlycControl -> LowerExtrmAmpt,30_39,-15.1,North Africa and Middle East,F
IntsvGlycControl -> LowerExtrmAmpt,40_49,-15.1,North Africa and Middle East,F
IntsvGlycControl -> LowerExtrmAmpt,50_59,-15.1,North Africa and Middle East,F
IntsvGlycControl -> LowerExtrmAmpt,60_69,-15.1,North Africa and Middle East,F
IntsvGlycControl -> LowerExtrmAmpt,70_79,-15.1,North Africa and Middle East,F
IntsvGlycControl -> LowerExtrmAmpt,80_100,-15.1,North Africa and Middle East,F
IntsvGlycControl -> DiabeticNephropathy,0_4,-39.0,North Africa and Middle East,F
IntsvGlycControl -> DiabeticNephropathy,5_9,-39.0,North Africa and Middle East,F
IntsvGlycControl -> DiabeticNephropathy,10_14,-39.0,North Africa and Middle East,F
IntsvGlycControl -> DiabeticNephropathy,15_19,-39.0,North Africa and Middle East,F
IntsvGlycControl -> DiabeticNephropathy,20_24,-39.0,North Africa and Middle East,F
IntsvGlycControl -> DiabeticNephropathy,25_29,-39.0,North Africa and Middle East,F
IntsvGlycControl -> DiabeticNephropathy,30_39,-39.0,North Africa and Middle East,F
IntsvGlycControl -> DiabeticNephropathy,40_49,-39.0,North Africa and Middle East,F
IntsvGlycControl -> DiabeticNephropathy,50_59,-39.0,North Africa and Middle East,F
IntsvGlycControl -> DiabeticNephropathy,60_69,-39.0,North Africa and Middle East,F
IntsvGlycControl -> DiabeticNephropathy,70_79,-39.0,North Africa and Middle East,F
IntsvGlycControl -> DiabeticNephropathy,80_100,-39.0,North Africa and Middle East,F
RetinopathyScrn -> DiabeticRetinopathy,0_4,-20.0,North Africa and Middle East,F
RetinopathyScrn -> DiabeticRetinopathy,5_9,-20.0,North Africa and Middle East,F
RetinopathyScrn -> DiabeticRetinopathy,10_14,-20.0,North Africa and Middle East,F
RetinopathyScrn -> DiabeticRetinopathy,15_19,-20.0,North Africa and Middle East,F
RetinopathyScrn -> DiabeticRetinopathy,20_24,-20.0,North Africa and Middle East,F
RetinopathyScrn -> DiabeticRetinopathy,25_29,-20.0,North Africa and Middle East,F
RetinopathyScrn -> DiabeticRetinopathy,30_39,-20.0,North Africa and Middle East,F
RetinopathyScrn -> DiabeticRetinopathy,40_49,-20.0,North Africa and Middle East,F
RetinopathyScrn -> DiabeticRetinopathy,50_59,-20.0,North Africa and Middle East,F
RetinopathyScrn -> DiabeticRetinopathy,60_69,-20.0,North Africa and Middle East,F
RetinopathyScrn -> DiabeticRetinopathy,70_79,-20.0,North Africa and Middle East,F
RetinopathyScrn -> DiabeticRetinopathy,80_100,-20.0,North Africa and Middle East,F
NeuropathyScr -> LowerExtrmAmpt,0_4,-35.0,North Africa and Middle East,F
NeuropathyScr -> LowerExtrmAmpt,5_9,-35.0,North Africa and Middle East,F
NeuropathyScr -> LowerExtrmAmpt,10_14,-35.0,North Africa and Middle East,F
NeuropathyScr -> LowerExtrmAmpt,15_19,-35.0,North Africa and Middle East,F
NeuropathyScr -> LowerExtrmAmpt,20_24,-35.0,North Africa and Middle East,F
NeuropathyScr -> LowerExtrmAmpt,25_29,-35.0,North Africa and Middle East,F
NeuropathyScr -> LowerExtrmAmpt,30_39,-35.0,North Africa and Middle East,F
NeuropathyScr -> LowerExtrmAmpt,40_49,-35.0,North Africa and Middle East,F
NeuropathyScr -> LowerExtrmAmpt,50_59,-35.0,North Africa and Middle East,F
NeuropathyScr -> LowerExtrmAmpt,60_69,-35.0,North Africa and Middle East,F
NeuropathyScr -> LowerExtrmAmpt,70_79,-35.0,North Africa and Middle East,F
NeuropathyScr -> LowerExtrmAmpt,80_100,-35.0,North Africa and Middle East,F
NephropathyScr -> DiabeticNephropathy,0_4,-24.0,North Africa and Middle East,F
NephropathyScr -> DiabeticNephropathy,5_9,-24.0,North Africa and Middle East,F
NephropathyScr -> DiabeticNephropathy,10_14,-24.0,North Africa and Middle East,F
NephropathyScr -> DiabeticNephropathy,15_19,-24.0,North Africa and Middle East,F
NephropathyScr -> DiabeticNephropathy,20_24,-24.0,North Africa and Middle East,F
NephropathyScr -> DiabeticNephropathy,25_29,-24.0,North Africa and Middle East,F
NephropathyScr -> DiabeticNephropathy,30_39,-24.0,North Africa and Middle East,F
NephropathyScr -> DiabeticNephropathy,40_49,-24.0,North Africa and Middle East,F
NephropathyScr -> DiabeticNephropathy,50_59,-24.0,North Africa and Middle East,F
NephropathyScr -> DiabeticNephropathy,60_69,-24.0,North Africa and Middle East,F
NephropathyScr -> DiabeticNephropathy,70_79,-24.0,North Africa and Middle East,F
NephropathyScr -> DiabeticNephropathy,80_100,-24.0,North Africa and Middle East,F
DiabeticNephropathy -> Disability,0_4,0.338,North Africa and Middle East,F
DiabeticNephropathy -> Disability,5_9,0.338,North Africa and Middle East,F
DiabeticNephropathy -> Disability,10_14,0.338,North Africa and Middle East,F
DiabeticNephropathy -> Disability,15_19,0.338,North Africa and Middle East,F
DiabeticNephropathy -> Disability,20_24,0.338,North Africa and Middle East,F
DiabeticNephropathy -> Disability,25_29,0.338,North Africa and Middle East,F
DiabeticNephropathy -> Disability,30_39,0.338,North Africa and Middle East,F
DiabeticNephropathy -> Disability,40_49,0.338,North Africa and Middle East,F
DiabeticNephropathy -> Disability,50_59,0.338,North Africa and Middle East,F
DiabeticNephropathy -> Disability,60_69,0.338,North Africa and Middle East,F
DiabeticNephropathy -> Disability,70_79,0.338,North Africa and Middle East,F
DiabeticNephropathy -> Disability,80_100,0.338,North Africa and Middle East,F
DiabeticNephropathy -> Deceased,0_4,0.0,North Africa and Middle East,F
DiabeticNephropathy -> Deceased,5_9,0.0,North Africa and Middle East,F
DiabeticNephropathy -> Deceased,10_14,0.0,North Africa and Middle East,F
DiabeticNephropathy -> Deceased,15_19,0.0,North Africa and Middle East,F
DiabeticNephropathy -> Deceased,20_24,0.00036770769071018885,North Africa and Middle East,F
DiabeticNephropathy -> Deceased,25_29,0.0011031230721305666,North Africa and Middle East,F
DiabeticNephropathy -> Deceased,30_39,0.002941661525681511,North Africa and Middle East,F
DiabeticNephropathy -> Deceased,40_49,0.005699469206007927,North Africa and Middle East,F
DiabeticNephropathy -> Deceased,50_59,0.011215084566660762,North Africa and Middle East,F
DiabeticNephropathy -> Deceased,60_69,0.01820153069015435,North Africa and Middle East,F
DiabeticNephropathy -> Deceased,70_79,0.03824159983385964,North Africa and Middle East,F
DiabeticNephropathy -> Deceased,80_100,0.07685090735842948,North Africa and Middle East,F
Prevalence -> DiabeticNephropathy,0_4,0.00428,North Africa and Middle East,F
Prevalence -> DiabeticNephropathy,5_9,0.00428,North Africa and Middle East,F
Prevalence -> DiabeticNephropathy,10_14,0.00436,North Africa and Middle East,F
Prevalence -> DiabeticNephropathy,15_19,0.004560000000000001,North Africa and Middle East,F
Prevalence -> DiabeticNephropathy,20_24,0.00496,North Africa and Middle East,F
Prevalence -> DiabeticNephropathy,25_29,0.006200000000000001,North Africa and Middle East,F
Prevalence -> DiabeticNephropathy,30_39,0.011000000000000001,North Africa and Middle East,F
Prevalence -> DiabeticNephropathy,40_49,0.020680000000000004,North Africa and Middle East,F
Prevalence -> DiabeticNephropathy,50_59,0.03332,North Africa and Middle East,F
Prevalence -> DiabeticNephropathy,60_69,0.04012,North Africa and Middle East,F
Prevalence -> DiabeticNephropathy,70_79,0.04916,North Africa and Middle East,F
Prevalence -> DiabeticNephropathy,80_100,0.08984,North Africa and Middle East,F
DsFreeSus -> Disability,0_4,0.03803126268333405,Oceania,M
DsFreeSus -> Disability,5_9,0.054100955893860325,Oceania,M
DsFreeSus -> Disability,10_14,0.07017064910438658,Oceania,M
DsFreeSus -> Disability,15_19,0.08624034231491286,Oceania,M
DsFreeSus -> Disability,20_24,0.10231003552543913,Oceania,M
DsFreeSus -> Disability,25_29,0.11837972873596539,Oceania,M
DsFreeSus -> Disability,30_39,0.14248426855175478,Oceania,M
DsFreeSus -> Disability,40_49,0.17462365497280735,Oceania,M
DsFreeSus -> Disability,50_59,0.20676304139385987,Oceania,M
DsFreeSus -> Disability,60_69,0.2389024278149124,Oceania,M
DsFreeSus -> Disability,70_79,0.2710418142359649,Oceania,M
DsFreeSus -> Disability,80_100,0.3112160472622806,Oceania,M
DsFreeSus -> Diabetes,0_4,0.0,Oceania,M
DsFreeSus -> Diabetes,5_9,0.0,Oceania,M
DsFreeSus -> Diabetes,10_14,2e-09,Oceania,M
DsFreeSus -> Diabetes,15_19,0.0004,Oceania,M
DsFreeSus -> Diabetes,20_24,0.001,Oceania,M
DsFreeSus -> Diabetes,25_29,0.0027,Oceania,M
DsFreeSus -> Diabetes,30_39,0.0054,Oceania,M
DsFreeSus -> Diabetes,40_49,0.0079,Oceania,M
DsFreeSus -> Diabetes,50_59,0.0101,Oceania,M
DsFreeSus -> Diabetes,60_69,0.0101,Oceania,M
DsFreeSus -> Diabetes,70_79,0.0159,Oceania,M
DsFreeSus -> Diabetes,80_100,0.0285,Oceania,M
Diabetes -> Disability,0_4,0.031,Oceania,M
Diabetes -> Disability,5_9,0.031,Oceania,M
Diabetes -> Disability,10_14,0.031,Oceania,M
Diabetes -> Disability,15_19,0.031,Oceania,M
Diabetes -> Disability,20_24,0.031,Oceania,M
Diabetes -> Disability,25_29,0.031,Oceania,M
Diabetes -> Disability,30_39,0.031,Oceania,M
Diabetes -> Disability,40_49,0.031,Oceania,M
Diabetes -> Disability,50_59,0.031,Oceania,M
Diabetes -> Disability,60_69,0.031,Oceania,M
Diabetes -> Disability,70_79,0.031,Oceania,M
Diabetes -> Disability,80_100,0.031,Oceania,M
Diabetes -> Deceased,0_4,0.0,Oceania,M
Diabetes -> Deceased,5_9,0.0,Oceania,M
Diabetes -> Deceased,10_14,0.0,Oceania,M
Diabetes -> Deceased,15_19,0.0,Oceania,M
Diabetes -> Deceased,20_24,0.0002443240469835142,Oceania,M
Diabetes -> Deceased,25_29,0.001099458211425814,Oceania,M
Diabetes -> Deceased,30_39,0.002809726540310414,Oceania,M
Diabetes -> Deceased,40_49,0.005314048021891434,Oceania,M
Diabetes -> Deceased,50_59,0.009834042891086447,Oceania,M
Diabetes -> Deceased,60_69,0.013498903595839162,Oceania,M
Diabetes -> Deceased,70_79,0.019423761735189383,Oceania,M
Diabetes -> Deceased,80_100,0.020095652864394044,Oceania,M
Diabetes -> DiabeticRetinopathy,0_4,0.0,Oceania,M
Diabetes -> DiabeticRetinopathy,5_9,0.0,Oceania,M
Diabetes -> DiabeticRetinopathy,10_14,0.0,Oceania,M
Diabetes -> DiabeticRetinopathy,15_19,0.0,Oceania,M
Diabetes -> DiabeticRetinopathy,20_24,0.00016578249336870026,Oceania,M
Diabetes -> DiabeticRetinopathy,25_29,7.018528916339136e-05,Oceania,M
Diabetes -> DiabeticRetinopathy,30_39,0.00016236778623121174,Oceania,M
Diabetes -> DiabeticRetinopathy,40_49,0.0008734785333156105,Oceania,M
Diabetes -> DiabeticRetinopathy,50_59,0.002120416301916156,Oceania,M
Diabetes -> DiabeticRetinopathy,60_69,0.003475670307845084,Oceania,M
Diabetes -> DiabeticRetinopathy,70_79,0.002519577800476677,Oceania,M
Diabetes -> DiabeticRetinopathy,80_100,0.0018046469659372885,Oceania,M
Diabetes -> LowerExtrmAmpt,0_4,0.0,Oceania,M
Diabetes -> LowerExtrmAmpt,5_9,0.0,Oceania,M
Diabetes -> LowerExtrmAmpt,10_14,7.309941520467836e-05,Oceania,M
Diabetes -> LowerExtrmAmpt,15_19,0.001678254615200192,Oceania,M
Diabetes -> LowerExtrmAmpt,20_24,0.004310344827586207,Oceania,M
Diabetes -> LowerExtrmAmpt,25_29,0.006948343627175744,Oceania,M
Diabetes -> LowerExtrmAmpt,30_39,0.007190573390239377,Oceania,M
Diabetes -> LowerExtrmAmpt,40_49,0.0020697643506826426,Oceania,M
Diabetes -> LowerExtrmAmpt,50_59,0.0011282949129462114,Oceania,M
Diabetes -> LowerExtrmAmpt,60_69,0.008440913604766634,Oceania,M
Diabetes -> LowerExtrmAmpt,70_79,0.0177732379979571,Oceania,M
Diabetes -> LowerExtrmAmpt,80_100,0.01714414617640424,Oceania,M
Diabetes -> DiabeticNephropathy,0_4,0.0,Oceania,M
Diabetes -> DiabeticNephropathy,5_9,0.0,Oceania,M
Diabetes -> DiabeticNephropathy,10_14,0.014,Oceania,M
Diabetes -> DiabeticNephropathy,15_19,0.014,Oceania,M
Diabetes -> DiabeticNephropathy,20_24,0.014,Oceania,M
Diabetes -> DiabeticNephropathy,25_29,0.014,Oceania,M
Diabetes -> DiabeticNephropathy,30_39,0.014,Oceania,M
Diabetes -> DiabeticNephropathy,40_49,0.014,Oceania,M
Diabetes -> DiabeticNephropathy,50_59,0.014,Oceania,M
Diabetes -> DiabeticNephropathy,60_69,0.014,Oceania,M
Diabetes -> DiabeticNephropathy,70_79,0.014,Oceania,M
Diabetes -> DiabeticNephropathy,80_100,0.014,Oceania,M
Prevalence -> Diabetes,0_4,0.0,Oceania,M
Prevalence -> Diabetes,5_9,0.0,Oceania,M
Prevalence -> Diabetes,10_14,0.0170067,Oceania,M
Prevalence -> Diabetes,15_19,0.0180312,Oceania,M
Prevalence -> Diabetes,20_24,0.020011900000000003,Oceania,M
Prevalence -> Diabetes,25_29,0.025680800000000004,Oceania,M
Prevalence -> Diabetes,30_39,0.0456244,Oceania,M
Prevalence -> Diabetes,40_49,0.0820966,Oceania,M
Prevalence -> Diabetes,50_59,0.12355470000000002,Oceania,M
Prevalence -> Diabetes,60_69,0.1581828,Oceania,M
Prevalence -> Diabetes,70_79,0.17860450000000003,Oceania,M
Prevalence -> Diabetes,80_100,0.2525051,Oceania,M
DiabeticRetinopathy -> Disability,0_4,0.338,Oceania,M
DiabeticRetinopathy -> Disability,5_9,0.338,Oceania,M
DiabeticRetinopathy -> Disability,10_14,0.338,Oceania,M
DiabeticRetinopathy -> Disability,15_19,0.338,Oceania,M
DiabeticRetinopathy -> Disability,20_24,0.338,Oceania,M
DiabeticRetinopathy -> Disability,25_29,0.338,Oceania,M
DiabeticRetinopathy -> Disability,30_39,0.338,Oceania,M
DiabeticRetinopathy -> Disability,40_49,0.338,Oceania,M
DiabeticRetinopathy -> Disability,50_59,0.338,Oceania,M
DiabeticRetinopathy -> Disability,60_69,0.338,Oceania,M
DiabeticRetinopathy -> Disability,70_79,0.338,Oceania,M
DiabeticRetinopathy -> Disability,80_100,0.338,Oceania,M
DiabeticRetinopathy -> Deceased,0_4,0.0,Oceania,M
DiabeticRetinopathy -> Deceased,5_9,0.0,Oceania,M
DiabeticRetinopathy -> Deceased,10_14,0.0,Oceania,M
DiabeticRetinopathy -> Deceased,15_19,0.0,Oceania,M
DiabeticRetinopathy -> Deceased,20_24,0.0005,Oceania,M
DiabeticRetinopathy -> Deceased,25_29,0.0028,Oceania,M
DiabeticRetinopathy -> Deceased,30_39,0.0091,Oceania,M
DiabeticRetinopathy -> Deceased,40_49,0.0185,Oceania,M
DiabeticRetinopathy -> Deceased,50_59,0.0334,Oceania,M
DiabeticRetinopathy -> Deceased,60_69,0.0451,Oceania,M
DiabeticRetinopathy -> Deceased,70_79,0.0627,Oceania,M
DiabeticRetinopathy -> Deceased,80_100,0.0656,Oceania,M
Prevalence -> DiabeticRetinopathy,0_4,0.0,Oceania,M
Prevalence -> DiabeticRetinopathy,5_9,0.0,Oceania,M
Prevalence -> DiabeticRetinopathy,10_14,0.0,Oceania,M
Prevalence -> DiabeticRetinopathy,15_19,0.0,Oceania,M
Prevalence -> DiabeticRetinopathy,20_24,0.0002,Oceania,M
Prevalence -> DiabeticRetinopathy,25_29,0.0002,Oceania,M
Prevalence -> DiabeticRetinopathy,30_39,0.0002,Oceania,M
Prevalence -> DiabeticRetinopathy,40_49,0.0006,Oceania,M
Prevalence -> DiabeticRetinopathy,50_59,0.0025,Oceania,M
Prevalence -> DiabeticRetinopathy,60_69,0.0068,Oceania,M
Prevalence -> DiabeticRetinopathy,70_79,0.0097,Oceania,M
Prevalence -> DiabeticRetinopathy,80_100,0.0097,Oceania,M
LowerExtrmAmpt -> Disability,0_4,0.164,Oceania,M
LowerExtrmAmpt -> Disability,5_9,0.164,Oceania,M
LowerExtrmAmpt -> Disability,10_14,0.164,Oceania,M
LowerExtrmAmpt -> Disability,15_19,0.164,Oceania,M
LowerExtrmAmpt -> Disability,20_24,0.164,Oceania,M
LowerExtrmAmpt -> Disability,25_29,0.164,Oceania,M
LowerExtrmAmpt -> Disability,30_39,0.164,Oceania,M
LowerExtrmAmpt -> Disability,40_49,0.164,Oceania,M
LowerExtrmAmpt -> Disability,50_59,0.164,Oceania,M
LowerExtrmAmpt -> Disability,60_69,0.164,Oceania,M
LowerExtrmAmpt -> Disability,70_79,0.164,Oceania,M
LowerExtrmAmpt -> Disability,80_100,0.164,Oceania,M
LowerExtrmAmpt -> Deceased,0_4,0.0,Oceania,M
LowerExtrmAmpt -> Deceased,5_9,0.0,Oceania,M
LowerExtrmAmpt -> Deceased,10_14,0.0,Oceania,M
LowerExtrmAmpt -> Deceased,15_19,0.0,Oceania,M
LowerExtrmAmpt -> Deceased,20_24,0.0006,Oceania,M
LowerExtrmAmpt -> Deceased,25_29,0.0028,Oceania,M
LowerExtrmAmpt -> Deceased,30_39,0.0093,Oceania,M
LowerExtrmAmpt -> Deceased,40_49,0.0173,Oceania,M
LowerExtrmAmpt -> Deceased,50_59,0.0321,Oceania,M
LowerExtrmAmpt -> Deceased,60_69,0.0456,Oceania,M
LowerExtrmAmpt -> Deceased,70_79,0.063,Oceania,M
LowerExtrmAmpt -> Deceased,80_100,0.0657,Oceania,M
Prevalence -> LowerExtrmAmpt,0_4,0.0,Oceania,M
Prevalence -> LowerExtrmAmpt,5_9,0.0,Oceania,M
Prevalence -> LowerExtrmAmpt,10_14,0.0,Oceania,M
Prevalence -> LowerExtrmAmpt,15_19,0.0001,Oceania,M
Prevalence -> LowerExtrmAmpt,20_24,0.0005,Oceania,M
Prevalence -> LowerExtrmAmpt,25_29,0.0014,Oceania,M
Prevalence -> LowerExtrmAmpt,30_39,0.0044,Oceania,M
Prevalence -> LowerExtrmAmpt,40_49,0.0074,Oceania,M
Prevalence -> LowerExtrmAmpt,50_59,0.0072,Oceania,M
Prevalence -> LowerExtrmAmpt,60_69,0.013,Oceania,M
Prevalence -> LowerExtrmAmpt,70_79,0.032,Oceania,M
Prevalence -> LowerExtrmAmpt,80_100,0.0631,Oceania,M
Disability -> Disability,0_4,0.0,Oceania,M
Disability -> Disability,5_9,0.0,Oceania,M
Disability -> Disability,10_14,0.0,Oceania,M
Disability -> Disability,15_19,0.0,Oceania,M
Disability -> Disability,20_24,0.0,Oceania,M
Disability -> Disability,25_29,0.0,Oceania,M
Disability -> Disability,30_39,0.0,Oceania,M
Disability -> Disability,40_49,0.0,Oceania,M
Disability -> Disability,50_59,0.0,Oceania,M
Disability -> Disability,60_69,0.0,Oceania,M
Disability -> Disability,70_79,0.0,Oceania,M
Disability -> Disability,80_100,0.0,Oceania,M
StdGlycControl -> DiabeticRetinopathy,0_4,-75.0,Oceania,M
StdGlycControl -> DiabeticRetinopathy,5_9,-75.0,Oceania,M
StdGlycControl -> DiabeticRetinopathy,10_14,-75.0,Oceania,M
StdGlycControl -> DiabeticRetinopathy,15_19,-75.0,Oceania,M
StdGlycControl -> DiabeticRetinopathy,20_24,-75.0,Oceania,M
StdGlycControl -> DiabeticRetinopathy,25_29,-75.0,Oceania,M
StdGlycControl -> DiabeticRetinopathy,30_39,-75.0,Oceania,M
StdGlycControl -> DiabeticRetinopathy,40_49,-75.0,Oceania,M
StdGlycControl -> DiabeticRetinopathy,50_59,-75.0,Oceania,M
StdGlycControl -> DiabeticRetinopathy,60_69,-75.0,Oceania,M
StdGlycControl -> DiabeticRetinopathy,70_79,-75.0,Oceania,M
StdGlycControl -> DiabeticRetinopathy,80_100,-75.0,Oceania,M
StdGlycControl -> LowerExtrmAmpt,0_4,-28.6,Oceania,M
StdGlycControl -> LowerExtrmAmpt,5_9,-28.6,Oceania,M
StdGlycControl -> LowerExtrmAmpt,10_14,-28.6,Oceania,M
StdGlycControl -> LowerExtrmAmpt,15_19,-28.6,Oceania,M
StdGlycControl -> LowerExtrmAmpt,20_24,-28.6,Oceania,M
StdGlycControl -> LowerExtrmAmpt,25_29,-28.6,Oceania,M
StdGlycControl -> LowerExtrmAmpt,30_39,-28.6,Oceania,M
StdGlycControl -> LowerExtrmAmpt,40_49,-28.6,Oceania,M
StdGlycControl -> LowerExtrmAmpt,50_59,-28.6,Oceania,M
StdGlycControl -> LowerExtrmAmpt,60_69,-28.6,Oceania,M
StdGlycControl -> LowerExtrmAmpt,70_79,-28.6,Oceania,M
StdGlycControl -> LowerExtrmAmpt,80_100,-28.6,Oceania,M
StdGlycControl -> DiabeticNephropathy,0_4,-39.0,Oceania,M
StdGlycControl -> DiabeticNephropathy,5_9,-39.0,Oceania,M
StdGlycControl -> DiabeticNephropathy,10_14,-39.0,Oceania,M
StdGlycControl -> DiabeticNephropathy,15_19,-39.0,Oceania,M
StdGlycControl -> DiabeticNephropathy,20_24,-39.0,Oceania,M
StdGlycControl -> DiabeticNephropathy,25_29,-39.0,Oceania,M
StdGlycControl -> DiabeticNephropathy,30_39,-39.0,Oceania,M
StdGlycControl -> DiabeticNephropathy,40_49,-39.0,Oceania,M
StdGlycControl -> DiabeticNephropathy,50_59,-39.0,Oceania,M
StdGlycControl -> DiabeticNephropathy,60_69,-39.0,Oceania,M
StdGlycControl -> DiabeticNephropathy,70_79,-39.0,Oceania,M
StdGlycControl -> DiabeticNephropathy,80_100,-39.0,Oceania,M
IntsvGlycControl -> DiabeticRetinopathy,0_4,-65.0,Oceania,M
IntsvGlycControl -> DiabeticRetinopathy,5_9,-65.0,Oceania,M
IntsvGlycControl -> DiabeticRetinopathy,10_14,-65.0,Oceania,M
IntsvGlycControl -> DiabeticRetinopathy,15_19,-65.0,Oceania,M
IntsvGlycControl -> DiabeticRetinopathy,20_24,-65.0,Oceania,M
IntsvGlycControl -> DiabeticRetinopathy,25_29,-65.0,Oceania,M
IntsvGlycControl -> DiabeticRetinopathy,30_39,-65.0,Oceania,M
IntsvGlycControl -> DiabeticRetinopathy,40_49,-65.0,Oceania,M
IntsvGlycControl -> DiabeticRetinopathy,50_59,-65.0,Oceania,M
IntsvGlycControl -> DiabeticRetinopathy,60_69,-65.0,Oceania,M
IntsvGlycControl -> DiabeticRetinopathy,70_79,-65.0,Oceania,M
IntsvGlycControl -> DiabeticRetinopathy,80_100,-65.0,Oceania,M
IntsvGlycControl -> LowerExtrmAmpt,0_4,-15.1,Oceania,M
IntsvGlycControl -> LowerExtrmAmpt,5_9,-15.1,Oceania,M
IntsvGlycControl -> LowerExtrmAmpt,10_14,-15.1,Oceania,M
IntsvGlycControl -> LowerExtrmAmpt,15_19,-15.1,Oceania,M
IntsvGlycControl -> LowerExtrmAmpt,20_24,-15.1,Oceania,M
IntsvGlycControl -> LowerExtrmAmpt,25_29,-15.1,Oceania,M
IntsvGlycControl -> LowerExtrmAmpt,30_39,-15.1,Oceania,M
IntsvGlycControl -> LowerExtrmAmpt,40_49,-15.1,Oceania,M
IntsvGlycControl -> LowerExtrmAmpt,50_59,-15.1,Oceania,M
IntsvGlycControl -> LowerExtrmAmpt,60_69,-15.1,Oceania,M
IntsvGlycControl -> LowerExtrmAmpt,70_79,-15.1,Oceania,M
IntsvGlycControl -> LowerExtrmAmpt,80_100,-15.1,Oceania,M
IntsvGlycControl -> DiabeticNephropathy,0_4,-39.0,Oceania,M
IntsvGlycControl -> DiabeticNephropathy,5_9,-39.0,Oceania,M
IntsvGlycControl -> DiabeticNephropathy,10_14,-39.0,Oceania,M
IntsvGlycControl -> DiabeticNephropathy,15_19,-39.0,Oceania,M
IntsvGlycControl -> DiabeticNephropathy,20_24,-39.0,Oceania,M
IntsvGlycControl -> DiabeticNephropathy,25_29,-39.0,Oceania,M
IntsvGlycControl -> DiabeticNephropathy,30_39,-39.0,Oceania,M
IntsvGlycControl -> DiabeticNephropathy,40_49,-39.0,Oceania,M
IntsvGlycControl -> DiabeticNephropathy,50_59,-39.0,Oceania,M
IntsvGlycControl -> DiabeticNephropathy,60_69,-39.0,Oceania,M
IntsvGlycControl -> DiabeticNephropathy,70_79,-39.0,Oceania,M
IntsvGlycControl -> DiabeticNephropathy,80_100,-39.0,Oceania,M
RetinopathyScrn -> DiabeticRetinopathy,0_4,-20.0,Oceania,M
RetinopathyScrn -> DiabeticRetinopathy,5_9,-20.0,Oceania,M
RetinopathyScrn -> DiabeticRetinopathy,10_14,-20.0,Oceania,M
RetinopathyScrn -> DiabeticRetinopathy,15_19,-20.0,Oceania,M
RetinopathyScrn -> DiabeticRetinopathy,20_24,-20.0,Oceania,M
RetinopathyScrn -> DiabeticRetinopathy,25_29,-20.0,Oceania,M
RetinopathyScrn -> DiabeticRetinopathy,30_39,-20.0,Oceania,M
RetinopathyScrn -> DiabeticRetinopathy,40_49,-20.0,Oceania,M
RetinopathyScrn -> DiabeticRetinopathy,50_59,-20.0,Oceania,M
RetinopathyScrn -> DiabeticRetinopathy,60_69,-20.0,Oceania,M
RetinopathyScrn -> DiabeticRetinopathy,70_79,-20.0,Oceania,M
RetinopathyScrn -> DiabeticRetinopathy,80_100,-20.0,Oceania,M
NeuropathyScr -> LowerExtrmAmpt,0_4,-35.0,Oceania,M
NeuropathyScr -> LowerExtrmAmpt,5_9,-35.0,Oceania,M
NeuropathyScr -> LowerExtrmAmpt,10_14,-35.0,Oceania,M
NeuropathyScr -> LowerExtrmAmpt,15_19,-35.0,Oceania,M
NeuropathyScr -> LowerExtrmAmpt,20_24,-35.0,Oceania,M
NeuropathyScr -> LowerExtrmAmpt,25_29,-35.0,Oceania,M
NeuropathyScr -> LowerExtrmAmpt,30_39,-35.0,Oceania,M
NeuropathyScr -> LowerExtrmAmpt,40_49,-35.0,Oceania,M
NeuropathyScr -> LowerExtrmAmpt,50_59,-35.0,Oceania,M
NeuropathyScr -> LowerExtrmAmpt,60_69,-35.0,Oceania,M
NeuropathyScr -> LowerExtrmAmpt,70_79,-35.0,Oceania,M
NeuropathyScr -> LowerExtrmAmpt,80_100,-35.0,Oceania,M
NephropathyScr -> DiabeticNephropathy,0_4,-24.0,Oceania,M
NephropathyScr -> DiabeticNephropathy,5_9,-24.0,Oceania,M
NephropathyScr -> DiabeticNephropathy,10_14,-24.0,Oceania,M
NephropathyScr -> DiabeticNephropathy,15_19,-24.0,Oceania,M
NephropathyScr -> DiabeticNephropathy,20_24,-24.0,Oceania,M
NephropathyScr -> DiabeticNephropathy,25_29,-24.0,Oceania,M
NephropathyScr -> DiabeticNephropathy,30_39,-24.0,Oceania,M
NephropathyScr -> DiabeticNephropathy,40_49,-24.0,Oceania,M
NephropathyScr -> DiabeticNephropathy,50_59,-24.0,Oceania,M
NephropathyScr -> DiabeticNephropathy,60_69,-24.0,Oceania,M
NephropathyScr -> DiabeticNephropathy,70_79,-24.0,Oceania,M
NephropathyScr -> DiabeticNephropathy,80_100,-24.0,Oceania,M
DiabeticNephropathy -> Disability,0_4,0.338,Oceania,M
DiabeticNephropathy -> Disability,5_9,0.338,Oceania,M
DiabeticNephropathy -> Disability,10_14,0.338,Oceania,M
DiabeticNephropathy -> Disability,15_19,0.338,Oceania,M
DiabeticNephropathy -> Disability,20_24,0.338,Oceania,M
DiabeticNephropathy -> Disability,25_29,0.338,Oceania,M
DiabeticNephropathy -> Disability,30_39,0.338,Oceania,M
DiabeticNephropathy -> Disability,40_49,0.338,Oceania,M
DiabeticNephropathy -> Disability,50_59,0.338,Oceania,M
DiabeticNephropathy -> Disability,60_69,0.338,Oceania,M
DiabeticNephropathy -> Disability,70_79,0.338,Oceania,M
DiabeticNephropathy -> Disability,80_100,0.338,Oceania,M
DiabeticNephropathy -> Deceased,0_4,0.0,Oceania,M
DiabeticNephropathy -> Deceased,5_9,0.0,Oceania,M
DiabeticNephropathy -> Deceased,10_14,0.0,Oceania,M
DiabeticNephropathy -> Deceased,15_19,0.0,Oceania,M
DiabeticNephropathy -> Deceased,20_24,0.0007354153814203777,Oceania,M
DiabeticNephropathy -> Deceased,25_29,0.0033093692163916996,Oceania,M
DiabeticNephropathy -> Deceased,30_39,0.008457276886334346,Oceania,M
DiabeticNephropathy -> Deceased,40_49,0.015995284545893215,Oceania,M
DiabeticNephropathy -> Deceased,50_59,0.029600469102170204,Oceania,M
DiabeticNephropathy -> Deceased,60_69,0.04063169982347588,Oceania,M
DiabeticNephropathy -> Deceased,70_79,0.05846552282292004,Oceania,M
DiabeticNephropathy -> Deceased,80_100,0.060487915121826066,Oceania,M
Prevalence -> DiabeticNephropathy,0_4,0.00428,Oceania,M
Prevalence -> DiabeticNephropathy,5_9,0.00428,Oceania,M
Prevalence -> DiabeticNephropathy,10_14,0.00436,Oceania,M
Prevalence -> DiabeticNephropathy,15_19,0.004560000000000001,Oceania,M
Prevalence -> DiabeticNephropathy,20_24,0.00496,Oceania,M
Prevalence -> DiabeticNephropathy,25_29,0.006200000000000001,Oceania,M
Prevalence -> DiabeticNephropathy,30_39,0.011000000000000001,Oceania,M
Prevalence -> DiabeticNephropathy,40_49,0.020680000000000004,Oceania,M
Prevalence -> DiabeticNephropathy,50_59,0.03332,Oceania,M
Prevalence -> DiabeticNephropathy,60_69,0.04012,Oceania,M
Prevalence -> DiabeticNephropathy,70_79,0.04916,Oceania,M
Prevalence -> DiabeticNephropathy,80_100,0.08984,Oceania,M
DsFreeSus -> Disability,0_4,0.03626728890979219,Oceania,F
DsFreeSus -> Disability,5_9,0.05295047325172644,Oceania,F
DsFreeSus -> Disability,10_14,0.0696336575936607,Oceania,F
DsFreeSus -> Disability,15_19,0.08631684193559497,Oceania,F
DsFreeSus -> Disability,20_24,0.10300002627752923,Oceania,F
DsFreeSus -> Disability,25_29,0.11968321061946349,Oceania,F
DsFreeSus -> Disability,30_39,0.14470798713236488,Oceania,F
DsFreeSus -> Disability,40_49,0.1780743558162334,Oceania,F
DsFreeSus -> Disability,50_59,0.21144072450010193,Oceania,F
DsFreeSus -> Disability,60_69,0.24480709318397043,Oceania,F
DsFreeSus -> Disability,70_79,0.278173461867839,Oceania,F
DsFreeSus -> Disability,80_100,0.3198814227226746,Oceania,F
DsFreeSus -> Diabetes,0_4,0.0,Oceania,F
DsFreeSus -> Diabetes,5_9,0.0,Oceania,F
DsFreeSus -> Diabetes,10_14,1e-09,Oceania,F
DsFreeSus -> Diabetes,15_19,0.0003,Oceania,F
DsFreeSus -> Diabetes,20_24,0.0008,Oceania,F
DsFreeSus -> Diabetes,25_29,0.0025,Oceania,F
DsFreeSus -> Diabetes,30_39,0.0052,Oceania,F
DsFreeSus -> Diabetes,40_49,0.0084,Oceania,F
DsFreeSus -> Diabetes,50_59,0.0103,Oceania,F
DsFreeSus -> Diabetes,60_69,0.0077,Oceania,F
DsFreeSus -> Diabetes,70_79,0.0158,Oceania,F
DsFreeSus -> Diabetes,80_100,0.0326,Oceania,F
Diabetes -> Disability,0_4,0.031,Oceania,F
Diabetes -> Disability,5_9,0.031,Oceania,F
Diabetes -> Disability,10_14,0.031,Oceania,F
Diabetes -> Disability,15_19,0.031,Oceania,F
Diabetes -> Disability,20_24,0.031,Oceania,F
Diabetes -> Disability,25_29,0.031,Oceania,F
Diabetes -> Disability,30_39,0.031,Oceania,F
Diabetes -> Disability,40_49,0.031,Oceania,F
Diabetes -> Disability,50_59,0.031,Oceania,F
Diabetes -> Disability,60_69,0.031,Oceania,F
Diabetes -> Disability,70_79,0.031,Oceania,F
Diabetes -> Disability,80_100,0.031,Oceania,F
Diabetes -> Deceased,0_4,0.0,Oceania,F
Diabetes -> Deceased,5_9,0.0,Oceania,F
Diabetes -> Deceased,10_14,0.0,Oceania,F
Diabetes -> Deceased,15_19,0.0,Oceania,F
Diabetes -> Deceased,20_24,0.00018324303523763565,Oceania,F
Diabetes -> Deceased,25_29,0.0009162151761881784,Oceania,F
Diabetes -> Deceased,30_39,0.0023821594580892636,Oceania,F
Diabetes -> Deceased,40_49,0.0039091847517362275,Oceania,F
Diabetes -> Deceased,50_59,0.006596749268554885,Oceania,F
Diabetes -> Deceased,60_69,0.008673503667914756,Oceania,F
Diabetes -> Deceased,70_79,0.013254579548855647,Oceania,F
Diabetes -> Deceased,80_100,0.016369711147895455,Oceania,F
Diabetes -> DiabeticRetinopathy,0_4,0.0,Oceania,F
Diabetes -> DiabeticRetinopathy,5_9,0.0,Oceania,F
Diabetes -> DiabeticRetinopathy,10_14,0.0008235382196601033,Oceania,F
Diabetes -> DiabeticRetinopathy,15_19,0.00016504373659019642,Oceania,F
Diabetes -> DiabeticRetinopathy,20_24,8.7070091423596e-05,Oceania,F
Diabetes -> DiabeticRetinopathy,25_29,0.00014869888475836432,Oceania,F
Diabetes -> DiabeticRetinopathy,30_39,0.000770684168655529,Oceania,F
Diabetes -> DiabeticRetinopathy,40_49,0.0018867924528301887,Oceania,F
Diabetes -> DiabeticRetinopathy,50_59,0.0030937778667491675,Oceania,F
Diabetes -> DiabeticRetinopathy,60_69,0.004966717869943677,Oceania,F
Diabetes -> DiabeticRetinopathy,70_79,0.00301558906210069,Oceania,F
Diabetes -> DiabeticRetinopathy,80_100,0.002669452181987001,Oceania,F
Diabetes -> LowerExtrmAmpt,0_4,0.0,Oceania,F
Diabetes -> LowerExtrmAmpt,5_9,0.0,Oceania,F
Diabetes -> LowerExtrmAmpt,10_14,7.48671108781912e-05,Oceania,F
Diabetes -> LowerExtrmAmpt,15_19,0.0009902624195411785,Oceania,F
Diabetes -> LowerExtrmAmpt,20_24,0.002699172834131476,Oceania,F
Diabetes -> LowerExtrmAmpt,25_29,0.004609665427509293,Oceania,F
Diabetes -> LowerExtrmAmpt,30_39,0.004897573587907717,Oceania,F
Diabetes -> LowerExtrmAmpt,40_49,0.0012254425209103287,Oceania,F
Diabetes -> LowerExtrmAmpt,50_59,0.0005095634133469217,Oceania,F
Diabetes -> LowerExtrmAmpt,60_69,0.004838709677419355,Oceania,F
Diabetes -> LowerExtrmAmpt,70_79,0.010273447482749809,Oceania,F
Diabetes -> LowerExtrmAmpt,80_100,0.009401114206128134,Oceania,F
Diabetes -> DiabeticNephropathy,0_4,0.0,Oceania,F
Diabetes -> DiabeticNephropathy,5_9,0.0,Oceania,F
Diabetes -> DiabeticNephropathy,10_14,0.014,Oceania,F
Diabetes -> DiabeticNephropathy,15_19,0.014,Oceania,F
Diabetes -> DiabeticNephropathy,20_24,0.014,Oceania,F
Diabetes -> DiabeticNephropathy,25_29,0.014,Oceania,F
Diabetes -> DiabeticNephropathy,30_39,0.014,Oceania,F
Diabetes -> DiabeticNephropathy,40_49,0.014,Oceania,F
Diabetes -> DiabeticNephropathy,50_59,0.014,Oceania,F
Diabetes -> DiabeticNephropathy,60_69,0.014,Oceania,F
Diabetes -> DiabeticNephropathy,70_79,0.014,Oceania,F
Diabetes -> DiabeticNephropathy,80_100,0.014,Oceania,F
Prevalence -> Diabetes,0_4,0.0173482,Oceania,F
Prevalence -> Diabetes,5_9,0.0174848,Oceania,F
Prevalence -> Diabetes,10_14,0.017758,Oceania,F
Prevalence -> Diabetes,15_19,0.0185093,Oceania,F
Prevalence -> Diabetes,20_24,0.020011900000000003,Oceania,F
Prevalence -> Diabetes,25_29,0.025202700000000005,Oceania,F
Prevalence -> Diabetes,30_39,0.044395000000000004,Oceania,F
Prevalence -> Diabetes,40_49,0.08250640000000001,Oceania,F
Prevalence -> Diabetes,50_59,0.13004320000000003,Oceania,F
Prevalence -> Diabetes,60_69,0.1651494,Oceania,F
Prevalence -> Diabetes,70_79,0.1846149,Oceania,F
Prevalence -> Diabetes,80_100,0.2818741,Oceania,F
DiabeticRetinopathy -> Disability,0_4,0.338,Oceania,F
DiabeticRetinopathy -> Disability,5_9,0.338,Oceania,F
DiabeticRetinopathy -> Disability,10_14,0.338,Oceania,F
DiabeticRetinopathy -> Disability,15_19,0.338,Oceania,F
DiabeticRetinopathy -> Disability,20_24,0.338,Oceania,F
DiabeticRetinopathy -> Disability,25_29,0.338,Oceania,F
DiabeticRetinopathy -> Disability,30_39,0.338,Oceania,F
DiabeticRetinopathy -> Disability,40_49,0.338,Oceania,F
DiabeticRetinopathy -> Disability,50_59,0.338,Oceania,F
DiabeticRetinopathy -> Disability,60_69,0.338,Oceania,F
DiabeticRetinopathy -> Disability,70_79,0.338,Oceania,F
DiabeticRetinopathy -> Disability,80_100,0.338,Oceania,F
DiabeticRetinopathy -> Deceased,0_4,0.0,Oceania,F
DiabeticRetinopathy -> Deceased,5_9,0.0,Oceania,F
DiabeticRetinopathy -> Deceased,10_14,0.0,Oceania,F
DiabeticRetinopathy -> Deceased,15_19,0.0,Oceania,F
DiabeticRetinopathy -> Deceased,20_24,0.0004,Oceania,F
DiabeticRetinopathy -> Deceased,25_29,0.0022,Oceania,F
DiabeticRetinopathy -> Deceased,30_39,0.0078,Oceania,F
DiabeticRetinopathy -> Deceased,40_49,0.0133,Oceania,F
DiabeticRetinopathy -> Deceased,50_59,0.0219,Oceania,F
DiabeticRetinopathy -> Deceased,60_69,0.029,Oceania,F
DiabeticRetinopathy -> Deceased,70_79,0.0428,Oceania,F
DiabeticRetinopathy -> Deceased,80_100,0.0527,Oceania,F
Prevalence -> DiabeticRetinopathy,0_4,0.0,Oceania,F
Prevalence -> DiabeticRetinopathy,5_9,0.0,Oceania,F
Prevalence -> DiabeticRetinopathy,10_14,0.0002,Oceania,F
Prevalence -> DiabeticRetinopathy,15_19,0.0003,Oceania,F
Prevalence -> DiabeticRetinopathy,20_24,0.0003,Oceania,F
Prevalence -> DiabeticRetinopathy,25_29,0.0003,Oceania,F
Prevalence -> DiabeticRetinopathy,30_39,0.0004,Oceania,F
Prevalence -> DiabeticRetinopathy,40_49,0.0016,Oceania,F
Prevalence -> DiabeticRetinopathy,50_59,0.005,Oceania,F
Prevalence -> DiabeticRetinopathy,60_69,0.0119,Oceania,F
Prevalence -> DiabeticRetinopathy,70_79,0.017,Oceania,F
Prevalence -> DiabeticRetinopathy,80_100,0.0179,Oceania,F
LowerExtrmAmpt -> Disability,0_4,0.164,Oceania,F
LowerExtrmAmpt -> Disability,5_9,0.164,Oceania,F
LowerExtrmAmpt -> Disability,10_14,0.164,Oceania,F
LowerExtrmAmpt -> Disability,15_19,0.164,Oceania,F
LowerExtrmAmpt -> Disability,20_24,0.164,Oceania,F
LowerExtrmAmpt -> Disability,25_29,0.164,Oceania,F
LowerExtrmAmpt -> Disability,30_39,0.164,Oceania,F
LowerExtrmAmpt -> Disability,40_49,0.164,Oceania,F
LowerExtrmAmpt -> Disability,50_59,0.164,Oceania,F
LowerExtrmAmpt -> Disability,60_69,0.164,Oceania,F
LowerExtrmAmpt -> Disability,70_79,0.164,Oceania,F
LowerExtrmAmpt -> Disability,80_100,0.164,Oceania,F
LowerExtrmAmpt -> Deceased,0_4,0.0,Oceania,F
LowerExtrmAmpt -> Deceased,5_9,0.0,Oceania,F
LowerExtrmAmpt -> Deceased,10_14,0.0,Oceania,F
LowerExtrmAmpt -> Deceased,15_19,0.0,Oceania,F
LowerExtrmAmpt -> Deceased,20_24,0.0004,Oceania,F
LowerExtrmAmpt -> Deceased,25_29,0.0024,Oceania,F
LowerExtrmAmpt -> Deceased,30_39,0.0078,Oceania,F
LowerExtrmAmpt -> Deceased,40_49,0.0128,Oceania,F
LowerExtrmAmpt -> Deceased,50_59,0.0215,Oceania,F
LowerExtrmAmpt -> Deceased,60_69,0.0294,Oceania,F
LowerExtrmAmpt -> Deceased,70_79,0.0433,Oceania,F
LowerExtrmAmpt -> Deceased,80_100,0.053,Oceania,F
Prevalence -> LowerExtrmAmpt,0_4,0.0,Oceania,F
Prevalence -> LowerExtrmAmpt,5_9,0.0,Oceania,F
Prevalence -> LowerExtrmAmpt,10_14,0.0,Oceania,F
Prevalence -> LowerExtrmAmpt,15_19,0.0001,Oceania,F
Prevalence -> LowerExtrmAmpt,20_24,0.0003,Oceania,F
Prevalence -> LowerExtrmAmpt,25_29,0.0009,Oceania,F
Prevalence -> LowerExtrmAmpt,30_39,0.0029,Oceania,F
Prevalence -> LowerExtrmAmpt,40_49,0.0049,Oceania,F
Prevalence -> LowerExtrmAmpt,50_59,0.0049,Oceania,F
Prevalence -> LowerExtrmAmpt,60_69,0.0087,Oceania,F
Prevalence -> LowerExtrmAmpt,70_79,0.0217,Oceania,F
Prevalence -> LowerExtrmAmpt,80_100,0.0437,Oceania,F
Disability -> Disability,0_4,0.0,Oceania,F
Disability -> Disability,5_9,0.0,Oceania,F
Disability -> Disability,10_14,0.0,Oceania,F
Disability -> Disability,15_19,0.0,Oceania,F
Disability -> Disability,20_24,0.0,Oceania,F
Disability -> Disability,25_29,0.0,Oceania,F
Disability -> Disability,30_39,0.0,Oceania,F
Disability -> Disability,40_49,0.0,Oceania,F
Disability -> Disability,50_59,0.0,Oceania,F
Disability -> Disability,60_69,0.0,Oceania,F
Disability -> Disability,70_79,0.0,Oceania,F
Disability -> Disability,80_100,0.0,Oceania,F
StdGlycControl -> DiabeticRetinopathy,0_4,-75.0,Oceania,F
StdGlycControl -> DiabeticRetinopathy,5_9,-75.0,Oceania,F
StdGlycControl -> DiabeticRetinopathy,10_14,-75.0,Oceania,F
StdGlycControl -> DiabeticRetinopathy,15_19,-75.0,Oceania,F
StdGlycControl -> DiabeticRetinopathy,20_24,-75.0,Oceania,F
StdGlycControl -> DiabeticRetinopathy,25_29,-75.0,Oceania,F
StdGlycControl -> DiabeticRetinopathy,30_39,-75.0,Oceania,F
StdGlycControl -> DiabeticRetinopathy,40_49,-75.0,Oceania,F
StdGlycControl -> DiabeticRetinopathy,50_59,-75.0,Oceania,F
StdGlycControl -> DiabeticRetinopathy,60_69,-75.0,Oceania,F
StdGlycControl -> DiabeticRetinopathy,70_79,-75.0,Oceania,F
StdGlycControl -> DiabeticRetinopathy,80_100,-75.0,Oceania,F
StdGlycControl -> LowerExtrmAmpt,0_4,-28.6,Oceania,F
StdGlycControl -> LowerExtrmAmpt,5_9,-28.6,Oceania,F
StdGlycControl -> LowerExtrmAmpt,10_14,-28.6,Oceania,F
StdGlycControl -> LowerExtrmAmpt,15_19,-28.6,Oceania,F
StdGlycControl -> LowerExtrmAmpt,20_24,-28.6,Oceania,F
StdGlycControl -> LowerExtrmAmpt,25_29,-28.6,Oceania,F
StdGlycControl -> LowerExtrmAmpt,30_39,-28.6,Oceania,F
StdGlycControl -> LowerExtrmAmpt,40_49,-28.6,Oceania,F
StdGlycControl -> LowerExtrmAmpt,50_59,-28.6,Oceania,F
StdGlycControl -> LowerExtrmAmpt,60_69,-28.6,Oceania,F
StdGlycControl -> LowerExtrmAmpt,70_79,-28.6,Oceania,F
StdGlycControl -> LowerExtrmAmpt,80_100,-28.6,Oceania,F
StdGlycControl -> DiabeticNephropathy,0_4,-39.0,Oceania,F
StdGlycControl -> DiabeticNephropathy,5_9,-39.0,Oceania,F
StdGlycControl -> DiabeticNephropathy,10_14,-39.0,Oceania,F
StdGlycControl -> DiabeticNephropathy,15_19,-39.0,Oceania,F
StdGlycControl -> DiabeticNephropathy,20_24,-39.0,Oceania,F
StdGlycControl -> DiabeticNephropathy,25_29,-39.0,Oceania,F
StdGlycControl -> DiabeticNephropathy,30_39,-39.0,Oceania,F
StdGlycControl -> DiabeticNephropathy,40_49,-39.0,Oceania,F
StdGlycControl -> DiabeticNephropathy,50_59,-39.0,Oceania,F
StdGlycControl -> DiabeticNephropathy,60_69,-39.0,Oceania,F
StdGlycControl -> DiabeticNephropathy,70_79,-39.0,Oceania,F
StdGlycControl -> DiabeticNephropathy,80_100,-39.0,Oceania,F
IntsvGlycControl -> DiabeticRetinopathy,0_4,-65.0,Oceania,F
IntsvGlycControl -> DiabeticRetinopathy,5_9,-65.0,Oceania,F
IntsvGlycControl -> DiabeticRetinopathy,10_14,-65.0,Oceania,F
IntsvGlycControl -> DiabeticRetinopathy,15_19,-65.0,Oceania,F
IntsvGlycControl -> DiabeticRetinopathy,20_24,-65.0,Oceania,F
IntsvGlycControl -> DiabeticRetinopathy,25_29,-65.0,Oceania,F
IntsvGlycControl -> DiabeticRetinopathy,30_39,-65.0,Oceania,F
IntsvGlycControl -> DiabeticRetinopathy,40_49,-65.0,Oceania,F
IntsvGlycControl -> DiabeticRetinopathy,50_59,-65.0,Oceania,F
IntsvGlycControl -> DiabeticRetinopathy,60_69,-65.0,Oceania,F
IntsvGlycControl -> DiabeticRetinopathy,70_79,-65.0,Oceania,F
IntsvGlycControl -> DiabeticRetinopathy,80_100,-65.0,Oceania,F
IntsvGlycControl -> LowerExtrmAmpt,0_4,-15.1,Oceania,F
IntsvGlycControl -> LowerExtrmAmpt,5_9,-15.1,Oceania,F
IntsvGlycControl -> LowerExtrmAmpt,10_14,-15.1,Oceania,F
IntsvGlycControl -> LowerExtrmAmpt,15_19,-15.1,Oceania,F
IntsvGlycControl -> LowerExtrmAmpt,20_24,-15.1,Oceania,F
IntsvGlycControl -> LowerExtrmAmpt,25_29,-15.1,Oceania,F
IntsvGlycControl -> LowerExtrmAmpt,30_39,-15.1,Oceania,F
IntsvGlycControl -> LowerExtrmAmpt,40_49,-15.1,Oceania,F
IntsvGlycControl -> LowerExtrmAmpt,50_59,-15.1,Oceania,F
IntsvGlycControl -> LowerExtrmAmpt,60_69,-15.1,Oceania,F
IntsvGlycControl -> LowerExtrmAmpt,70_79,-15.1,Oceania,F
IntsvGlycControl -> LowerExtrmAmpt,80_100,-15.1,Oceania,F
IntsvGlycControl -> DiabeticNephropathy,0_4,-39.0,Oceania,F
IntsvGlycControl -> DiabeticNephropathy,5_9,-39.0,Oceania,F
IntsvGlycControl -> DiabeticNephropathy,10_14,-39.0,Oceania,F
IntsvGlycControl -> DiabeticNephropathy,15_19,-39.0,Oceania,F
IntsvGlycControl -> DiabeticNephropathy,20_24,-39.0,Oceania,F
IntsvGlycControl -> DiabeticNephropathy,25_29,-39.0,Oceania,F
IntsvGlycControl -> DiabeticNephropathy,30_39,-39.0,Oceania,F
IntsvGlycControl -> DiabeticNephropathy,40_49,-39.0,Oceania,F
IntsvGlycControl -> DiabeticNephropathy,50_59,-39.0,Oceania,F
IntsvGlycControl -> DiabeticNephropathy,60_69,-39.0,Oceania,F
IntsvGlycControl -> DiabeticNephropathy,70_79,-39.0,Oceania,F
IntsvGlycControl -> DiabeticNephropathy,80_100,-39.0,Oceania,F
RetinopathyScrn -> DiabeticRetinopathy,0_4,-20.0,Oceania,F
RetinopathyScrn -> DiabeticRetinopathy,5_9,-20.0,Oceania,F
RetinopathyScrn -> DiabeticRetinopathy,10_14,-20.0,Oceania,F
RetinopathyScrn -> DiabeticRetinopathy,15_19,-20.0,Oceania,F
RetinopathyScrn -> DiabeticRetinopathy,20_24,-20.0,Oceania,F
RetinopathyScrn -> DiabeticRetinopathy,25_29,-20.0,Oceania,F
RetinopathyScrn -> DiabeticRetinopathy,30_39,-20.0,Oceania,F
RetinopathyScrn -> DiabeticRetinopathy,40_49,-20.0,Oceania,F
RetinopathyScrn -> DiabeticRetinopathy,50_59,-20.0,Oceania,F
RetinopathyScrn -> DiabeticRetinopathy,60_69,-20.0,Oceania,F
RetinopathyScrn -> DiabeticRetinopathy,70_79,-20.0,Oceania,F
RetinopathyScrn -> DiabeticRetinopathy,80_100,-20.0,Oceania,F
NeuropathyScr -> LowerExtrmAmpt,0_4,-35.0,Oceania,F
NeuropathyScr -> LowerExtrmAmpt,5_9,-35.0,Oceania,F
NeuropathyScr -> LowerExtrmAmpt,10_14,-35.0,Oceania,F
NeuropathyScr -> LowerExtrmAmpt,15_19,-35.0,Oceania,F
NeuropathyScr -> LowerExtrmAmpt,20_24,-35.0,Oceania,F
NeuropathyScr -> LowerExtrmAmpt,25_29,-35.0,Oceania,F
NeuropathyScr -> LowerExtrmAmpt,30_39,-35.0,Oceania,F
NeuropathyScr -> LowerExtrmAmpt,40_49,-35.0,Oceania,F
NeuropathyScr -> LowerExtrmAmpt,50_59,-35.0,Oceania,F
NeuropathyScr -> LowerExtrmAmpt,60_69,-35.0,Oceania,F
NeuropathyScr -> LowerExtrmAmpt,70_79,-35.0,Oceania,F
NeuropathyScr -> LowerExtrmAmpt,80_100,-35.0,Oceania,F
NephropathyScr -> DiabeticNephropathy,0_4,-24.0,Oceania,F
NephropathyScr -> DiabeticNephropathy,5_9,-24.0,Oceania,F
NephropathyScr -> DiabeticNephropathy,10_14,-24.0,Oceania,F
NephropathyScr -> DiabeticNephropathy,15_19,-24.0,Oceania,F
NephropathyScr -> DiabeticNephropathy,20_24,-24.0,Oceania,F
NephropathyScr -> DiabeticNephropathy,25_29,-24.0,Oceania,F
NephropathyScr -> DiabeticNephropathy,30_39,-24.0,Oceania,F
NephropathyScr -> DiabeticNephropathy,40_49,-24.0,Oceania,F
NephropathyScr -> DiabeticNephropathy,50_59,-24.0,Oceania,F
NephropathyScr -> DiabeticNephropathy,60_69,-24.0,Oceania,F
NephropathyScr -> DiabeticNephropathy,70_79,-24.0,Oceania,F
NephropathyScr -> DiabeticNephropathy,80_100,-24.0,Oceania,F
DiabeticNephropathy -> Disability,0_4,0.338,Oceania,F
DiabeticNephropathy -> Disability,5_9,0.338,Oceania,F
DiabeticNephropathy -> Disability,10_14,0.338,Oceania,F
DiabeticNephropathy -> Disability,15_19,0.338,Oceania,F
DiabeticNephropathy -> Disability,20_24,0.338,Oceania,F
DiabeticNephropathy -> Disability,25_29,0.338,Oceania,F
DiabeticNephropathy -> Disability,30_39,0.338,Oceania,F
DiabeticNephropathy -> Disability,40_49,0.338,Oceania,F
DiabeticNephropathy -> Disability,50_59,0.338,Oceania,F
DiabeticNephropathy -> Disability,60_69,0.338,Oceania,F
DiabeticNephropathy -> Disability,70_79,0.338,Oceania,F
DiabeticNephropathy -> Disability,80_100,0.338,Oceania,F
DiabeticNephropathy -> Deceased,0_4,0.0,Oceania,F
DiabeticNephropathy -> Deceased,5_9,0.0,Oceania,F
DiabeticNephropathy -> Deceased,10_14,0.0,Oceania,F
DiabeticNephropathy -> Deceased,15_19,0.0,Oceania,F
DiabeticNephropathy -> Deceased,20_24,0.0005515615360652833,Oceania,F
DiabeticNephropathy -> Deceased,25_29,0.002757807680326417,Oceania,F
DiabeticNephropathy -> Deceased,30_39,0.0071702999688486825,Oceania,F
DiabeticNephropathy -> Deceased,40_49,0.011766646102726043,Oceania,F
DiabeticNephropathy -> Deceased,50_59,0.019856215298350202,Oceania,F
DiabeticNephropathy -> Deceased,60_69,0.026107246040423412,Oceania,F
DiabeticNephropathy -> Deceased,70_79,0.039896284442055494,Oceania,F
DiabeticNephropathy -> Deceased,80_100,0.04927283055516531,Oceania,F
Prevalence -> DiabeticNephropathy,0_4,0.00428,Oceania,F
Prevalence -> DiabeticNephropathy,5_9,0.00428,Oceania,F
Prevalence -> DiabeticNephropathy,10_14,0.00436,Oceania,F
Prevalence -> DiabeticNephropathy,15_19,0.004560000000000001,Oceania,F
Prevalence -> DiabeticNephropathy,20_24,0.00496,Oceania,F
Prevalence -> DiabeticNephropathy,25_29,0.006200000000000001,Oceania,F
Prevalence -> DiabeticNephropathy,30_39,0.011000000000000001,Oceania,F
Prevalence -> DiabeticNephropathy,40_49,0.020680000000000004,Oceania,F
Prevalence -> DiabeticNephropathy,50_59,0.03332,Oceania,F
Prevalence -> DiabeticNephropathy,60_69,0.04012,Oceania,F
Prevalence -> DiabeticNephropathy,70_79,0.04916,Oceania,F
Prevalence -> DiabeticNephropathy,80_100,0.08984,Oceania,F
DsFreeSus -> Disability,0_4,0.03809615385327951,South Asia,M
DsFreeSus -> Disability,5_9,0.05340944354015971,South Asia,M
DsFreeSus -> Disability,10_14,0.06872273322703992,South Asia,M
DsFreeSus -> Disability,15_19,0.08403602291392012,South Asia,M
DsFreeSus -> Disability,20_24,0.09934931260080032,South Asia,M
DsFreeSus -> Disability,25_29,0.11466260228768052,South Asia,M
DsFreeSus -> Disability,30_39,0.1376325368180008,South Asia,M
DsFreeSus -> Disability,40_49,0.16825911619176123,South Asia,M
DsFreeSus -> Disability,50_59,0.19888569556552163,South Asia,M
DsFreeSus -> Disability,60_69,0.22951227493928203,South Asia,M
DsFreeSus -> Disability,70_79,0.2601388543130424,South Asia,M
DsFreeSus -> Disability,80_100,0.29842207853024294,South Asia,M
DsFreeSus -> Diabetes,0_4,0.0,South Asia,M
DsFreeSus -> Diabetes,5_9,0.0,South Asia,M
DsFreeSus -> Diabetes,10_14,0.0,South Asia,M
DsFreeSus -> Diabetes,15_19,0.0001,South Asia,M
DsFreeSus -> Diabetes,20_24,0.0004,South Asia,M
DsFreeSus -> Diabetes,25_29,0.001,South Asia,M
DsFreeSus -> Diabetes,30_39,0.002,South Asia,M
DsFreeSus -> Diabetes,40_49,0.0036,South Asia,M
DsFreeSus -> Diabetes,50_59,0.005,South Asia,M
DsFreeSus -> Diabetes,60_69,0.004,South Asia,M
DsFreeSus -> Diabetes,70_79,0.0076,South Asia,M
DsFreeSus -> Diabetes,80_100,0.0161,South Asia,M
Diabetes -> Disability,0_4,0.031,South Asia,M
Diabetes -> Disability,5_9,0.031,South Asia,M
Diabetes -> Disability,10_14,0.031,South Asia,M
Diabetes -> Disability,15_19,0.031,South Asia,M
Diabetes -> Disability,20_24,0.031,South Asia,M
Diabetes -> Disability,25_29,0.031,South Asia,M
Diabetes -> Disability,30_39,0.031,South Asia,M
Diabetes -> Disability,40_49,0.031,South Asia,M
Diabetes -> Disability,50_59,0.031,South Asia,M
Diabetes -> Disability,60_69,0.031,South Asia,M
Diabetes -> Disability,70_79,0.031,South Asia,M
Diabetes -> Disability,80_100,0.031,South Asia,M
Diabetes -> Deceased,0_4,0.0,South Asia,M
Diabetes -> Deceased,5_9,0.0,South Asia,M
Diabetes -> Deceased,10_14,0.0,South Asia,M
Diabetes -> Deceased,15_19,0.0,South Asia,M
Diabetes -> Deceased,20_24,0.0002443240469835142,South Asia,M
Diabetes -> Deceased,25_29,0.0010383771996799354,South Asia,M
Diabetes -> Deceased,30_39,0.002809726540310414,South Asia,M
Diabetes -> Deceased,40_49,0.00506972397490792,South Asia,M
Diabetes -> Deceased,50_59,0.009039989738390026,South Asia,M
Diabetes -> Deceased,60_69,0.012949174490126255,South Asia,M
Diabetes -> Deceased,70_79,0.02003457185264817,South Asia,M
Diabetes -> Deceased,80_100,0.029379966649767584,South Asia,M
Diabetes -> DiabeticRetinopathy,0_4,0.0,South Asia,M
Diabetes -> DiabeticRetinopathy,5_9,0.0,South Asia,M
Diabetes -> DiabeticRetinopathy,10_14,0.0,South Asia,M
Diabetes -> DiabeticRetinopathy,15_19,0.0,South Asia,M
Diabetes -> DiabeticRetinopathy,20_24,0.00026904943573186703,South Asia,M
Diabetes -> DiabeticRetinopathy,25_29,0.00019860260996929933,South Asia,M
Diabetes -> DiabeticRetinopathy,30_39,0.00029882208353535693,South Asia,M
Diabetes -> DiabeticRetinopathy,40_49,0.000594479644536142,South Asia,M
Diabetes -> DiabeticRetinopathy,50_59,0.0008712152152344103,South Asia,M
Diabetes -> DiabeticRetinopathy,60_69,0.0011539126956230385,South Asia,M
Diabetes -> DiabeticRetinopathy,70_79,0.000975092277734182,South Asia,M
Diabetes -> DiabeticRetinopathy,80_100,0.000924362392753682,South Asia,M
Diabetes -> LowerExtrmAmpt,0_4,0.0,South Asia,M
Diabetes -> LowerExtrmAmpt,5_9,0.0,South Asia,M
Diabetes -> LowerExtrmAmpt,10_14,4.072001560219545e-05,South Asia,M
Diabetes -> LowerExtrmAmpt,15_19,0.0007890529288398845,South Asia,M
Diabetes -> LowerExtrmAmpt,20_24,0.0019800356910892086,South Asia,M
Diabetes -> LowerExtrmAmpt,25_29,0.0027032021912487968,South Asia,M
Diabetes -> LowerExtrmAmpt,30_39,0.0024994749546905343,South Asia,M
Diabetes -> LowerExtrmAmpt,40_49,0.0005573246667526331,South Asia,M
Diabetes -> LowerExtrmAmpt,50_59,0.0006239560398631206,South Asia,M
Diabetes -> LowerExtrmAmpt,60_69,0.002950279723363653,South Asia,M
Diabetes -> LowerExtrmAmpt,70_79,0.0064429718758779704,South Asia,M
Diabetes -> LowerExtrmAmpt,80_100,0.0076542756563933645,South Asia,M
Diabetes -> DiabeticNephropathy,0_4,0.0,South Asia,M
Diabetes -> DiabeticNephropathy,5_9,0.0,South Asia,M
Diabetes -> DiabeticNephropathy,10_14,0.014,South Asia,M
Diabetes -> DiabeticNephropathy,15_19,0.014,South Asia,M
Diabetes -> DiabeticNephropathy,20_24,0.014,South Asia,M
Diabetes -> DiabeticNephropathy,25_29,0.014,South Asia,M
Diabetes -> DiabeticNephropathy,30_39,0.014,South Asia,M
Diabetes -> DiabeticNephropathy,40_49,0.014,South Asia,M
Diabetes -> DiabeticNephropathy,50_59,0.014,South Asia,M
Diabetes -> DiabeticNephropathy,60_69,0.014,South Asia,M
Diabetes -> DiabeticNephropathy,70_79,0.014,South Asia,M
Diabetes -> DiabeticNephropathy,80_100,0.014,South Asia,M
Prevalence -> Diabetes,0_4,0.0,South Asia,M
Prevalence -> Diabetes,5_9,0.0,South Asia,M
Prevalence -> Diabetes,10_14,0.0074447,South Asia,M
Prevalence -> Diabetes,15_19,0.007581300000000001,South Asia,M
Prevalence -> Diabetes,20_24,0.008400900000000001,South Asia,M
Prevalence -> Diabetes,25_29,0.0106548,South Asia,M
Prevalence -> Diabetes,30_39,0.0181678,South Asia,M
Prevalence -> Diabetes,40_49,0.0343549,South Asia,M
Prevalence -> Diabetes,50_59,0.057372000000000006,South Asia,M
Prevalence -> Diabetes,60_69,0.0749934,South Asia,M
Prevalence -> Diabetes,70_79,0.084009,South Asia,M
Prevalence -> Diabetes,80_100,0.1277893,South Asia,M
DiabeticRetinopathy -> Disability,0_4,0.338,South Asia,M
DiabeticRetinopathy -> Disability,5_9,0.338,South Asia,M
DiabeticRetinopathy -> Disability,10_14,0.338,South Asia,M
DiabeticRetinopathy -> Disability,15_19,0.338,South Asia,M
DiabeticRetinopathy -> Disability,20_24,0.338,South Asia,M
DiabeticRetinopathy -> Disability,25_29,0.338,South Asia,M
DiabeticRetinopathy -> Disability,30_39,0.338,South Asia,M
DiabeticRetinopathy -> Disability,40_49,0.338,South Asia,M
DiabeticRetinopathy -> Disability,50_59,0.338,South Asia,M
DiabeticRetinopathy -> Disability,60_69,0.338,South Asia,M
DiabeticRetinopathy -> Disability,70_79,0.338,South Asia,M
DiabeticRetinopathy -> Disability,80_100,0.338,South Asia,M
DiabeticRetinopathy -> Deceased,0_4,0.0,South Asia,M
DiabeticRetinopathy -> Deceased,5_9,0.0,South Asia,M
DiabeticRetinopathy -> Deceased,10_14,0.0,South Asia,M
DiabeticRetinopathy -> Deceased,15_19,0.0,South Asia,M
DiabeticRetinopathy -> Deceased,20_24,0.0004,South Asia,M
DiabeticRetinopathy -> Deceased,25_29,0.0025,South Asia,M
DiabeticRetinopathy -> Deceased,30_39,0.0091,South Asia,M
DiabeticRetinopathy -> Deceased,40_49,0.0166,South Asia,M
DiabeticRetinopathy -> Deceased,50_59,0.0302,South Asia,M
DiabeticRetinopathy -> Deceased,60_69,0.0429,South Asia,M
DiabeticRetinopathy -> Deceased,70_79,0.0642,South Asia,M
DiabeticRetinopathy -> Deceased,80_100,0.0934,South Asia,M
Prevalence -> DiabeticRetinopathy,0_4,0.0,South Asia,M
Prevalence -> DiabeticRetinopathy,5_9,0.0,South Asia,M
Prevalence -> DiabeticRetinopathy,10_14,0.0,South Asia,M
Prevalence -> DiabeticRetinopathy,15_19,0.0,South Asia,M
Prevalence -> DiabeticRetinopathy,20_24,0.0002,South Asia,M
Prevalence -> DiabeticRetinopathy,25_29,0.0002,South Asia,M
Prevalence -> DiabeticRetinopathy,30_39,0.0002,South Asia,M
Prevalence -> DiabeticRetinopathy,40_49,0.0003,South Asia,M
Prevalence -> DiabeticRetinopathy,50_59,0.0007,South Asia,M
Prevalence -> DiabeticRetinopathy,60_69,0.0014,South Asia,M
Prevalence -> DiabeticRetinopathy,70_79,0.0017,South Asia,M
Prevalence -> DiabeticRetinopathy,80_100,0.0018,South Asia,M
LowerExtrmAmpt -> Disability,0_4,0.164,South Asia,M
LowerExtrmAmpt -> Disability,5_9,0.164,South Asia,M
LowerExtrmAmpt -> Disability,10_14,0.164,South Asia,M
LowerExtrmAmpt -> Disability,15_19,0.164,South Asia,M
LowerExtrmAmpt -> Disability,20_24,0.164,South Asia,M
LowerExtrmAmpt -> Disability,25_29,0.164,South Asia,M
LowerExtrmAmpt -> Disability,30_39,0.164,South Asia,M
LowerExtrmAmpt -> Disability,40_49,0.164,South Asia,M
LowerExtrmAmpt -> Disability,50_59,0.164,South Asia,M
LowerExtrmAmpt -> Disability,60_69,0.164,South Asia,M
LowerExtrmAmpt -> Disability,70_79,0.164,South Asia,M
LowerExtrmAmpt -> Disability,80_100,0.164,South Asia,M
LowerExtrmAmpt -> Deceased,0_4,0.0,South Asia,M
LowerExtrmAmpt -> Deceased,5_9,0.0,South Asia,M
LowerExtrmAmpt -> Deceased,10_14,0.0,South Asia,M
LowerExtrmAmpt -> Deceased,15_19,0.0,South Asia,M
LowerExtrmAmpt -> Deceased,20_24,0.0005,South Asia,M
LowerExtrmAmpt -> Deceased,25_29,0.0026,South Asia,M
LowerExtrmAmpt -> Deceased,30_39,0.0093,South Asia,M
LowerExtrmAmpt -> Deceased,40_49,0.0163,South Asia,M
LowerExtrmAmpt -> Deceased,50_59,0.0299,South Asia,M
LowerExtrmAmpt -> Deceased,60_69,0.044,South Asia,M
LowerExtrmAmpt -> Deceased,70_79,0.0649,South Asia,M
LowerExtrmAmpt -> Deceased,80_100,0.0951,South Asia,M
Prevalence -> LowerExtrmAmpt,0_4,0.0,South Asia,M
Prevalence -> LowerExtrmAmpt,5_9,0.0,South Asia,M
Prevalence -> LowerExtrmAmpt,10_14,0.0,South Asia,M
Prevalence -> LowerExtrmAmpt,15_19,0.0,South Asia,M
Prevalence -> LowerExtrmAmpt,20_24,0.0001,South Asia,M
Prevalence -> LowerExtrmAmpt,25_29,0.0003,South Asia,M
Prevalence -> LowerExtrmAmpt,30_39,0.0007,South Asia,M
Prevalence -> LowerExtrmAmpt,40_49,0.0011,South Asia,M
Prevalence -> LowerExtrmAmpt,50_59,0.0011,South Asia,M
Prevalence -> LowerExtrmAmpt,60_69,0.0022,South Asia,M
Prevalence -> LowerExtrmAmpt,70_79,0.0053,South Asia,M
Prevalence -> LowerExtrmAmpt,80_100,0.0108,South Asia,M
Disability -> Disability,0_4,0.0,South Asia,M
Disability -> Disability,5_9,0.0,South Asia,M
Disability -> Disability,10_14,0.0,South Asia,M
Disability -> Disability,15_19,0.0,South Asia,M
Disability -> Disability,20_24,0.0,South Asia,M
Disability -> Disability,25_29,0.0,South Asia,M
Disability -> Disability,30_39,0.0,South Asia,M
Disability -> Disability,40_49,0.0,South Asia,M
Disability -> Disability,50_59,0.0,South Asia,M
Disability -> Disability,60_69,0.0,South Asia,M
Disability -> Disability,70_79,0.0,South Asia,M
Disability -> Disability,80_100,0.0,South Asia,M
StdGlycControl -> DiabeticRetinopathy,0_4,-75.0,South Asia,M
StdGlycControl -> DiabeticRetinopathy,5_9,-75.0,South Asia,M
StdGlycControl -> DiabeticRetinopathy,10_14,-75.0,South Asia,M
StdGlycControl -> DiabeticRetinopathy,15_19,-75.0,South Asia,M
StdGlycControl -> DiabeticRetinopathy,20_24,-75.0,South Asia,M
StdGlycControl -> DiabeticRetinopathy,25_29,-75.0,South Asia,M
StdGlycControl -> DiabeticRetinopathy,30_39,-75.0,South Asia,M
StdGlycControl -> DiabeticRetinopathy,40_49,-75.0,South Asia,M
StdGlycControl -> DiabeticRetinopathy,50_59,-75.0,South Asia,M
StdGlycControl -> DiabeticRetinopathy,60_69,-75.0,South Asia,M
StdGlycControl -> DiabeticRetinopathy,70_79,-75.0,South Asia,M
StdGlycControl -> DiabeticRetinopathy,80_100,-75.0,South Asia,M
StdGlycControl -> LowerExtrmAmpt,0_4,-28.6,South Asia,M
StdGlycControl -> LowerExtrmAmpt,5_9,-28.6,South Asia,M
StdGlycControl -> LowerExtrmAmpt,10_14,-28.6,South Asia,M
StdGlycControl -> LowerExtrmAmpt,15_19,-28.6,South Asia,M
StdGlycControl -> LowerExtrmAmpt,20_24,-28.6,South Asia,M
StdGlycControl -> LowerExtrmAmpt,25_29,-28.6,South Asia,M
StdGlycControl -> LowerExtrmAmpt,30_39,-28.6,South Asia,M
StdGlycControl -> LowerExtrmAmpt,40_49,-28.6,South Asia,M
StdGlycControl -> LowerExtrmAmpt,50_59,-28.6,South Asia,M
StdGlycControl -> LowerExtrmAmpt,60_69,-28.6,South Asia,M
StdGlycControl -> LowerExtrmAmpt,70_79,-28.6,South Asia,M
StdGlycControl -> LowerExtrmAmpt,80_100,-28.6,South Asia,M
StdGlycControl -> DiabeticNephropathy,0_4,-39.0,South Asia,M
StdGlycControl -> DiabeticNephropathy,5_9,-39.0,South Asia,M
StdGlycControl -> DiabeticNephropathy,10_14,-39.0,South Asia,M
StdGlycControl -> DiabeticNephropathy,15_19,-39.0,South Asia,M
StdGlycControl -> DiabeticNephropathy,20_24,-39.0,South Asia,M
StdGlycControl -> DiabeticNephropathy,25_29,-39.0,South Asia,M
StdGlycControl -> DiabeticNephropathy,30_39,-39.0,South Asia,M
StdGlycControl -> DiabeticNephropathy,40_49,-39.0,South Asia,M
StdGlycControl -> DiabeticNephropathy,50_59,-39.0,South Asia,M
StdGlycControl -> DiabeticNephropathy,60_69,-39.0,South Asia,M
StdGlycControl -> DiabeticNephropathy,70_79,-39.0,South Asia,M
StdGlycControl -> DiabeticNephropathy,80_100,-39.0,South Asia,M
IntsvGlycControl -> DiabeticRetinopathy,0_4,-65.0,South Asia,M
IntsvGlycControl -> DiabeticRetinopathy,5_9,-65.0,South Asia,M
IntsvGlycControl -> DiabeticRetinopathy,10_14,-65.0,South Asia,M
IntsvGlycControl -> DiabeticRetinopathy,15_19,-65.0,South Asia,M
IntsvGlycControl -> DiabeticRetinopathy,20_24,-65.0,South Asia,M
IntsvGlycControl -> DiabeticRetinopathy,25_29,-65.0,South Asia,M
IntsvGlycControl -> DiabeticRetinopathy,30_39,-65.0,South Asia,M
IntsvGlycControl -> DiabeticRetinopathy,40_49,-65.0,South Asia,M
IntsvGlycControl -> DiabeticRetinopathy,50_59,-65.0,South Asia,M
IntsvGlycControl -> DiabeticRetinopathy,60_69,-65.0,South Asia,M
IntsvGlycControl -> DiabeticRetinopathy,70_79,-65.0,South Asia,M
IntsvGlycControl -> DiabeticRetinopathy,80_100,-65.0,South Asia,M
IntsvGlycControl -> LowerExtrmAmpt,0_4,-15.1,South Asia,M
IntsvGlycControl -> LowerExtrmAmpt,5_9,-15.1,South Asia,M
IntsvGlycControl -> LowerExtrmAmpt,10_14,-15.1,South Asia,M
IntsvGlycControl -> LowerExtrmAmpt,15_19,-15.1,South Asia,M
IntsvGlycControl -> LowerExtrmAmpt,20_24,-15.1,South Asia,M
IntsvGlycControl -> LowerExtrmAmpt,25_29,-15.1,South Asia,M
IntsvGlycControl -> LowerExtrmAmpt,30_39,-15.1,South Asia,M
IntsvGlycControl -> LowerExtrmAmpt,40_49,-15.1,South Asia,M
IntsvGlycControl -> LowerExtrmAmpt,50_59,-15.1,South Asia,M
IntsvGlycControl -> LowerExtrmAmpt,60_69,-15.1,South Asia,M
IntsvGlycControl -> LowerExtrmAmpt,70_79,-15.1,South Asia,M
IntsvGlycControl -> LowerExtrmAmpt,80_100,-15.1,South Asia,M
IntsvGlycControl -> DiabeticNephropathy,0_4,-39.0,South Asia,M
IntsvGlycControl -> DiabeticNephropathy,5_9,-39.0,South Asia,M
IntsvGlycControl -> DiabeticNephropathy,10_14,-39.0,South Asia,M
IntsvGlycControl -> DiabeticNephropathy,15_19,-39.0,South Asia,M
IntsvGlycControl -> DiabeticNephropathy,20_24,-39.0,South Asia,M
IntsvGlycControl -> DiabeticNephropathy,25_29,-39.0,South Asia,M
IntsvGlycControl -> DiabeticNephropathy,30_39,-39.0,South Asia,M
IntsvGlycControl -> DiabeticNephropathy,40_49,-39.0,South Asia,M
IntsvGlycControl -> DiabeticNephropathy,50_59,-39.0,South Asia,M
IntsvGlycControl -> DiabeticNephropathy,60_69,-39.0,South Asia,M
IntsvGlycControl -> DiabeticNephropathy,70_79,-39.0,South Asia,M
IntsvGlycControl -> DiabeticNephropathy,80_100,-39.0,South Asia,M
RetinopathyScrn -> DiabeticRetinopathy,0_4,-20.0,South Asia,M
RetinopathyScrn -> DiabeticRetinopathy,5_9,-20.0,South Asia,M
RetinopathyScrn -> DiabeticRetinopathy,10_14,-20.0,South Asia,M
RetinopathyScrn -> DiabeticRetinopathy,15_19,-20.0,South Asia,M
RetinopathyScrn -> DiabeticRetinopathy,20_24,-20.0,South Asia,M
RetinopathyScrn -> DiabeticRetinopathy,25_29,-20.0,South Asia,M
RetinopathyScrn -> DiabeticRetinopathy,30_39,-20.0,South Asia,M
RetinopathyScrn -> DiabeticRetinopathy,40_49,-20.0,South Asia,M
RetinopathyScrn -> DiabeticRetinopathy,50_59,-20.0,South Asia,M
RetinopathyScrn -> DiabeticRetinopathy,60_69,-20.0,South Asia,M
RetinopathyScrn -> DiabeticRetinopathy,70_79,-20.0,South Asia,M
RetinopathyScrn -> DiabeticRetinopathy,80_100,-20.0,South Asia,M
NeuropathyScr -> LowerExtrmAmpt,0_4,-35.0,South Asia,M
NeuropathyScr -> LowerExtrmAmpt,5_9,-35.0,South Asia,M
NeuropathyScr -> LowerExtrmAmpt,10_14,-35.0,South Asia,M
NeuropathyScr -> LowerExtrmAmpt,15_19,-35.0,South Asia,M
NeuropathyScr -> LowerExtrmAmpt,20_24,-35.0,South Asia,M
NeuropathyScr -> LowerExtrmAmpt,25_29,-35.0,South Asia,M
NeuropathyScr -> LowerExtrmAmpt,30_39,-35.0,South Asia,M
NeuropathyScr -> LowerExtrmAmpt,40_49,-35.0,South Asia,M
NeuropathyScr -> LowerExtrmAmpt,50_59,-35.0,South Asia,M
NeuropathyScr -> LowerExtrmAmpt,60_69,-35.0,South Asia,M
NeuropathyScr -> LowerExtrmAmpt,70_79,-35.0,South Asia,M
NeuropathyScr -> LowerExtrmAmpt,80_100,-35.0,South Asia,M
NephropathyScr -> DiabeticNephropathy,0_4,-24.0,South Asia,M
NephropathyScr -> DiabeticNephropathy,5_9,-24.0,South Asia,M
NephropathyScr -> DiabeticNephropathy,10_14,-24.0,South Asia,M
NephropathyScr -> DiabeticNephropathy,15_19,-24.0,South Asia,M
NephropathyScr -> DiabeticNephropathy,20_24,-24.0,South Asia,M
NephropathyScr -> DiabeticNephropathy,25_29,-24.0,South Asia,M
NephropathyScr -> DiabeticNephropathy,30_39,-24.0,South Asia,M
NephropathyScr -> DiabeticNephropathy,40_49,-24.0,South Asia,M
NephropathyScr -> DiabeticNephropathy,50_59,-24.0,South Asia,M
NephropathyScr -> DiabeticNephropathy,60_69,-24.0,South Asia,M
NephropathyScr -> DiabeticNephropathy,70_79,-24.0,South Asia,M
NephropathyScr -> DiabeticNephropathy,80_100,-24.0,South Asia,M
DiabeticNephropathy -> Disability,0_4,0.338,South Asia,M
DiabeticNephropathy -> Disability,5_9,0.338,South Asia,M
DiabeticNephropathy -> Disability,10_14,0.338,South Asia,M
DiabeticNephropathy -> Disability,15_19,0.338,South Asia,M
DiabeticNephropathy -> Disability,20_24,0.338,South Asia,M
DiabeticNephropathy -> Disability,25_29,0.338,South Asia,M
DiabeticNephropathy -> Disability,30_39,0.338,South Asia,M
DiabeticNephropathy -> Disability,40_49,0.338,South Asia,M
DiabeticNephropathy -> Disability,50_59,0.338,South Asia,M
DiabeticNephropathy -> Disability,60_69,0.338,South Asia,M
DiabeticNephropathy -> Disability,70_79,0.338,South Asia,M
DiabeticNephropathy -> Disability,80_100,0.338,South Asia,M
DiabeticNephropathy -> Deceased,0_4,0.0,South Asia,M
DiabeticNephropathy -> Deceased,5_9,0.0,South Asia,M
DiabeticNephropathy -> Deceased,10_14,0.0,South Asia,M
DiabeticNephropathy -> Deceased,15_19,0.0,South Asia,M
DiabeticNephropathy -> Deceased,20_24,0.0007354153814203777,South Asia,M
DiabeticNephropathy -> Deceased,25_29,0.0031255153710366052,South Asia,M
DiabeticNephropathy -> Deceased,30_39,0.008457276886334346,South Asia,M
DiabeticNephropathy -> Deceased,40_49,0.015259869164472839,South Asia,M
DiabeticNephropathy -> Deceased,50_59,0.027210369112553978,South Asia,M
DiabeticNephropathy -> Deceased,60_69,0.03897701521528003,South Asia,M
DiabeticNephropathy -> Deceased,70_79,0.060304061276470984,South Asia,M
DiabeticNephropathy -> Deceased,80_100,0.08843369961580042,South Asia,M
Prevalence -> DiabeticNephropathy,0_4,0.00428,South Asia,M
Prevalence -> DiabeticNephropathy,5_9,0.00428,South Asia,M
Prevalence -> DiabeticNephropathy,10_14,0.00436,South Asia,M
Prevalence -> DiabeticNephropathy,15_19,0.004560000000000001,South Asia,M
Prevalence -> DiabeticNephropathy,20_24,0.00496,South Asia,M
Prevalence -> DiabeticNephropathy,25_29,0.006200000000000001,South Asia,M
Prevalence -> DiabeticNephropathy,30_39,0.011000000000000001,South Asia,M
Prevalence -> DiabeticNephropathy,40_49,0.020680000000000004,South Asia,M
Prevalence -> DiabeticNephropathy,50_59,0.03332,South Asia,M
Prevalence -> DiabeticNephropathy,60_69,0.04012,South Asia,M
Prevalence -> DiabeticNephropathy,70_79,0.04916,South Asia,M
Prevalence -> DiabeticNephropathy,80_100,0.08984,South Asia,M
DsFreeSus -> Disability,0_4,0.042669196789653537,South Asia,F
DsFreeSus -> Disability,5_9,0.05778116640879517,South Asia,F
DsFreeSus -> Disability,10_14,0.07289313602793682,South Asia,F
DsFreeSus -> Disability,15_19,0.08800510564707845,South Asia,F
DsFreeSus -> Disability,20_24,0.10311707526622009,South Asia,F
DsFreeSus -> Disability,25_29,0.11822904488536172,South Asia,F
DsFreeSus -> Disability,30_39,0.14089699931407418,South Asia,F
DsFreeSus -> Disability,40_49,0.17112093855235747,South Asia,F
DsFreeSus -> Disability,50_59,0.20134487779064072,South Asia,F
DsFreeSus -> Disability,60_69,0.231568817028924,South Asia,F
DsFreeSus -> Disability,70_79,0.26179275626720727,South Asia,F
DsFreeSus -> Disability,80_100,0.2995726803150614,South Asia,F
DsFreeSus -> Diabetes,0_4,0.0,South Asia,F
DsFreeSus -> Diabetes,5_9,0.0,South Asia,F
DsFreeSus -> Diabetes,10_14,0.0,South Asia,F
DsFreeSus -> Diabetes,15_19,0.0001,South Asia,F
DsFreeSus -> Diabetes,20_24,0.0003,South Asia,F
DsFreeSus -> Diabetes,25_29,0.0009,South Asia,F
DsFreeSus -> Diabetes,30_39,0.0018,South Asia,F
DsFreeSus -> Diabetes,40_49,0.0031,South Asia,F
DsFreeSus -> Diabetes,50_59,0.0042,South Asia,F
DsFreeSus -> Diabetes,60_69,0.0029,South Asia,F
DsFreeSus -> Diabetes,70_79,0.0062,South Asia,F
DsFreeSus -> Diabetes,80_100,0.014,South Asia,F
Diabetes -> Disability,0_4,0.031,South Asia,F
Diabetes -> Disability,5_9,0.031,South Asia,F
Diabetes -> Disability,10_14,0.031,South Asia,F
Diabetes -> Disability,15_19,0.031,South Asia,F
Diabetes -> Disability,20_24,0.031,South Asia,F
Diabetes -> Disability,25_29,0.031,South Asia,F
Diabetes -> Disability,30_39,0.031,South Asia,F
Diabetes -> Disability,40_49,0.031,South Asia,F
Diabetes -> Disability,50_59,0.031,South Asia,F
Diabetes -> Disability,60_69,0.031,South Asia,F
Diabetes -> Disability,70_79,0.031,South Asia,F
Diabetes -> Disability,80_100,0.031,South Asia,F
Diabetes -> Deceased,0_4,0.0,South Asia,F
Diabetes -> Deceased,5_9,0.0,South Asia,F
Diabetes -> Deceased,10_14,0.0,South Asia,F
Diabetes -> Deceased,15_19,0.0,South Asia,F
Diabetes -> Deceased,20_24,0.00018324303523763565,South Asia,F
Diabetes -> Deceased,25_29,0.0007940531526964212,South Asia,F
Diabetes -> Deceased,30_39,0.0018324303523763567,South Asia,F
Diabetes -> Deceased,40_49,0.003054050587293928,South Asia,F
Diabetes -> Deceased,50_59,0.005863777127604341,South Asia,F
Diabetes -> Deceased,60_69,0.009589718844102932,South Asia,F
Diabetes -> Deceased,70_79,0.016675116206624846,South Asia,F
Diabetes -> Deceased,80_100,0.028402670461833528,South Asia,F
Diabetes -> DiabeticRetinopathy,0_4,0.0,South Asia,F
Diabetes -> DiabeticRetinopathy,5_9,0.0,South Asia,F
Diabetes -> DiabeticRetinopathy,10_14,0.0019849682249821745,South Asia,F
Diabetes -> DiabeticRetinopathy,15_19,0.0005905892160353479,South Asia,F
Diabetes -> DiabeticRetinopathy,20_24,0.00038326518423769025,South Asia,F
Diabetes -> DiabeticRetinopathy,25_29,0.0003117802341655388,South Asia,F
Diabetes -> DiabeticRetinopathy,30_39,0.0007204742695597793,South Asia,F
Diabetes -> DiabeticRetinopathy,40_49,0.0010962886411077948,South Asia,F
Diabetes -> DiabeticRetinopathy,50_59,0.0013711004392704912,South Asia,F
Diabetes -> DiabeticRetinopathy,60_69,0.0018169719909451978,South Asia,F
Diabetes -> DiabeticRetinopathy,70_79,0.0016868369192880863,South Asia,F
Diabetes -> DiabeticRetinopathy,80_100,0.0016937628246378748,South Asia,F
Diabetes -> LowerExtrmAmpt,0_4,0.0,South Asia,F
Diabetes -> LowerExtrmAmpt,5_9,0.0,South Asia,F
Diabetes -> LowerExtrmAmpt,10_14,4.1801376579047e-05,South Asia,F
Diabetes -> LowerExtrmAmpt,15_19,0.0008008195336775602,South Asia,F
Diabetes -> LowerExtrmAmpt,20_24,0.0015800871399247107,South Asia,F
Diabetes -> LowerExtrmAmpt,25_29,0.0015165733906926373,South Asia,F
Diabetes -> LowerExtrmAmpt,30_39,0.0013184313409964489,South Asia,F
Diabetes -> LowerExtrmAmpt,40_49,0.00026862701801979075,South Asia,F
Diabetes -> LowerExtrmAmpt,50_59,0.0002956283873208082,South Asia,F
Diabetes -> LowerExtrmAmpt,60_69,0.001856681198214299,South Asia,F
Diabetes -> LowerExtrmAmpt,70_79,0.004010278865331175,South Asia,F
Diabetes -> LowerExtrmAmpt,80_100,0.005072182222168259,South Asia,F
Diabetes -> DiabeticNephropathy,0_4,0.0,South Asia,F
Diabetes -> DiabeticNephropathy,5_9,0.0,South Asia,F
Diabetes -> DiabeticNephropathy,10_14,0.014,South Asia,F
Diabetes -> DiabeticNephropathy,15_19,0.014,South Asia,F
Diabetes -> DiabeticNephropathy,20_24,0.014,South Asia,F
Diabetes -> DiabeticNephropathy,25_29,0.014,South Asia,F
Diabetes -> DiabeticNephropathy,30_39,0.014,South Asia,F
Diabetes -> DiabeticNephropathy,40_49,0.014,South Asia,F
Diabetes -> DiabeticNephropathy,50_59,0.014,South Asia,F
Diabetes -> DiabeticNephropathy,60_69,0.014,South Asia,F
Diabetes -> DiabeticNephropathy,70_79,0.014,South Asia,F
Diabetes -> DiabeticNephropathy,80_100,0.014,South Asia,F
Prevalence -> Diabetes,0_4,0.0072398,South Asia,F
Prevalence -> Diabetes,5_9,0.0072398,South Asia,F
Prevalence -> Diabetes,10_14,0.0073081000000000005,South Asia,F
Prevalence -> Diabetes,15_19,0.007376400000000001,South Asia,F
Prevalence -> Diabetes,20_24,0.007991100000000001,South Asia,F
Prevalence -> Diabetes,25_29,0.0100401,South Asia,F
Prevalence -> Diabetes,30_39,0.0170067,South Asia,F
Prevalence -> Diabetes,40_49,0.031964400000000004,South Asia,F
Prevalence -> Diabetes,50_59,0.0532057,South Asia,F
Prevalence -> Diabetes,60_69,0.0684366,South Asia,F
Prevalence -> Diabetes,70_79,0.075813,South Asia,F
Prevalence -> Diabetes,80_100,0.1148123,South Asia,F
DiabeticRetinopathy -> Disability,0_4,0.338,South Asia,F
DiabeticRetinopathy -> Disability,5_9,0.338,South Asia,F
DiabeticRetinopathy -> Disability,10_14,0.338,South Asia,F
DiabeticRetinopathy -> Disability,15_19,0.338,South Asia,F
DiabeticRetinopathy -> Disability,20_24,0.338,South Asia,F
DiabeticRetinopathy -> Disability,25_29,0.338,South Asia,F
DiabeticRetinopathy -> Disability,30_39,0.338,South Asia,F
DiabeticRetinopathy -> Disability,40_49,0.338,South Asia,F
DiabeticRetinopathy -> Disability,50_59,0.338,South Asia,F
DiabeticRetinopathy -> Disability,60_69,0.338,South Asia,F
DiabeticRetinopathy -> Disability,70_79,0.338,South Asia,F
DiabeticRetinopathy -> Disability,80_100,0.338,South Asia,F
DiabeticRetinopathy -> Deceased,0_4,0.0,South Asia,F
DiabeticRetinopathy -> Deceased,5_9,0.0,South Asia,F
DiabeticRetinopathy -> Deceased,10_14,0.0,South Asia,F
DiabeticRetinopathy -> Deceased,15_19,0.0,South Asia,F
DiabeticRetinopathy -> Deceased,20_24,0.0004,South Asia,F
DiabeticRetinopathy -> Deceased,25_29,0.0019,South Asia,F
DiabeticRetinopathy -> Deceased,30_39,0.0058,South Asia,F
DiabeticRetinopathy -> Deceased,40_49,0.01,South Asia,F
DiabeticRetinopathy -> Deceased,50_59,0.0195,South Asia,F
DiabeticRetinopathy -> Deceased,60_69,0.0321,South Asia,F
DiabeticRetinopathy -> Deceased,70_79,0.0537,South Asia,F
DiabeticRetinopathy -> Deceased,80_100,0.0902,South Asia,F
Prevalence -> DiabeticRetinopathy,0_4,0.0,South Asia,F
Prevalence -> DiabeticRetinopathy,5_9,0.0,South Asia,F
Prevalence -> DiabeticRetinopathy,10_14,0.0002,South Asia,F
Prevalence -> DiabeticRetinopathy,15_19,0.0003,South Asia,F
Prevalence -> DiabeticRetinopathy,20_24,0.0003,South Asia,F
Prevalence -> DiabeticRetinopathy,25_29,0.0003,South Asia,F
Prevalence -> DiabeticRetinopathy,30_39,0.0004,South Asia,F
Prevalence -> DiabeticRetinopathy,40_49,0.0007,South Asia,F
Prevalence -> DiabeticRetinopathy,50_59,0.0013,South Asia,F
Prevalence -> DiabeticRetinopathy,60_69,0.0023,South Asia,F
Prevalence -> DiabeticRetinopathy,70_79,0.003,South Asia,F
Prevalence -> DiabeticRetinopathy,80_100,0.0031,South Asia,F
LowerExtrmAmpt -> Disability,0_4,0.164,South Asia,F
LowerExtrmAmpt -> Disability,5_9,0.164,South Asia,F
LowerExtrmAmpt -> Disability,10_14,0.164,South Asia,F
LowerExtrmAmpt -> Disability,15_19,0.164,South Asia,F
LowerExtrmAmpt -> Disability,20_24,0.164,South Asia,F
LowerExtrmAmpt -> Disability,25_29,0.164,South Asia,F
LowerExtrmAmpt -> Disability,30_39,0.164,South Asia,F
LowerExtrmAmpt -> Disability,40_49,0.164,South Asia,F
LowerExtrmAmpt -> Disability,50_59,0.164,South Asia,F
LowerExtrmAmpt -> Disability,60_69,0.164,South Asia,F
LowerExtrmAmpt -> Disability,70_79,0.164,South Asia,F
LowerExtrmAmpt -> Disability,80_100,0.164,South Asia,F
LowerExtrmAmpt -> Deceased,0_4,0.0,South Asia,F
LowerExtrmAmpt -> Deceased,5_9,0.0,South Asia,F
LowerExtrmAmpt -> Deceased,10_14,0.0,South Asia,F
LowerExtrmAmpt -> Deceased,15_19,0.0,South Asia,F
LowerExtrmAmpt -> Deceased,20_24,0.0004,South Asia,F
LowerExtrmAmpt -> Deceased,25_29,0.002,South Asia,F
LowerExtrmAmpt -> Deceased,30_39,0.0059,South Asia,F
LowerExtrmAmpt -> Deceased,40_49,0.0098,South Asia,F
LowerExtrmAmpt -> Deceased,50_59,0.0191,South Asia,F
LowerExtrmAmpt -> Deceased,60_69,0.0332,South Asia,F
LowerExtrmAmpt -> Deceased,70_79,0.0547,South Asia,F
LowerExtrmAmpt -> Deceased,80_100,0.0923,South Asia,F
Prevalence -> LowerExtrmAmpt,0_4,0.0,South Asia,F
Prevalence -> LowerExtrmAmpt,5_9,0.0,South Asia,F
Prevalence -> LowerExtrmAmpt,10_14,0.0,South Asia,F
Prevalence -> LowerExtrmAmpt,15_19,0.0,South Asia,F
Prevalence -> LowerExtrmAmpt,20_24,0.0001,South Asia,F
Prevalence -> LowerExtrmAmpt,25_29,0.0002,South Asia,F
Prevalence -> LowerExtrmAmpt,30_39,0.0004,South Asia,F
Prevalence -> LowerExtrmAmpt,40_49,0.0006,South Asia,F
Prevalence -> LowerExtrmAmpt,50_59,0.0006,South Asia,F
Prevalence -> LowerExtrmAmpt,60_69,0.0013,South Asia,F
Prevalence -> LowerExtrmAmpt,70_79,0.0032,South Asia,F
Prevalence -> LowerExtrmAmpt,80_100,0.0066,South Asia,F
Disability -> Disability,0_4,0.0,South Asia,F
Disability -> Disability,5_9,0.0,South Asia,F
Disability -> Disability,10_14,0.0,South Asia,F
Disability -> Disability,15_19,0.0,South Asia,F
Disability -> Disability,20_24,0.0,South Asia,F
Disability -> Disability,25_29,0.0,South Asia,F
Disability -> Disability,30_39,0.0,South Asia,F
Disability -> Disability,40_49,0.0,South Asia,F
Disability -> Disability,50_59,0.0,South Asia,F
Disability -> Disability,60_69,0.0,South Asia,F
Disability -> Disability,70_79,0.0,South Asia,F
Disability -> Disability,80_100,0.0,South Asia,F
StdGlycControl -> DiabeticRetinopathy,0_4,-75.0,South Asia,F
StdGlycControl -> DiabeticRetinopathy,5_9,-75.0,South Asia,F
StdGlycControl -> DiabeticRetinopathy,10_14,-75.0,South Asia,F
StdGlycControl -> DiabeticRetinopathy,15_19,-75.0,South Asia,F
StdGlycControl -> DiabeticRetinopathy,20_24,-75.0,South Asia,F
StdGlycControl -> DiabeticRetinopathy,25_29,-75.0,South Asia,F
StdGlycControl -> DiabeticRetinopathy,30_39,-75.0,South Asia,F
StdGlycControl -> DiabeticRetinopathy,40_49,-75.0,South Asia,F
StdGlycControl -> DiabeticRetinopathy,50_59,-75.0,South Asia,F
StdGlycControl -> DiabeticRetinopathy,60_69,-75.0,South Asia,F
StdGlycControl -> DiabeticRetinopathy,70_79,-75.0,South Asia,F
StdGlycControl -> DiabeticRetinopathy,80_100,-75.0,South Asia,F
StdGlycControl -> LowerExtrmAmpt,0_4,-28.6,South Asia,F
StdGlycControl -> LowerExtrmAmpt,5_9,-28.6,South Asia,F
StdGlycControl -> LowerExtrmAmpt,10_14,-28.6,South Asia,F
StdGlycControl -> LowerExtrmAmpt,15_19,-28.6,South Asia,F
StdGlycControl -> LowerExtrmAmpt,20_24,-28.6,South Asia,F
StdGlycControl -> LowerExtrmAmpt,25_29,-28.6,South Asia,F
StdGlycControl -> LowerExtrmAmpt,30_39,-28.6,South Asia,F
StdGlycControl -> LowerExtrmAmpt,40_49,-28.6,South Asia,F
StdGlycControl -> LowerExtrmAmpt,50_59,-28.6,South Asia,F
StdGlycControl -> LowerExtrmAmpt,60_69,-28.6,South Asia,F
StdGlycControl -> LowerExtrmAmpt,70_79,-28.6,South Asia,F
StdGlycControl -> LowerExtrmAmpt,80_100,-28.6,South Asia,F
StdGlycControl -> DiabeticNephropathy,0_4,-39.0,South Asia,F
StdGlycControl -> DiabeticNephropathy,5_9,-39.0,South Asia,F
StdGlycControl -> DiabeticNephropathy,10_14,-39.0,South Asia,F
StdGlycControl -> DiabeticNephropathy,15_19,-39.0,South Asia,F
StdGlycControl -> DiabeticNephropathy,20_24,-39.0,South Asia,F
StdGlycControl -> DiabeticNephropathy,25_29,-39.0,South Asia,F
StdGlycControl -> DiabeticNephropathy,30_39,-39.0,South Asia,F
StdGlycControl -> DiabeticNephropathy,40_49,-39.0,South Asia,F
StdGlycControl -> DiabeticNephropathy,50_59,-39.0,South Asia,F
StdGlycControl -> DiabeticNephropathy,60_69,-39.0,South Asia,F
StdGlycControl -> DiabeticNephropathy,70_79,-39.0,South Asia,F
StdGlycControl -> DiabeticNephropathy,80_100,-39.0,South Asia,F
IntsvGlycControl -> DiabeticRetinopathy,0_4,-65.0,South Asia,F
IntsvGlycControl -> DiabeticRetinopathy,5_9,-65.0,South Asia,F
IntsvGlycControl -> DiabeticRetinopathy,10_14,-65.0,South Asia,F
IntsvGlycControl -> DiabeticRetinopathy,15_19,-65.0,South Asia,F
IntsvGlycControl -> DiabeticRetinopathy,20_24,-65.0,South Asia,F
IntsvGlycControl -> DiabeticRetinopathy,25_29,-65.0,South Asia,F
IntsvGlycControl -> DiabeticRetinopathy,30_39,-65.0,South Asia,F
IntsvGlycControl -> DiabeticRetinopathy,40_49,-65.0,South Asia,F
IntsvGlycControl -> DiabeticRetinopathy,50_59,-65.0,South Asia,F
IntsvGlycControl -> DiabeticRetinopathy,60_69,-65.0,South Asia,F
IntsvGlycControl -> DiabeticRetinopathy,70_79,-65.0,South Asia,F
IntsvGlycControl -> DiabeticRetinopathy,80_100,-65.0,South Asia,F
IntsvGlycControl -> LowerExtrmAmpt,0_4,-15.1,South Asia,F
IntsvGlycControl -> LowerExtrmAmpt,5_9,-15.1,South Asia,F
IntsvGlycControl -> LowerExtrmAmpt,10_14,-15.1,South Asia,F
IntsvGlycControl -> LowerExtrmAmpt,15_19,-15.1,South Asia,F
IntsvGlycControl -> LowerExtrmAmpt,20_24,-15.1,South Asia,F
IntsvGlycControl -> LowerExtrmAmpt,25_29,-15.1,South Asia,F
IntsvGlycControl -> LowerExtrmAmpt,30_39,-15.1,South Asia,F
IntsvGlycControl -> LowerExtrmAmpt,40_49,-15.1,South Asia,F
IntsvGlycControl -> LowerExtrmAmpt,50_59,-15.1,South Asia,F
IntsvGlycControl -> LowerExtrmAmpt,60_69,-15.1,South Asia,F
IntsvGlycControl -> LowerExtrmAmpt,70_79,-15.1,South Asia,F
IntsvGlycControl -> LowerExtrmAmpt,80_100,-15.1,South Asia,F
IntsvGlycControl -> DiabeticNephropathy,0_4,-39.0,South Asia,F
IntsvGlycControl -> DiabeticNephropathy,5_9,-39.0,South Asia,F
IntsvGlycControl -> DiabeticNephropathy,10_14,-39.0,South Asia,F
IntsvGlycControl -> DiabeticNephropathy,15_19,-39.0,South Asia,F
IntsvGlycControl -> DiabeticNephropathy,20_24,-39.0,South Asia,F
IntsvGlycControl -> DiabeticNephropathy,25_29,-39.0,South Asia,F
IntsvGlycControl -> DiabeticNephropathy,30_39,-39.0,South Asia,F
IntsvGlycControl -> DiabeticNephropathy,40_49,-39.0,South Asia,F
IntsvGlycControl -> DiabeticNephropathy,50_59,-39.0,South Asia,F
IntsvGlycControl -> DiabeticNephropathy,60_69,-39.0,South Asia,F
IntsvGlycControl -> DiabeticNephropathy,70_79,-39.0,South Asia,F
IntsvGlycControl -> DiabeticNephropathy,80_100,-39.0,South Asia,F
RetinopathyScrn -> DiabeticRetinopathy,0_4,-20.0,South Asia,F
RetinopathyScrn -> DiabeticRetinopathy,5_9,-20.0,South Asia,F
RetinopathyScrn -> DiabeticRetinopathy,10_14,-20.0,South Asia,F
RetinopathyScrn -> DiabeticRetinopathy,15_19,-20.0,South Asia,F
RetinopathyScrn -> DiabeticRetinopathy,20_24,-20.0,South Asia,F
RetinopathyScrn -> DiabeticRetinopathy,25_29,-20.0,South Asia,F
RetinopathyScrn -> DiabeticRetinopathy,30_39,-20.0,South Asia,F
RetinopathyScrn -> DiabeticRetinopathy,40_49,-20.0,South Asia,F
RetinopathyScrn -> DiabeticRetinopathy,50_59,-20.0,South Asia,F
RetinopathyScrn -> DiabeticRetinopathy,60_69,-20.0,South Asia,F
RetinopathyScrn -> DiabeticRetinopathy,70_79,-20.0,South Asia,F
RetinopathyScrn -> DiabeticRetinopathy,80_100,-20.0,South Asia,F
NeuropathyScr -> LowerExtrmAmpt,0_4,-35.0,South Asia,F
NeuropathyScr -> LowerExtrmAmpt,5_9,-35.0,South Asia,F
NeuropathyScr -> LowerExtrmAmpt,10_14,-35.0,South Asia,F
NeuropathyScr -> LowerExtrmAmpt,15_19,-35.0,South Asia,F
NeuropathyScr -> LowerExtrmAmpt,20_24,-35.0,South Asia,F
NeuropathyScr -> LowerExtrmAmpt,25_29,-35.0,South Asia,F
NeuropathyScr -> LowerExtrmAmpt,30_39,-35.0,South Asia,F
NeuropathyScr -> LowerExtrmAmpt,40_49,-35.0,South Asia,F
NeuropathyScr -> LowerExtrmAmpt,50_59,-35.0,South Asia,F
NeuropathyScr -> LowerExtrmAmpt,60_69,-35.0,South Asia,F
NeuropathyScr -> LowerExtrmAmpt,70_79,-35.0,South Asia,F
NeuropathyScr -> LowerExtrmAmpt,80_100,-35.0,South Asia,F
NephropathyScr -> DiabeticNephropathy,0_4,-24.0,South Asia,F
NephropathyScr -> DiabeticNephropathy,5_9,-24.0,South Asia,F
NephropathyScr -> DiabeticNephropathy,10_14,-24.0,South Asia,F
NephropathyScr -> DiabeticNephropathy,15_19,-24.0,South Asia,F
NephropathyScr -> DiabeticNephropathy,20_24,-24.0,South Asia,F
NephropathyScr -> DiabeticNephropathy,25_29,-24.0,South Asia,F
NephropathyScr -> DiabeticNephropathy,30_39,-24.0,South Asia,F
NephropathyScr -> DiabeticNephropathy,40_49,-24.0,South Asia,F
NephropathyScr -> DiabeticNephropathy,50_59,-24.0,South Asia,F
NephropathyScr -> DiabeticNephropathy,60_69,-24.0,South Asia,F
NephropathyScr -> DiabeticNephropathy,70_79,-24.0,South Asia,F
NephropathyScr -> DiabeticNephropathy,80_100,-24.0,South Asia,F
DiabeticNephropathy -> Disability,0_4,0.338,South Asia,F
DiabeticNephropathy -> Disability,5_9,0.338,South Asia,F
DiabeticNephropathy -> Disability,10_14,0.338,South Asia,F
DiabeticNephropathy -> Disability,15_19,0.338,South Asia,F
DiabeticNephropathy -> Disability,20_24,0.338,South Asia,F
DiabeticNephropathy -> Disability,25_29,0.338,South Asia,F
DiabeticNephropathy -> Disability,30_39,0.338,South Asia,F
DiabeticNephropathy -> Disability,40_49,0.338,South Asia,F
DiabeticNephropathy -> Disability,50_59,0.338,South Asia,F
DiabeticNephropathy -> Disability,60_69,0.338,South Asia,F
DiabeticNephropathy -> Disability,70_79,0.338,South Asia,F
DiabeticNephropathy -> Disability,80_100,0.338,South Asia,F
DiabeticNephropathy -> Deceased,0_4,0.0,South Asia,F
DiabeticNephropathy -> Deceased,5_9,0.0,South Asia,F
DiabeticNephropathy -> Deceased,10_14,0.0,South Asia,F
DiabeticNephropathy -> Deceased,15_19,0.0,South Asia,F
DiabeticNephropathy -> Deceased,20_24,0.0005515615360652833,South Asia,F
DiabeticNephropathy -> Deceased,25_29,0.0023900999896162276,South Asia,F
DiabeticNephropathy -> Deceased,30_39,0.005515615360652834,South Asia,F
DiabeticNephropathy -> Deceased,40_49,0.009192692267754722,South Asia,F
DiabeticNephropathy -> Deceased,50_59,0.017649969154089066,South Asia,F
DiabeticNephropathy -> Deceased,60_69,0.028865053720749823,South Asia,F
DiabeticNephropathy -> Deceased,70_79,0.05019209978194078,South Asia,F
DiabeticNephropathy -> Deceased,80_100,0.08549203809011892,South Asia,F
Prevalence -> DiabeticNephropathy,0_4,0.00428,South Asia,F
Prevalence -> DiabeticNephropathy,5_9,0.00428,South Asia,F
Prevalence -> DiabeticNephropathy,10_14,0.00436,South Asia,F
Prevalence -> DiabeticNephropathy,15_19,0.004560000000000001,South Asia,F
Prevalence -> DiabeticNephropathy,20_24,0.00496,South Asia,F
Prevalence -> DiabeticNephropathy,25_29,0.006200000000000001,South Asia,F
Prevalence -> DiabeticNephropathy,30_39,0.011000000000000001,South Asia,F
Prevalence -> DiabeticNephropathy,40_49,0.020680000000000004,South Asia,F
Prevalence -> DiabeticNephropathy,50_59,0.03332,South Asia,F
Prevalence -> DiabeticNephropathy,60_69,0.04012,South Asia,F
Prevalence -> DiabeticNephropathy,70_79,0.04916,South Asia,F
Prevalence -> DiabeticNephropathy,80_100,0.08984,South Asia,F
DsFreeSus -> Disability,0_4,0.03356308846598386,Southeast Asia,M
DsFreeSus -> Disability,5_9,0.047287213522288374,Southeast Asia,M
DsFreeSus -> Disability,10_14,0.06101133857859289,Southeast Asia,M
DsFreeSus -> Disability,15_19,0.07473546363489739,Southeast Asia,M
DsFreeSus -> Disability,20_24,0.0884595886912019,Southeast Asia,M
DsFreeSus -> Disability,25_29,0.10218371374750641,Southeast Asia,M
DsFreeSus -> Disability,30_39,0.12276990133196318,Southeast Asia,M
DsFreeSus -> Disability,40_49,0.1502181514445722,Southeast Asia,M
DsFreeSus -> Disability,50_59,0.17766640155718122,Southeast Asia,M
DsFreeSus -> Disability,60_69,0.20511465166979026,Southeast Asia,M
DsFreeSus -> Disability,70_79,0.23256290178239927,Southeast Asia,M
DsFreeSus -> Disability,80_100,0.26687321442316053,Southeast Asia,M
DsFreeSus -> Diabetes,0_4,0.0,Southeast Asia,M
DsFreeSus -> Diabetes,5_9,0.0,Southeast Asia,M
DsFreeSus -> Diabetes,10_14,1e-09,Southeast Asia,M
DsFreeSus -> Diabetes,15_19,0.0002,Southeast Asia,M
DsFreeSus -> Diabetes,20_24,0.0003,Southeast Asia,M
DsFreeSus -> Diabetes,25_29,0.0007,Southeast Asia,M
DsFreeSus -> Diabetes,30_39,0.0016,Southeast Asia,M
DsFreeSus -> Diabetes,40_49,0.0025,Southeast Asia,M
DsFreeSus -> Diabetes,50_59,0.0033,Southeast Asia,M
DsFreeSus -> Diabetes,60_69,0.003,Southeast Asia,M
DsFreeSus -> Diabetes,70_79,0.0051,Southeast Asia,M
DsFreeSus -> Diabetes,80_100,0.0081,Southeast Asia,M
Diabetes -> Disability,0_4,0.031,Southeast Asia,M
Diabetes -> Disability,5_9,0.031,Southeast Asia,M
Diabetes -> Disability,10_14,0.031,Southeast Asia,M
Diabetes -> Disability,15_19,0.031,Southeast Asia,M
Diabetes -> Disability,20_24,0.031,Southeast Asia,M
Diabetes -> Disability,25_29,0.031,Southeast Asia,M
Diabetes -> Disability,30_39,0.031,Southeast Asia,M
Diabetes -> Disability,40_49,0.031,Southeast Asia,M
Diabetes -> Disability,50_59,0.031,Southeast Asia,M
Diabetes -> Disability,60_69,0.031,Southeast Asia,M
Diabetes -> Disability,70_79,0.031,Southeast Asia,M
Diabetes -> Disability,80_100,0.031,Southeast Asia,M
Diabetes -> Deceased,0_4,0.0,Southeast Asia,M
Diabetes -> Deceased,5_9,0.0,Southeast Asia,M
Diabetes -> Deceased,10_14,0.0,Southeast Asia,M
Diabetes -> Deceased,15_19,0.0,Southeast Asia,M
Diabetes -> Deceased,20_24,0.00018324303523763565,Southeast Asia,M
Diabetes -> Deceased,25_29,0.0008551341644422999,Southeast Asia,M
Diabetes -> Deceased,30_39,0.0022599974345975066,Southeast Asia,M
Diabetes -> Deceased,40_49,0.00421458981046562,Southeast Asia,M
Diabetes -> Deceased,50_59,0.00806269355045597,Southeast Asia,M
Diabetes -> Deceased,60_69,0.011544311219971048,Southeast Asia,M
Diabetes -> Deceased,70_79,0.018690789594238838,Southeast Asia,M
Diabetes -> Deceased,80_100,0.021928083216770405,Southeast Asia,M
Diabetes -> DiabeticRetinopathy,0_4,0.0,Southeast Asia,M
Diabetes -> DiabeticRetinopathy,5_9,0.0,Southeast Asia,M
Diabetes -> DiabeticRetinopathy,10_14,0.0,Southeast Asia,M
Diabetes -> DiabeticRetinopathy,15_19,0.0,Southeast Asia,M
Diabetes -> DiabeticRetinopathy,20_24,0.0006849616862074353,Southeast Asia,M
Diabetes -> DiabeticRetinopathy,25_29,0.0012050316481051198,Southeast Asia,M
Diabetes -> DiabeticRetinopathy,30_39,0.0023541918216422424,Southeast Asia,M
Diabetes -> DiabeticRetinopathy,40_49,0.0025485873109459285,Southeast Asia,M
Diabetes -> DiabeticRetinopathy,50_59,0.00393466361856191,Southeast Asia,M
Diabetes -> DiabeticRetinopathy,60_69,0.0064923044127849034,Southeast Asia,M
Diabetes -> DiabeticRetinopathy,70_79,0.005019898404892096,Southeast Asia,M
Diabetes -> DiabeticRetinopathy,80_100,0.0036438378577369345,Southeast Asia,M
Diabetes -> LowerExtrmAmpt,0_4,0.0,Southeast Asia,M
Diabetes -> LowerExtrmAmpt,5_9,0.0,Southeast Asia,M
Diabetes -> LowerExtrmAmpt,10_14,6.072240983889877e-05,Southeast Asia,M
Diabetes -> LowerExtrmAmpt,15_19,0.0010892308222185867,Southeast Asia,M
Diabetes -> LowerExtrmAmpt,20_24,0.003204499116759931,Southeast Asia,M
Diabetes -> LowerExtrmAmpt,25_29,0.006018748497716529,Southeast Asia,M
Diabetes -> LowerExtrmAmpt,30_39,0.005849905099911901,Southeast Asia,M
Diabetes -> LowerExtrmAmpt,40_49,0.0012610938008744397,Southeast Asia,M
Diabetes -> LowerExtrmAmpt,50_59,0.0007794973308768095,Southeast Asia,M
Diabetes -> LowerExtrmAmpt,60_69,0.006419378182341754,Southeast Asia,M
Diabetes -> LowerExtrmAmpt,70_79,0.013767107774937717,Southeast Asia,M
Diabetes -> LowerExtrmAmpt,80_100,0.013815224356789332,Southeast Asia,M
Diabetes -> DiabeticNephropathy,0_4,0.0,Southeast Asia,M
Diabetes -> DiabeticNephropathy,5_9,0.0,Southeast Asia,M
Diabetes -> DiabeticNephropathy,10_14,0.014,Southeast Asia,M
Diabetes -> DiabeticNephropathy,15_19,0.014,Southeast Asia,M
Diabetes -> DiabeticNephropathy,20_24,0.014,Southeast Asia,M
Diabetes -> DiabeticNephropathy,25_29,0.014,Southeast Asia,M
Diabetes -> DiabeticNephropathy,30_39,0.014,Southeast Asia,M
Diabetes -> DiabeticNephropathy,40_49,0.014,Southeast Asia,M
Diabetes -> DiabeticNephropathy,50_59,0.014,Southeast Asia,M
Diabetes -> DiabeticNephropathy,60_69,0.014,Southeast Asia,M
Diabetes -> DiabeticNephropathy,70_79,0.014,Southeast Asia,M
Diabetes -> DiabeticNephropathy,80_100,0.014,Southeast Asia,M
Prevalence -> Diabetes,0_4,0.0,Southeast Asia,M
Prevalence -> Diabetes,5_9,0.0,Southeast Asia,M
Prevalence -> Diabetes,10_14,0.0051225,Southeast Asia,M
Prevalence -> Diabetes,15_19,0.005600600000000001,Southeast Asia,M
Prevalence -> Diabetes,20_24,0.0063519,Southeast Asia,M
Prevalence -> Diabetes,25_29,0.007991100000000001,Southeast Asia,M
Prevalence -> Diabetes,30_39,0.014001500000000002,Southeast Asia,M
Prevalence -> Diabetes,40_49,0.0262272,Southeast Asia,M
Prevalence -> Diabetes,50_59,0.0420045,Southeast Asia,M
Prevalence -> Diabetes,60_69,0.05504980000000001,Southeast Asia,M
Prevalence -> Diabetes,70_79,0.0630409,Southeast Asia,M
Prevalence -> Diabetes,80_100,0.0868093,Southeast Asia,M
DiabeticRetinopathy -> Disability,0_4,0.338,Southeast Asia,M
DiabeticRetinopathy -> Disability,5_9,0.338,Southeast Asia,M
DiabeticRetinopathy -> Disability,10_14,0.338,Southeast Asia,M
DiabeticRetinopathy -> Disability,15_19,0.338,Southeast Asia,M
DiabeticRetinopathy -> Disability,20_24,0.338,Southeast Asia,M
DiabeticRetinopathy -> Disability,25_29,0.338,Southeast Asia,M
DiabeticRetinopathy -> Disability,30_39,0.338,Southeast Asia,M
DiabeticRetinopathy -> Disability,40_49,0.338,Southeast Asia,M
DiabeticRetinopathy -> Disability,50_59,0.338,Southeast Asia,M
DiabeticRetinopathy -> Disability,60_69,0.338,Southeast Asia,M
DiabeticRetinopathy -> Disability,70_79,0.338,Southeast Asia,M
DiabeticRetinopathy -> Disability,80_100,0.338,Southeast Asia,M
DiabeticRetinopathy -> Deceased,0_4,0.0,Southeast Asia,M
DiabeticRetinopathy -> Deceased,5_9,0.0,Southeast Asia,M
DiabeticRetinopathy -> Deceased,10_14,0.0,Southeast Asia,M
DiabeticRetinopathy -> Deceased,15_19,0.0,Southeast Asia,M
DiabeticRetinopathy -> Deceased,20_24,0.0004,Southeast Asia,M
DiabeticRetinopathy -> Deceased,25_29,0.002,Southeast Asia,M
DiabeticRetinopathy -> Deceased,30_39,0.0073,Southeast Asia,M
DiabeticRetinopathy -> Deceased,40_49,0.0139,Southeast Asia,M
DiabeticRetinopathy -> Deceased,50_59,0.0269,Southeast Asia,M
DiabeticRetinopathy -> Deceased,60_69,0.0384,Southeast Asia,M
DiabeticRetinopathy -> Deceased,70_79,0.0602,Southeast Asia,M
DiabeticRetinopathy -> Deceased,80_100,0.0716,Southeast Asia,M
Prevalence -> DiabeticRetinopathy,0_4,0.0,Southeast Asia,M
Prevalence -> DiabeticRetinopathy,5_9,0.0,Southeast Asia,M
Prevalence -> DiabeticRetinopathy,10_14,0.0,Southeast Asia,M
Prevalence -> DiabeticRetinopathy,15_19,0.0,Southeast Asia,M
Prevalence -> DiabeticRetinopathy,20_24,0.0003,Southeast Asia,M
Prevalence -> DiabeticRetinopathy,25_29,0.0003,Southeast Asia,M
Prevalence -> DiabeticRetinopathy,30_39,0.0006,Southeast Asia,M
Prevalence -> DiabeticRetinopathy,40_49,0.0012,Southeast Asia,M
Prevalence -> DiabeticRetinopathy,50_59,0.0024,Southeast Asia,M
Prevalence -> DiabeticRetinopathy,60_69,0.0051,Southeast Asia,M
Prevalence -> DiabeticRetinopathy,70_79,0.0071,Southeast Asia,M
Prevalence -> DiabeticRetinopathy,80_100,0.0069,Southeast Asia,M
LowerExtrmAmpt -> Disability,0_4,0.164,Southeast Asia,M
LowerExtrmAmpt -> Disability,5_9,0.164,Southeast Asia,M
LowerExtrmAmpt -> Disability,10_14,0.164,Southeast Asia,M
LowerExtrmAmpt -> Disability,15_19,0.164,Southeast Asia,M
LowerExtrmAmpt -> Disability,20_24,0.164,Southeast Asia,M
LowerExtrmAmpt -> Disability,25_29,0.164,Southeast Asia,M
LowerExtrmAmpt -> Disability,30_39,0.164,Southeast Asia,M
LowerExtrmAmpt -> Disability,40_49,0.164,Southeast Asia,M
LowerExtrmAmpt -> Disability,50_59,0.164,Southeast Asia,M
LowerExtrmAmpt -> Disability,60_69,0.164,Southeast Asia,M
LowerExtrmAmpt -> Disability,70_79,0.164,Southeast Asia,M
LowerExtrmAmpt -> Disability,80_100,0.164,Southeast Asia,M
LowerExtrmAmpt -> Deceased,0_4,0.0,Southeast Asia,M
LowerExtrmAmpt -> Deceased,5_9,0.0,Southeast Asia,M
LowerExtrmAmpt -> Deceased,10_14,0.0,Southeast Asia,M
LowerExtrmAmpt -> Deceased,15_19,0.0,Southeast Asia,M
LowerExtrmAmpt -> Deceased,20_24,0.0004,Southeast Asia,M
LowerExtrmAmpt -> Deceased,25_29,0.0022,Southeast Asia,M
LowerExtrmAmpt -> Deceased,30_39,0.0074,Southeast Asia,M
LowerExtrmAmpt -> Deceased,40_49,0.0136,Southeast Asia,M
LowerExtrmAmpt -> Deceased,50_59,0.0262,Southeast Asia,M
LowerExtrmAmpt -> Deceased,60_69,0.0393,Southeast Asia,M
LowerExtrmAmpt -> Deceased,70_79,0.0613,Southeast Asia,M
LowerExtrmAmpt -> Deceased,80_100,0.0716,Southeast Asia,M
Prevalence -> LowerExtrmAmpt,0_4,0.0,Southeast Asia,M
Prevalence -> LowerExtrmAmpt,5_9,0.0,Southeast Asia,M
Prevalence -> LowerExtrmAmpt,10_14,0.0,Southeast Asia,M
Prevalence -> LowerExtrmAmpt,15_19,0.0,Southeast Asia,M
Prevalence -> LowerExtrmAmpt,20_24,0.0001,Southeast Asia,M
Prevalence -> LowerExtrmAmpt,25_29,0.0003,Southeast Asia,M
Prevalence -> LowerExtrmAmpt,30_39,0.0011,Southeast Asia,M
Prevalence -> LowerExtrmAmpt,40_49,0.0018,Southeast Asia,M
Prevalence -> LowerExtrmAmpt,50_59,0.0018,Southeast Asia,M
Prevalence -> LowerExtrmAmpt,60_69,0.0035,Southeast Asia,M
Prevalence -> LowerExtrmAmpt,70_79,0.0088,Southeast Asia,M
Prevalence -> LowerExtrmAmpt,80_100,0.0168,Southeast Asia,M
Disability -> Disability,0_4,0.0,Southeast Asia,M
Disability -> Disability,5_9,0.0,Southeast Asia,M
Disability -> Disability,10_14,0.0,Southeast Asia,M
Disability -> Disability,15_19,0.0,Southeast Asia,M
Disability -> Disability,20_24,0.0,Southeast Asia,M
Disability -> Disability,25_29,0.0,Southeast Asia,M
Disability -> Disability,30_39,0.0,Southeast Asia,M
Disability -> Disability,40_49,0.0,Southeast Asia,M
Disability -> Disability,50_59,0.0,Southeast Asia,M
Disability -> Disability,60_69,0.0,Southeast Asia,M
Disability -> Disability,70_79,0.0,Southeast Asia,M
Disability -> Disability,80_100,0.0,Southeast Asia,M
StdGlycControl -> DiabeticRetinopathy,0_4,-75.0,Southeast Asia,M
StdGlycControl -> DiabeticRetinopathy,5_9,-75.0,Southeast Asia,M
StdGlycControl -> DiabeticRetinopathy,10_14,-75.0,Southeast Asia,M
StdGlycControl -> DiabeticRetinopathy,15_19,-75.0,Southeast Asia,M
StdGlycControl -> DiabeticRetinopathy,20_24,-75.0,Southeast Asia,M
StdGlycControl -> DiabeticRetinopathy,25_29,-75.0,Southeast Asia,M
StdGlycControl -> DiabeticRetinopathy,30_39,-75.0,Southeast Asia,M
StdGlycControl -> DiabeticRetinopathy,40_49,-75.0,Southeast Asia,M
StdGlycControl -> DiabeticRetinopathy,50_59,-75.0,Southeast Asia,M
StdGlycControl -> DiabeticRetinopathy,60_69,-75.0,Southeast Asia,M
StdGlycControl -> DiabeticRetinopathy,70_79,-75.0,Southeast Asia,M
StdGlycControl -> DiabeticRetinopathy,80_100,-75.0,Southeast Asia,M
StdGlycControl -> LowerExtrmAmpt,0_4,-28.6,Southeast Asia,M
StdGlycControl -> LowerExtrmAmpt,5_9,-28.6,Southeast Asia,M
StdGlycControl -> LowerExtrmAmpt,10_14,-28.6,Southeast Asia,M
StdGlycControl -> LowerExtrmAmpt,15_19,-28.6,Southeast Asia,M
StdGlycControl -> LowerExtrmAmpt,20_24,-28.6,Southeast Asia,M
StdGlycControl -> LowerExtrmAmpt,25_29,-28.6,Southeast Asia,M
StdGlycControl -> LowerExtrmAmpt,30_39,-28.6,Southeast Asia,M
StdGlycControl -> LowerExtrmAmpt,40_49,-28.6,Southeast Asia,M
StdGlycControl -> LowerExtrmAmpt,50_59,-28.6,Southeast Asia,M
StdGlycControl -> LowerExtrmAmpt,60_69,-28.6,Southeast Asia,M
StdGlycControl -> LowerExtrmAmpt,70_79,-28.6,Southeast Asia,M
StdGlycControl -> LowerExtrmAmpt,80_100,-28.6,Southeast Asia,M
StdGlycControl -> DiabeticNephropathy,0_4,-39.0,Southeast Asia,M
StdGlycControl -> DiabeticNephropathy,5_9,-39.0,Southeast Asia,M
StdGlycControl -> DiabeticNephropathy,10_14,-39.0,Southeast Asia,M
StdGlycControl -> DiabeticNephropathy,15_19,-39.0,Southeast Asia,M
StdGlycControl -> DiabeticNephropathy,20_24,-39.0,Southeast Asia,M
StdGlycControl -> DiabeticNephropathy,25_29,-39.0,Southeast Asia,M
StdGlycControl -> DiabeticNephropathy,30_39,-39.0,Southeast Asia,M
StdGlycControl -> DiabeticNephropathy,40_49,-39.0,Southeast Asia,M
StdGlycControl -> DiabeticNephropathy,50_59,-39.0,Southeast Asia,M
StdGlycControl -> DiabeticNephropathy,60_69,-39.0,Southeast Asia,M
StdGlycControl -> DiabeticNephropathy,70_79,-39.0,Southeast Asia,M
StdGlycControl -> DiabeticNephropathy,80_100,-39.0,Southeast Asia,M
IntsvGlycControl -> DiabeticRetinopathy,0_4,-65.0,Southeast Asia,M
IntsvGlycControl -> DiabeticRetinopathy,5_9,-65.0,Southeast Asia,M
IntsvGlycControl -> DiabeticRetinopathy,10_14,-65.0,Southeast Asia,M
IntsvGlycControl -> DiabeticRetinopathy,15_19,-65.0,Southeast Asia,M
IntsvGlycControl -> DiabeticRetinopathy,20_24,-65.0,Southeast Asia,M
IntsvGlycControl -> DiabeticRetinopathy,25_29,-65.0,Southeast Asia,M
IntsvGlycControl -> DiabeticRetinopathy,30_39,-65.0,Southeast Asia,M
IntsvGlycControl -> DiabeticRetinopathy,40_49,-65.0,Southeast Asia,M
IntsvGlycControl -> DiabeticRetinopathy,50_59,-65.0,Southeast Asia,M
IntsvGlycControl -> DiabeticRetinopathy,60_69,-65.0,Southeast Asia,M
IntsvGlycControl -> DiabeticRetinopathy,70_79,-65.0,Southeast Asia,M
IntsvGlycControl -> DiabeticRetinopathy,80_100,-65.0,Southeast Asia,M
IntsvGlycControl -> LowerExtrmAmpt,0_4,-15.1,Southeast Asia,M
IntsvGlycControl -> LowerExtrmAmpt,5_9,-15.1,Southeast Asia,M
IntsvGlycControl -> LowerExtrmAmpt,10_14,-15.1,Southeast Asia,M
IntsvGlycControl -> LowerExtrmAmpt,15_19,-15.1,Southeast Asia,M
IntsvGlycControl -> LowerExtrmAmpt,20_24,-15.1,Southeast Asia,M
IntsvGlycControl -> LowerExtrmAmpt,25_29,-15.1,Southeast Asia,M
IntsvGlycControl -> LowerExtrmAmpt,30_39,-15.1,Southeast Asia,M
IntsvGlycControl -> LowerExtrmAmpt,40_49,-15.1,Southeast Asia,M
IntsvGlycControl -> LowerExtrmAmpt,50_59,-15.1,Southeast Asia,M
IntsvGlycControl -> LowerExtrmAmpt,60_69,-15.1,Southeast Asia,M
IntsvGlycControl -> LowerExtrmAmpt,70_79,-15.1,Southeast Asia,M
IntsvGlycControl -> LowerExtrmAmpt,80_100,-15.1,Southeast Asia,M
IntsvGlycControl -> DiabeticNephropathy,0_4,-39.0,Southeast Asia,M
IntsvGlycControl -> DiabeticNephropathy,5_9,-39.0,Southeast Asia,M
IntsvGlycControl -> DiabeticNephropathy,10_14,-39.0,Southeast Asia,M
IntsvGlycControl -> DiabeticNephropathy,15_19,-39.0,Southeast Asia,M
IntsvGlycControl -> DiabeticNephropathy,20_24,-39.0,Southeast Asia,M
IntsvGlycControl -> DiabeticNephropathy,25_29,-39.0,Southeast Asia,M
IntsvGlycControl -> DiabeticNephropathy,30_39,-39.0,Southeast Asia,M
IntsvGlycControl -> DiabeticNephropathy,40_49,-39.0,Southeast Asia,M
IntsvGlycControl -> DiabeticNephropathy,50_59,-39.0,Southeast Asia,M
IntsvGlycControl -> DiabeticNephropathy,60_69,-39.0,Southeast Asia,M
IntsvGlycControl -> DiabeticNephropathy,70_79,-39.0,Southeast Asia,M
IntsvGlycControl -> DiabeticNephropathy,80_100,-39.0,Southeast Asia,M
RetinopathyScrn -> DiabeticRetinopathy,0_4,-20.0,Southeast Asia,M
RetinopathyScrn -> DiabeticRetinopathy,5_9,-20.0,Southeast Asia,M
RetinopathyScrn -> DiabeticRetinopathy,10_14,-20.0,Southeast Asia,M
RetinopathyScrn -> DiabeticRetinopathy,15_19,-20.0,Southeast Asia,M
RetinopathyScrn -> DiabeticRetinopathy,20_24,-20.0,Southeast Asia,M
RetinopathyScrn -> DiabeticRetinopathy,25_29,-20.0,Southeast Asia,M
RetinopathyScrn -> DiabeticRetinopathy,30_39,-20.0,Southeast Asia,M
RetinopathyScrn -> DiabeticRetinopathy,40_49,-20.0,Southeast Asia,M
RetinopathyScrn -> DiabeticRetinopathy,50_59,-20.0,Southeast Asia,M
RetinopathyScrn -> DiabeticRetinopathy,60_69,-20.0,Southeast Asia,M
RetinopathyScrn -> DiabeticRetinopathy,70_79,-20.0,Southeast Asia,M
RetinopathyScrn -> DiabeticRetinopathy,80_100,-20.0,Southeast Asia,M
NeuropathyScr -> LowerExtrmAmpt,0_4,-35.0,Southeast Asia,M
NeuropathyScr -> LowerExtrmAmpt,5_9,-35.0,Southeast Asia,M
NeuropathyScr -> LowerExtrmAmpt,10_14,-35.0,Southeast Asia,M
NeuropathyScr -> LowerExtrmAmpt,15_19,-35.0,Southeast Asia,M
NeuropathyScr -> LowerExtrmAmpt,20_24,-35.0,Southeast Asia,M
NeuropathyScr -> LowerExtrmAmpt,25_29,-35.0,Southeast Asia,M
NeuropathyScr -> LowerExtrmAmpt,30_39,-35.0,Southeast Asia,M
NeuropathyScr -> LowerExtrmAmpt,40_49,-35.0,Southeast Asia,M
NeuropathyScr -> LowerExtrmAmpt,50_59,-35.0,Southeast Asia,M
NeuropathyScr -> LowerExtrmAmpt,60_69,-35.0,Southeast Asia,M
NeuropathyScr -> LowerExtrmAmpt,70_79,-35.0,Southeast Asia,M
NeuropathyScr -> LowerExtrmAmpt,80_100,-35.0,Southeast Asia,M
NephropathyScr -> DiabeticNephropathy,0_4,-24.0,Southeast Asia,M
NephropathyScr -> DiabeticNephropathy,5_9,-24.0,Southeast Asia,M
NephropathyScr -> DiabeticNephropathy,10_14,-24.0,Southeast Asia,M
NephropathyScr -> DiabeticNephropathy,15_19,-24.0,Southeast Asia,M
NephropathyScr -> DiabeticNephropathy,20_24,-24.0,Southeast Asia,M
NephropathyScr -> DiabeticNephropathy,25_29,-24.0,Southeast Asia,M
NephropathyScr -> DiabeticNephropathy,30_39,-24.0,Southeast Asia,M
NephropathyScr -> DiabeticNephropathy,40_49,-24.0,Southeast Asia,M
NephropathyScr -> DiabeticNephropathy,50_59,-24.0,Southeast Asia,M
NephropathyScr -> DiabeticNephropathy,60_69,-24.0,Southeast Asia,M
NephropathyScr -> DiabeticNephropathy,70_79,-24.0,Southeast Asia,M
NephropathyScr -> DiabeticNephropathy,80_100,-24.0,Southeast Asia,M
DiabeticNephropathy -> Disability,0_4,0.338,Southeast Asia,M
DiabeticNephropathy -> Disability,5_9,0.338,Southeast Asia,M
DiabeticNephropathy -> Disability,10_14,0.338,Southeast Asia,M
DiabeticNephropathy -> Disability,15_19,0.338,Southeast Asia,M
DiabeticNephropathy -> Disability,20_24,0.338,Southeast Asia,M
DiabeticNephropathy -> Disability,25_29,0.338,Southeast Asia,M
DiabeticNephropathy -> Disability,30_39,0.338,Southeast Asia,M
DiabeticNephropathy -> Disability,40_49,0.338,Southeast Asia,M
DiabeticNephropathy -> Disability,50_59,0.338,Southeast Asia,M
DiabeticNephropathy -> Disability,60_69,0.338,Southeast Asia,M
DiabeticNephropathy -> Disability,70_79,0.338,Southeast Asia,M
DiabeticNephropathy -> Disability,80_100,0.338,Southeast Asia,M
DiabeticNephropathy -> Deceased,0_4,0.0,Southeast Asia,M
DiabeticNephropathy -> Deceased,5_9,0.0,Southeast Asia,M
DiabeticNephropathy -> Deceased,10_14,0.0,Southeast Asia,M
DiabeticNephropathy -> Deceased,15_19,0.0,Southeast Asia,M
DiabeticNephropathy -> Deceased,20_24,0.0005515615360652833,Southeast Asia,M
DiabeticNephropathy -> Deceased,25_29,0.0025739538349713225,Southeast Asia,M
DiabeticNephropathy -> Deceased,30_39,0.0068025922781384945,Southeast Asia,M
DiabeticNephropathy -> Deceased,40_49,0.012685915329501517,Southeast Asia,M
DiabeticNephropathy -> Deceased,50_59,0.024268707586872468,Southeast Asia,M
DiabeticNephropathy -> Deceased,60_69,0.03474837677211285,Southeast Asia,M
DiabeticNephropathy -> Deceased,70_79,0.0562592766786589,Southeast Asia,M
DiabeticNephropathy -> Deceased,80_100,0.06600353048247891,Southeast Asia,M
Prevalence -> DiabeticNephropathy,0_4,0.00428,Southeast Asia,M
Prevalence -> DiabeticNephropathy,5_9,0.00428,Southeast Asia,M
Prevalence -> DiabeticNephropathy,10_14,0.00436,Southeast Asia,M
Prevalence -> DiabeticNephropathy,15_19,0.004560000000000001,Southeast Asia,M
Prevalence -> DiabeticNephropathy,20_24,0.00496,Southeast Asia,M
Prevalence -> DiabeticNephropathy,25_29,0.006200000000000001,Southeast Asia,M
Prevalence -> DiabeticNephropathy,30_39,0.011000000000000001,Southeast Asia,M
Prevalence -> DiabeticNephropathy,40_49,0.020680000000000004,Southeast Asia,M
Prevalence -> DiabeticNephropathy,50_59,0.03332,Southeast Asia,M
Prevalence -> DiabeticNephropathy,60_69,0.04012,Southeast Asia,M
Prevalence -> DiabeticNephropathy,70_79,0.04916,Southeast Asia,M
Prevalence -> DiabeticNephropathy,80_100,0.08984,Southeast Asia,M
DsFreeSus -> Disability,0_4,0.031125095527893422,Southeast Asia,F
DsFreeSus -> Disability,5_9,0.04498853001891255,Southeast Asia,F
DsFreeSus -> Disability,10_14,0.05885196450993169,Southeast Asia,F
DsFreeSus -> Disability,15_19,0.07271539900095082,Southeast Asia,F
DsFreeSus -> Disability,20_24,0.08657883349196996,Southeast Asia,F
DsFreeSus -> Disability,25_29,0.1004422679829891,Southeast Asia,F
DsFreeSus -> Disability,30_39,0.12123741971951779,Southeast Asia,F
DsFreeSus -> Disability,40_49,0.14896428870155606,Southeast Asia,F
DsFreeSus -> Disability,50_59,0.17669115768359434,Southeast Asia,F
DsFreeSus -> Disability,60_69,0.20441802666563258,Southeast Asia,F
DsFreeSus -> Disability,70_79,0.23214489564767085,Southeast Asia,F
DsFreeSus -> Disability,80_100,0.2668034818752187,Southeast Asia,F
DsFreeSus -> Diabetes,0_4,0.0,Southeast Asia,F
DsFreeSus -> Diabetes,5_9,0.0,Southeast Asia,F
DsFreeSus -> Diabetes,10_14,1e-09,Southeast Asia,F
DsFreeSus -> Diabetes,15_19,0.0002,Southeast Asia,F
DsFreeSus -> Diabetes,20_24,0.0003,Southeast Asia,F
DsFreeSus -> Diabetes,25_29,0.0008,Southeast Asia,F
DsFreeSus -> Diabetes,30_39,0.0017,Southeast Asia,F
DsFreeSus -> Diabetes,40_49,0.0027,Southeast Asia,F
DsFreeSus -> Diabetes,50_59,0.0032,Southeast Asia,F
DsFreeSus -> Diabetes,60_69,0.0022,Southeast Asia,F
DsFreeSus -> Diabetes,70_79,0.0038,Southeast Asia,F
DsFreeSus -> Diabetes,80_100,0.0099,Southeast Asia,F
Diabetes -> Disability,0_4,0.031,Southeast Asia,F
Diabetes -> Disability,5_9,0.031,Southeast Asia,F
Diabetes -> Disability,10_14,0.031,Southeast Asia,F
Diabetes -> Disability,15_19,0.031,Southeast Asia,F
Diabetes -> Disability,20_24,0.031,Southeast Asia,F
Diabetes -> Disability,25_29,0.031,Southeast Asia,F
Diabetes -> Disability,30_39,0.031,Southeast Asia,F
Diabetes -> Disability,40_49,0.031,Southeast Asia,F
Diabetes -> Disability,50_59,0.031,Southeast Asia,F
Diabetes -> Disability,60_69,0.031,Southeast Asia,F
Diabetes -> Disability,70_79,0.031,Southeast Asia,F
Diabetes -> Disability,80_100,0.031,Southeast Asia,F
Diabetes -> Deceased,0_4,0.0,Southeast Asia,F
Diabetes -> Deceased,5_9,0.0,Southeast Asia,F
Diabetes -> Deceased,10_14,0.0,Southeast Asia,F
Diabetes -> Deceased,15_19,0.0,Southeast Asia,F
Diabetes -> Deceased,20_24,0.0001221620234917571,Southeast Asia,F
Diabetes -> Deceased,25_29,0.0004886480939670284,Southeast Asia,F
Diabetes -> Deceased,30_39,0.0012827012466634497,Southeast Asia,F
Diabetes -> Deceased,40_49,0.0023821594580892636,Southeast Asia,F
Diabetes -> Deceased,50_59,0.004519994869195013,Southeast Asia,F
Diabetes -> Deceased,60_69,0.006841073315538399,Southeast Asia,F
Diabetes -> Deceased,70_79,0.012827012466634499,Southeast Asia,F
Diabetes -> Deceased,80_100,0.029563209685005223,Southeast Asia,F
Diabetes -> DiabeticRetinopathy,0_4,0.0,Southeast Asia,F
Diabetes -> DiabeticRetinopathy,5_9,0.0,Southeast Asia,F
Diabetes -> DiabeticRetinopathy,10_14,0.012388503468780971,Southeast Asia,F
Diabetes -> DiabeticRetinopathy,15_19,0.013452795102897867,Southeast Asia,F
Diabetes -> DiabeticRetinopathy,20_24,0.002399276974641426,Southeast Asia,F
Diabetes -> DiabeticRetinopathy,25_29,0.0004358268781116289,Southeast Asia,F
Diabetes -> DiabeticRetinopathy,30_39,0.0009248028497628555,Southeast Asia,F
Diabetes -> DiabeticRetinopathy,40_49,0.0032372658529990395,Southeast Asia,F
Diabetes -> DiabeticRetinopathy,50_59,0.0040448216567576765,Southeast Asia,F
Diabetes -> DiabeticRetinopathy,60_69,0.006642401771709709,Southeast Asia,F
Diabetes -> DiabeticRetinopathy,70_79,0.004517707705379478,Southeast Asia,F
Diabetes -> DiabeticRetinopathy,80_100,0.006617305368815639,Southeast Asia,F
Diabetes -> LowerExtrmAmpt,0_4,0.0,Southeast Asia,F
Diabetes -> LowerExtrmAmpt,5_9,0.0,Southeast Asia,F
Diabetes -> LowerExtrmAmpt,10_14,5.829883985308692e-05,Southeast Asia,F
Diabetes -> LowerExtrmAmpt,15_19,0.0010810281779114357,Southeast Asia,F
Diabetes -> LowerExtrmAmpt,20_24,0.0026505526037423855,Southeast Asia,F
Diabetes -> LowerExtrmAmpt,25_29,0.003620226184606086,Southeast Asia,F
Diabetes -> LowerExtrmAmpt,30_39,0.0035732850850858917,Southeast Asia,F
Diabetes -> LowerExtrmAmpt,40_49,0.0007123476704179914,Southeast Asia,F
Diabetes -> LowerExtrmAmpt,50_59,0.000398695506526449,Southeast Asia,F
Diabetes -> LowerExtrmAmpt,60_69,0.003531795214753378,Southeast Asia,F
Diabetes -> LowerExtrmAmpt,70_79,0.007498659046570245,Southeast Asia,F
Diabetes -> LowerExtrmAmpt,80_100,0.010925575967863524,Southeast Asia,F
Diabetes -> DiabeticNephropathy,0_4,0.0,Southeast Asia,F
Diabetes -> DiabeticNephropathy,5_9,0.0,Southeast Asia,F
Diabetes -> DiabeticNephropathy,10_14,0.014,Southeast Asia,F
Diabetes -> DiabeticNephropathy,15_19,0.014,Southeast Asia,F
Diabetes -> DiabeticNephropathy,20_24,0.014,Southeast Asia,F
Diabetes -> DiabeticNephropathy,25_29,0.014,Southeast Asia,F
Diabetes -> DiabeticNephropathy,30_39,0.014,Southeast Asia,F
Diabetes -> DiabeticNephropathy,40_49,0.014,Southeast Asia,F
Diabetes -> DiabeticNephropathy,50_59,0.014,Southeast Asia,F
Diabetes -> DiabeticNephropathy,60_69,0.014,Southeast Asia,F
Diabetes -> DiabeticNephropathy,70_79,0.014,Southeast Asia,F
Diabetes -> DiabeticNephropathy,80_100,0.014,Southeast Asia,F
Prevalence -> Diabetes,0_4,0.004849300000000001,Southeast Asia,F
Prevalence -> Diabetes,5_9,0.0049176,Southeast Asia,F
Prevalence -> Diabetes,10_14,0.0051225,Southeast Asia,F
Prevalence -> Diabetes,15_19,0.0055323,Southeast Asia,F
Prevalence -> Diabetes,20_24,0.0062836,Southeast Asia,F
Prevalence -> Diabetes,25_29,0.0079228,Southeast Asia,F
Prevalence -> Diabetes,30_39,0.014411300000000002,Southeast Asia,F
Prevalence -> Diabetes,40_49,0.028003000000000004,Southeast Asia,F
Prevalence -> Diabetes,50_59,0.045897600000000004,Southeast Asia,F
Prevalence -> Diabetes,60_69,0.0590795,Southeast Asia,F
Prevalence -> Diabetes,70_79,0.06433860000000001,Southeast Asia,F
Prevalence -> Diabetes,80_100,0.08865340000000001,Southeast Asia,F
DiabeticRetinopathy -> Disability,0_4,0.338,Southeast Asia,F
DiabeticRetinopathy -> Disability,5_9,0.338,Southeast Asia,F
DiabeticRetinopathy -> Disability,10_14,0.338,Southeast Asia,F
DiabeticRetinopathy -> Disability,15_19,0.338,Southeast Asia,F
DiabeticRetinopathy -> Disability,20_24,0.338,Southeast Asia,F
DiabeticRetinopathy -> Disability,25_29,0.338,Southeast Asia,F
DiabeticRetinopathy -> Disability,30_39,0.338,Southeast Asia,F
DiabeticRetinopathy -> Disability,40_49,0.338,Southeast Asia,F
DiabeticRetinopathy -> Disability,50_59,0.338,Southeast Asia,F
DiabeticRetinopathy -> Disability,60_69,0.338,Southeast Asia,F
DiabeticRetinopathy -> Disability,70_79,0.338,Southeast Asia,F
DiabeticRetinopathy -> Disability,80_100,0.338,Southeast Asia,F
DiabeticRetinopathy -> Deceased,0_4,0.0,Southeast Asia,F
DiabeticRetinopathy -> Deceased,5_9,0.0,Southeast Asia,F
DiabeticRetinopathy -> Deceased,10_14,0.0,Southeast Asia,F
DiabeticRetinopathy -> Deceased,15_19,0.0,Southeast Asia,F
DiabeticRetinopathy -> Deceased,20_24,0.0002,Southeast Asia,F
DiabeticRetinopathy -> Deceased,25_29,0.0011,Southeast Asia,F
DiabeticRetinopathy -> Deceased,30_39,0.004,Southeast Asia,F
DiabeticRetinopathy -> Deceased,40_49,0.0079,Southeast Asia,F
DiabeticRetinopathy -> Deceased,50_59,0.0149,Southeast Asia,F
DiabeticRetinopathy -> Deceased,60_69,0.0231,Southeast Asia,F
DiabeticRetinopathy -> Deceased,70_79,0.0414,Southeast Asia,F
DiabeticRetinopathy -> Deceased,80_100,0.0946,Southeast Asia,F
Prevalence -> DiabeticRetinopathy,0_4,0.0,Southeast Asia,F
Prevalence -> DiabeticRetinopathy,5_9,0.0,Southeast Asia,F
Prevalence -> DiabeticRetinopathy,10_14,0.0004,Southeast Asia,F
Prevalence -> DiabeticRetinopathy,15_19,0.0009,Southeast Asia,F
Prevalence -> DiabeticRetinopathy,20_24,0.0013,Southeast Asia,F
Prevalence -> DiabeticRetinopathy,25_29,0.0013,Southeast Asia,F
Prevalence -> DiabeticRetinopathy,30_39,0.0014,Southeast Asia,F
Prevalence -> DiabeticRetinopathy,40_49,0.002,Southeast Asia,F
Prevalence -> DiabeticRetinopathy,50_59,0.0035,Southeast Asia,F
Prevalence -> DiabeticRetinopathy,60_69,0.007,Southeast Asia,F
Prevalence -> DiabeticRetinopathy,70_79,0.0094,Southeast Asia,F
Prevalence -> DiabeticRetinopathy,80_100,0.0092,Southeast Asia,F
LowerExtrmAmpt -> Disability,0_4,0.164,Southeast Asia,F
LowerExtrmAmpt -> Disability,5_9,0.164,Southeast Asia,F
LowerExtrmAmpt -> Disability,10_14,0.164,Southeast Asia,F
LowerExtrmAmpt -> Disability,15_19,0.164,Southeast Asia,F
LowerExtrmAmpt -> Disability,20_24,0.164,Southeast Asia,F
LowerExtrmAmpt -> Disability,25_29,0.164,Southeast Asia,F
LowerExtrmAmpt -> Disability,30_39,0.164,Southeast Asia,F
LowerExtrmAmpt -> Disability,40_49,0.164,Southeast Asia,F
LowerExtrmAmpt -> Disability,50_59,0.164,Southeast Asia,F
LowerExtrmAmpt -> Disability,60_69,0.164,Southeast Asia,F
LowerExtrmAmpt -> Disability,70_79,0.164,Southeast Asia,F
LowerExtrmAmpt -> Disability,80_100,0.164,Southeast Asia,F
LowerExtrmAmpt -> Deceased,0_4,0.0,Southeast Asia,F
LowerExtrmAmpt -> Deceased,5_9,0.0,Southeast Asia,F
LowerExtrmAmpt -> Deceased,10_14,0.0,Southeast Asia,F
LowerExtrmAmpt -> Deceased,15_19,0.0,Southeast Asia,F
LowerExtrmAmpt -> Deceased,20_24,0.0002,Southeast Asia,F
LowerExtrmAmpt -> Deceased,25_29,0.0012,Southeast Asia,F
LowerExtrmAmpt -> Deceased,30_39,0.0043,Southeast Asia,F
LowerExtrmAmpt -> Deceased,40_49,0.0077,Southeast Asia,F
LowerExtrmAmpt -> Deceased,50_59,0.0147,Southeast Asia,F
LowerExtrmAmpt -> Deceased,60_69,0.0237,Southeast Asia,F
LowerExtrmAmpt -> Deceased,70_79,0.0426,Southeast Asia,F
LowerExtrmAmpt -> Deceased,80_100,0.0975,Southeast Asia,F
Prevalence -> LowerExtrmAmpt,0_4,0.0,Southeast Asia,F
Prevalence -> LowerExtrmAmpt,5_9,0.0,Southeast Asia,F
Prevalence -> LowerExtrmAmpt,10_14,0.0,Southeast Asia,F
Prevalence -> LowerExtrmAmpt,15_19,0.0,Southeast Asia,F
Prevalence -> LowerExtrmAmpt,20_24,0.0001,Southeast Asia,F
Prevalence -> LowerExtrmAmpt,25_29,0.0003,Southeast Asia,F
Prevalence -> LowerExtrmAmpt,30_39,0.0007,Southeast Asia,F
Prevalence -> LowerExtrmAmpt,40_49,0.0012,Southeast Asia,F
Prevalence -> LowerExtrmAmpt,50_59,0.0013,Southeast Asia,F
Prevalence -> LowerExtrmAmpt,60_69,0.0024,Southeast Asia,F
Prevalence -> LowerExtrmAmpt,70_79,0.0058,Southeast Asia,F
Prevalence -> LowerExtrmAmpt,80_100,0.011,Southeast Asia,F
Disability -> Disability,0_4,0.0,Southeast Asia,F
Disability -> Disability,5_9,0.0,Southeast Asia,F
Disability -> Disability,10_14,0.0,Southeast Asia,F
Disability -> Disability,15_19,0.0,Southeast Asia,F
Disability -> Disability,20_24,0.0,Southeast Asia,F
Disability -> Disability,25_29,0.0,Southeast Asia,F
Disability -> Disability,30_39,0.0,Southeast Asia,F
Disability -> Disability,40_49,0.0,Southeast Asia,F
Disability -> Disability,50_59,0.0,Southeast Asia,F
Disability -> Disability,60_69,0.0,Southeast Asia,F
Disability -> Disability,70_79,0.0,Southeast Asia,F
Disability -> Disability,80_100,0.0,Southeast Asia,F
StdGlycControl -> DiabeticRetinopathy,0_4,-75.0,Southeast Asia,F
StdGlycControl -> DiabeticRetinopathy,5_9,-75.0,Southeast Asia,F
StdGlycControl -> DiabeticRetinopathy,10_14,-75.0,Southeast Asia,F
StdGlycControl -> DiabeticRetinopathy,15_19,-75.0,Southeast Asia,F
StdGlycControl -> DiabeticRetinopathy,20_24,-75.0,Southeast Asia,F
StdGlycControl -> DiabeticRetinopathy,25_29,-75.0,Southeast Asia,F
StdGlycControl -> DiabeticRetinopathy,30_39,-75.0,Southeast Asia,F
StdGlycControl -> DiabeticRetinopathy,40_49,-75.0,Southeast Asia,F
StdGlycControl -> DiabeticRetinopathy,50_59,-75.0,Southeast Asia,F
StdGlycControl -> DiabeticRetinopathy,60_69,-75.0,Southeast Asia,F
StdGlycControl -> DiabeticRetinopathy,70_79,-75.0,Southeast Asia,F
StdGlycControl -> DiabeticRetinopathy,80_100,-75.0,Southeast Asia,F
StdGlycControl -> LowerExtrmAmpt,0_4,-28.6,Southeast Asia,F
StdGlycControl -> LowerExtrmAmpt,5_9,-28.6,Southeast Asia,F
StdGlycControl -> LowerExtrmAmpt,10_14,-28.6,Southeast Asia,F
StdGlycControl -> LowerExtrmAmpt,15_19,-28.6,Southeast Asia,F
StdGlycControl -> LowerExtrmAmpt,20_24,-28.6,Southeast Asia,F
StdGlycControl -> LowerExtrmAmpt,25_29,-28.6,Southeast Asia,F
StdGlycControl -> LowerExtrmAmpt,30_39,-28.6,Southeast Asia,F
StdGlycControl -> LowerExtrmAmpt,40_49,-28.6,Southeast Asia,F
StdGlycControl -> LowerExtrmAmpt,50_59,-28.6,Southeast Asia,F
StdGlycControl -> LowerExtrmAmpt,60_69,-28.6,Southeast Asia,F
StdGlycControl -> LowerExtrmAmpt,70_79,-28.6,Southeast Asia,F
StdGlycControl -> LowerExtrmAmpt,80_100,-28.6,Southeast Asia,F
StdGlycControl -> DiabeticNephropathy,0_4,-39.0,Southeast Asia,F
StdGlycControl -> DiabeticNephropathy,5_9,-39.0,Southeast Asia,F
StdGlycControl -> DiabeticNephropathy,10_14,-39.0,Southeast Asia,F
StdGlycControl -> DiabeticNephropathy,15_19,-39.0,Southeast Asia,F
StdGlycControl -> DiabeticNephropathy,20_24,-39.0,Southeast Asia,F
StdGlycControl -> DiabeticNephropathy,25_29,-39.0,Southeast Asia,F
StdGlycControl -> DiabeticNephropathy,30_39,-39.0,Southeast Asia,F
StdGlycControl -> DiabeticNephropathy,40_49,-39.0,Southeast Asia,F
StdGlycControl -> DiabeticNephropathy,50_59,-39.0,Southeast Asia,F
StdGlycControl -> DiabeticNephropathy,60_69,-39.0,Southeast Asia,F
StdGlycControl -> DiabeticNephropathy,70_79,-39.0,Southeast Asia,F
StdGlycControl -> DiabeticNephropathy,80_100,-39.0,Southeast Asia,F
IntsvGlycControl -> DiabeticRetinopathy,0_4,-65.0,Southeast Asia,F
IntsvGlycControl -> DiabeticRetinopathy,5_9,-65.0,Southeast Asia,F
IntsvGlycControl -> DiabeticRetinopathy,10_14,-65.0,Southeast Asia,F
IntsvGlycControl -> DiabeticRetinopathy,15_19,-65.0,Southeast Asia,F
IntsvGlycControl -> DiabeticRetinopathy,20_24,-65.0,Southeast Asia,F
IntsvGlycControl -> DiabeticRetinopathy,25_29,-65.0,Southeast Asia,F
IntsvGlycControl -> DiabeticRetinopathy,30_39,-65.0,Southeast Asia,F
IntsvGlycControl -> DiabeticRetinopathy,40_49,-65.0,Southeast Asia,F
IntsvGlycControl -> DiabeticRetinopathy,50_59,-65.0,Southeast Asia,F
IntsvGlycControl -> DiabeticRetinopathy,60_69,-65.0,Southeast Asia,F
IntsvGlycControl -> DiabeticRetinopathy,70_79,-65.0,Southeast Asia,F
IntsvGlycControl -> DiabeticRetinopathy,80_100,-65.0,Southeast Asia,F
IntsvGlycControl -> LowerExtrmAmpt,0_4,-15.1,Southeast Asia,F
IntsvGlycControl -> LowerExtrmAmpt,5_9,-15.1,Southeast Asia,F
IntsvGlycControl -> LowerExtrmAmpt,10_14,-15.1,Southeast Asia,F
IntsvGlycControl -> LowerExtrmAmpt,15_19,-15.1,Southeast Asia,F
IntsvGlycControl -> LowerExtrmAmpt,20_24,-15.1,Southeast Asia,F
IntsvGlycControl -> LowerExtrmAmpt,25_29,-15.1,Southeast Asia,F
IntsvGlycControl -> LowerExtrmAmpt,30_39,-15.1,Southeast Asia,F
IntsvGlycControl -> LowerExtrmAmpt,40_49,-15.1,Southeast Asia,F
IntsvGlycControl -> LowerExtrmAmpt,50_59,-15.1,Southeast Asia,F
IntsvGlycControl -> LowerExtrmAmpt,60_69,-15.1,Southeast Asia,F
IntsvGlycControl -> LowerExtrmAmpt,70_79,-15.1,Southeast Asia,F
IntsvGlycControl -> LowerExtrmAmpt,80_100,-15.1,Southeast Asia,F
IntsvGlycControl -> DiabeticNephropathy,0_4,-39.0,Southeast Asia,F
IntsvGlycControl -> DiabeticNephropathy,5_9,-39.0,Southeast Asia,F
IntsvGlycControl -> DiabeticNephropathy,10_14,-39.0,Southeast Asia,F
IntsvGlycControl -> DiabeticNephropathy,15_19,-39.0,Southeast Asia,F
IntsvGlycControl -> DiabeticNephropathy,20_24,-39.0,Southeast Asia,F
IntsvGlycControl -> DiabeticNephropathy,25_29,-39.0,Southeast Asia,F
IntsvGlycControl -> DiabeticNephropathy,30_39,-39.0,Southeast Asia,F
IntsvGlycControl -> DiabeticNephropathy,40_49,-39.0,Southeast Asia,F
IntsvGlycControl -> DiabeticNephropathy,50_59,-39.0,Southeast Asia,F
IntsvGlycControl -> DiabeticNephropathy,60_69,-39.0,Southeast Asia,F
IntsvGlycControl -> DiabeticNephropathy,70_79,-39.0,Southeast Asia,F
IntsvGlycControl -> DiabeticNephropathy,80_100,-39.0,Southeast Asia,F
RetinopathyScrn -> DiabeticRetinopathy,0_4,-20.0,Southeast Asia,F
RetinopathyScrn -> DiabeticRetinopathy,5_9,-20.0,Southeast Asia,F
RetinopathyScrn -> DiabeticRetinopathy,10_14,-20.0,Southeast Asia,F
RetinopathyScrn -> DiabeticRetinopathy,15_19,-20.0,Southeast Asia,F
RetinopathyScrn -> DiabeticRetinopathy,20_24,-20.0,Southeast Asia,F
RetinopathyScrn -> DiabeticRetinopathy,25_29,-20.0,Southeast Asia,F
RetinopathyScrn -> DiabeticRetinopathy,30_39,-20.0,Southeast Asia,F
RetinopathyScrn -> DiabeticRetinopathy,40_49,-20.0,Southeast Asia,F
RetinopathyScrn -> DiabeticRetinopathy,50_59,-20.0,Southeast Asia,F
RetinopathyScrn -> DiabeticRetinopathy,60_69,-20.0,Southeast Asia,F
RetinopathyScrn -> DiabeticRetinopathy,70_79,-20.0,Southeast Asia,F
RetinopathyScrn -> DiabeticRetinopathy,80_100,-20.0,Southeast Asia,F
NeuropathyScr -> LowerExtrmAmpt,0_4,-35.0,Southeast Asia,F
NeuropathyScr -> LowerExtrmAmpt,5_9,-35.0,Southeast Asia,F
NeuropathyScr -> LowerExtrmAmpt,10_14,-35.0,Southeast Asia,F
NeuropathyScr -> LowerExtrmAmpt,15_19,-35.0,Southeast Asia,F
NeuropathyScr -> LowerExtrmAmpt,20_24,-35.0,Southeast Asia,F
NeuropathyScr -> LowerExtrmAmpt,25_29,-35.0,Southeast Asia,F
NeuropathyScr -> LowerExtrmAmpt,30_39,-35.0,Southeast Asia,F
NeuropathyScr -> LowerExtrmAmpt,40_49,-35.0,Southeast Asia,F
NeuropathyScr -> LowerExtrmAmpt,50_59,-35.0,Southeast Asia,F
NeuropathyScr -> LowerExtrmAmpt,60_69,-35.0,Southeast Asia,F
NeuropathyScr -> LowerExtrmAmpt,70_79,-35.0,Southeast Asia,F
NeuropathyScr -> LowerExtrmAmpt,80_100,-35.0,Southeast Asia,F
NephropathyScr -> DiabeticNephropathy,0_4,-24.0,Southeast Asia,F
NephropathyScr -> DiabeticNephropathy,5_9,-24.0,Southeast Asia,F
NephropathyScr -> DiabeticNephropathy,10_14,-24.0,Southeast Asia,F
NephropathyScr -> DiabeticNephropathy,15_19,-24.0,Southeast Asia,F
NephropathyScr -> DiabeticNephropathy,20_24,-24.0,Southeast Asia,F
NephropathyScr -> DiabeticNephropathy,25_29,-24.0,Southeast Asia,F
NephropathyScr -> DiabeticNephropathy,30_39,-24.0,Southeast Asia,F
NephropathyScr -> DiabeticNephropathy,40_49,-24.0,Southeast Asia,F
NephropathyScr -> DiabeticNephropathy,50_59,-24.0,Southeast Asia,F
NephropathyScr -> DiabeticNephropathy,60_69,-24.0,Southeast Asia,F
NephropathyScr -> DiabeticNephropathy,70_79,-24.0,Southeast Asia,F
NephropathyScr -> DiabeticNephropathy,80_100,-24.0,Southeast Asia,F
DiabeticNephropathy -> Disability,0_4,0.338,Southeast Asia,F
DiabeticNephropathy -> Disability,5_9,0.338,Southeast Asia,F
DiabeticNephropathy -> Disability,10_14,0.338,Southeast Asia,F
DiabeticNephropathy -> Disability,15_19,0.338,Southeast Asia,F
DiabeticNephropathy -> Disability,20_24,0.338,Southeast Asia,F
DiabeticNephropathy -> Disability,25_29,0.338,Southeast Asia,F
DiabeticNephropathy -> Disability,30_39,0.338,Southeast Asia,F
DiabeticNephropathy -> Disability,40_49,0.338,Southeast Asia,F
DiabeticNephropathy -> Disability,50_59,0.338,Southeast Asia,F
DiabeticNephropathy -> Disability,60_69,0.338,Southeast Asia,F
DiabeticNephropathy -> Disability,70_79,0.338,Southeast Asia,F
DiabeticNephropathy -> Disability,80_100,0.338,Southeast Asia,F
DiabeticNephropathy -> Deceased,0_4,0.0,Southeast Asia,F
DiabeticNephropathy -> Deceased,5_9,0.0,Southeast Asia,F
DiabeticNephropathy -> Deceased,10_14,0.0,Southeast Asia,F
DiabeticNephropathy -> Deceased,15_19,0.0,Southeast Asia,F
DiabeticNephropathy -> Deceased,20_24,0.00036770769071018885,Southeast Asia,F
DiabeticNephropathy -> Deceased,25_29,0.0014708307628407554,Southeast Asia,F
DiabeticNephropathy -> Deceased,30_39,0.0038609307524569833,Southeast Asia,F
DiabeticNephropathy -> Deceased,40_49,0.0071702999688486825,Southeast Asia,F
DiabeticNephropathy -> Deceased,50_59,0.013605184556276989,Southeast Asia,F
DiabeticNephropathy -> Deceased,60_69,0.02059163067977058,Southeast Asia,F
DiabeticNephropathy -> Deceased,70_79,0.03860930752456984,Southeast Asia,F
DiabeticNephropathy -> Deceased,80_100,0.08898526115186571,Southeast Asia,F
Prevalence -> DiabeticNephropathy,0_4,0.00428,Southeast Asia,F
Prevalence -> DiabeticNephropathy,5_9,0.00428,Southeast Asia,F
Prevalence -> DiabeticNephropathy,10_14,0.00436,Southeast Asia,F
Prevalence -> DiabeticNephropathy,15_19,0.004560000000000001,Southeast Asia,F
Prevalence -> DiabeticNephropathy,20_24,0.00496,Southeast Asia,F
Prevalence -> DiabeticNephropathy,25_29,0.006200000000000001,Southeast Asia,F
Prevalence -> DiabeticNephropathy,30_39,0.011000000000000001,Southeast Asia,F
Prevalence -> DiabeticNephropathy,40_49,0.020680000000000004,Southeast Asia,F
Prevalence -> DiabeticNephropathy,50_59,0.03332,Southeast Asia,F
Prevalence -> DiabeticNephropathy,60_69,0.04012,Southeast Asia,F
Prevalence -> DiabeticNephropathy,70_79,0.04916,Southeast Asia,F
Prevalence -> DiabeticNephropathy,80_100,0.08984,Southeast Asia,F
DsFreeSus -> Disability,0_4,0.023089864423786105,Southern Latin America,M
DsFreeSus -> Disability,5_9,0.03687874612667555,Southern Latin America,M
DsFreeSus -> Disability,10_14,0.050667627829564986,Southern Latin America,M
DsFreeSus -> Disability,15_19,0.06445650953245444,Southern Latin America,M
DsFreeSus -> Disability,20_24,0.07824539123534388,Southern Latin America,M
DsFreeSus -> Disability,25_29,0.09203427293823331,Southern Latin America,M
DsFreeSus -> Disability,30_39,0.11271759549256748,Southern Latin America,M
DsFreeSus -> Disability,40_49,0.14029535889834638,Southern Latin America,M
DsFreeSus -> Disability,50_59,0.16787312230412524,Southern Latin America,M
DsFreeSus -> Disability,60_69,0.19545088570990413,Southern Latin America,M
DsFreeSus -> Disability,70_79,0.22302864911568301,Southern Latin America,M
DsFreeSus -> Disability,80_100,0.2575008533729066,Southern Latin America,M
DsFreeSus -> Diabetes,0_4,0.0,Southern Latin America,M
DsFreeSus -> Diabetes,5_9,0.0,Southern Latin America,M
DsFreeSus -> Diabetes,10_14,1e-09,Southern Latin America,M
DsFreeSus -> Diabetes,15_19,0.0001,Southern Latin America,M
DsFreeSus -> Diabetes,20_24,0.0003,Southern Latin America,M
DsFreeSus -> Diabetes,25_29,0.0007,Southern Latin America,M
DsFreeSus -> Diabetes,30_39,0.0013,Southern Latin America,M
DsFreeSus -> Diabetes,40_49,0.0022,Southern Latin America,M
DsFreeSus -> Diabetes,50_59,0.003,Southern Latin America,M
DsFreeSus -> Diabetes,60_69,0.0024,Southern Latin America,M
DsFreeSus -> Diabetes,70_79,0.0052,Southern Latin America,M
DsFreeSus -> Diabetes,80_100,0.0121,Southern Latin America,M
Diabetes -> Disability,0_4,0.031,Southern Latin America,M
Diabetes -> Disability,5_9,0.031,Southern Latin America,M
Diabetes -> Disability,10_14,0.031,Southern Latin America,M
Diabetes -> Disability,15_19,0.031,Southern Latin America,M
Diabetes -> Disability,20_24,0.031,Southern Latin America,M
Diabetes -> Disability,25_29,0.031,Southern Latin America,M
Diabetes -> Disability,30_39,0.031,Southern Latin America,M
Diabetes -> Disability,40_49,0.031,Southern Latin America,M
Diabetes -> Disability,50_59,0.031,Southern Latin America,M
Diabetes -> Disability,60_69,0.031,Southern Latin America,M
Diabetes -> Disability,70_79,0.031,Southern Latin America,M
Diabetes -> Disability,80_100,0.031,Southern Latin America,M
Diabetes -> Deceased,0_4,0.0,Southern Latin America,M
Diabetes -> Deceased,5_9,0.0,Southern Latin America,M
Diabetes -> Deceased,10_14,0.0,Southern Latin America,M
Diabetes -> Deceased,15_19,0.0,Southern Latin America,M
Diabetes -> Deceased,20_24,0.00018324303523763565,Southern Latin America,M
Diabetes -> Deceased,25_29,0.0006108101174587856,Southern Latin America,M
Diabetes -> Deceased,30_39,0.001404863270155207,Southern Latin America,M
Diabetes -> Deceased,40_49,0.002687564516818657,Southern Latin America,M
Diabetes -> Deceased,50_59,0.005863777127604341,Southern Latin America,M
Diabetes -> Deceased,60_69,0.008856746703152391,Southern Latin America,M
Diabetes -> Deceased,70_79,0.014598361807264976,Southern Latin America,M
Diabetes -> Deceased,80_100,0.02754753629739123,Southern Latin America,M
Diabetes -> DiabeticRetinopathy,0_4,0.0,Southern Latin America,M
Diabetes -> DiabeticRetinopathy,5_9,0.0,Southern Latin America,M
Diabetes -> DiabeticRetinopathy,10_14,0.0,Southern Latin America,M
Diabetes -> DiabeticRetinopathy,15_19,0.0,Southern Latin America,M
Diabetes -> DiabeticRetinopathy,20_24,0.00039271513425948653,Southern Latin America,M
Diabetes -> DiabeticRetinopathy,25_29,0.0004511709938066527,Southern Latin America,M
Diabetes -> DiabeticRetinopathy,30_39,0.001887451036158908,Southern Latin America,M
Diabetes -> DiabeticRetinopathy,40_49,0.00448733610228846,Southern Latin America,M
Diabetes -> DiabeticRetinopathy,50_59,0.006514110907836728,Southern Latin America,M
Diabetes -> DiabeticRetinopathy,60_69,0.008775721377395313,Southern Latin America,M
Diabetes -> DiabeticRetinopathy,70_79,0.006777265806156265,Southern Latin America,M
Diabetes -> DiabeticRetinopathy,80_100,0.007102051231163971,Southern Latin America,M
Diabetes -> LowerExtrmAmpt,0_4,0.0,Southern Latin America,M
Diabetes -> LowerExtrmAmpt,5_9,0.0,Southern Latin America,M
Diabetes -> LowerExtrmAmpt,10_14,0.0001227973230183582,Southern Latin America,M
Diabetes -> LowerExtrmAmpt,15_19,0.0024979636166168884,Southern Latin America,M
Diabetes -> LowerExtrmAmpt,20_24,0.006087084581022041,Southern Latin America,M
Diabetes -> LowerExtrmAmpt,25_29,0.009269513145482139,Southern Latin America,M
Diabetes -> LowerExtrmAmpt,30_39,0.009967292800537795,Southern Latin America,M
Diabetes -> LowerExtrmAmpt,40_49,0.0018568287319814317,Southern Latin America,M
Diabetes -> LowerExtrmAmpt,50_59,0.0009777164622259546,Southern Latin America,M
Diabetes -> LowerExtrmAmpt,60_69,0.008435170995585942,Southern Latin America,M
Diabetes -> LowerExtrmAmpt,70_79,0.019446075455549695,Southern Latin America,M
Diabetes -> LowerExtrmAmpt,80_100,0.02344669208851339,Southern Latin America,M
Diabetes -> DiabeticNephropathy,0_4,0.0,Southern Latin America,M
Diabetes -> DiabeticNephropathy,5_9,0.0,Southern Latin America,M
Diabetes -> DiabeticNephropathy,10_14,0.014,Southern Latin America,M
Diabetes -> DiabeticNephropathy,15_19,0.014,Southern Latin America,M
Diabetes -> DiabeticNephropathy,20_24,0.014,Southern Latin America,M
Diabetes -> DiabeticNephropathy,25_29,0.014,Southern Latin America,M
Diabetes -> DiabeticNephropathy,30_39,0.014,Southern Latin America,M
Diabetes -> DiabeticNephropathy,40_49,0.014,Southern Latin America,M
Diabetes -> DiabeticNephropathy,50_59,0.014,Southern Latin America,M
Diabetes -> DiabeticNephropathy,60_69,0.014,Southern Latin America,M
Diabetes -> DiabeticNephropathy,70_79,0.014,Southern Latin America,M
Diabetes -> DiabeticNephropathy,80_100,0.014,Southern Latin America,M
Prevalence -> Diabetes,0_4,0.0,Southern Latin America,M
Prevalence -> Diabetes,5_9,0.0,Southern Latin America,M
Prevalence -> Diabetes,10_14,0.0043712,Southern Latin America,M
Prevalence -> Diabetes,15_19,0.0047810000000000005,Southern Latin America,M
Prevalence -> Diabetes,20_24,0.005464,Southern Latin America,M
Prevalence -> Diabetes,25_29,0.006966600000000001,Southern Latin America,M
Prevalence -> Diabetes,30_39,0.011952500000000001,Southern Latin America,M
Prevalence -> Diabetes,40_49,0.0226073,Southern Latin America,M
Prevalence -> Diabetes,50_59,0.0378382,Southern Latin America,M
Prevalence -> Diabetes,60_69,0.050610300000000004,Southern Latin America,M
Prevalence -> Diabetes,70_79,0.0588063,Southern Latin America,M
Prevalence -> Diabetes,80_100,0.09684940000000002,Southern Latin America,M
DiabeticRetinopathy -> Disability,0_4,0.338,Southern Latin America,M
DiabeticRetinopathy -> Disability,5_9,0.338,Southern Latin America,M
DiabeticRetinopathy -> Disability,10_14,0.338,Southern Latin America,M
DiabeticRetinopathy -> Disability,15_19,0.338,Southern Latin America,M
DiabeticRetinopathy -> Disability,20_24,0.338,Southern Latin America,M
DiabeticRetinopathy -> Disability,25_29,0.338,Southern Latin America,M
DiabeticRetinopathy -> Disability,30_39,0.338,Southern Latin America,M
DiabeticRetinopathy -> Disability,40_49,0.338,Southern Latin America,M
DiabeticRetinopathy -> Disability,50_59,0.338,Southern Latin America,M
DiabeticRetinopathy -> Disability,60_69,0.338,Southern Latin America,M
DiabeticRetinopathy -> Disability,70_79,0.338,Southern Latin America,M
DiabeticRetinopathy -> Disability,80_100,0.338,Southern Latin America,M
DiabeticRetinopathy -> Deceased,0_4,0.0,Southern Latin America,M
DiabeticRetinopathy -> Deceased,5_9,0.0,Southern Latin America,M
DiabeticRetinopathy -> Deceased,10_14,0.0,Southern Latin America,M
DiabeticRetinopathy -> Deceased,15_19,0.0,Southern Latin America,M
DiabeticRetinopathy -> Deceased,20_24,0.0003,Southern Latin America,M
DiabeticRetinopathy -> Deceased,25_29,0.0014,Southern Latin America,M
DiabeticRetinopathy -> Deceased,30_39,0.0045,Southern Latin America,M
DiabeticRetinopathy -> Deceased,40_49,0.0092,Southern Latin America,M
DiabeticRetinopathy -> Deceased,50_59,0.0197,Southern Latin America,M
DiabeticRetinopathy -> Deceased,60_69,0.0298,Southern Latin America,M
DiabeticRetinopathy -> Deceased,70_79,0.0469,Southern Latin America,M
DiabeticRetinopathy -> Deceased,80_100,0.0881,Southern Latin America,M
Prevalence -> DiabeticRetinopathy,0_4,0.0,Southern Latin America,M
Prevalence -> DiabeticRetinopathy,5_9,0.0,Southern Latin America,M
Prevalence -> DiabeticRetinopathy,10_14,0.0,Southern Latin America,M
Prevalence -> DiabeticRetinopathy,15_19,0.0,Southern Latin America,M
Prevalence -> DiabeticRetinopathy,20_24,0.0002,Southern Latin America,M
Prevalence -> DiabeticRetinopathy,25_29,0.0002,Southern Latin America,M
Prevalence -> DiabeticRetinopathy,30_39,0.0003,Southern Latin America,M
Prevalence -> DiabeticRetinopathy,40_49,0.001,Southern Latin America,M
Prevalence -> DiabeticRetinopathy,50_59,0.0033,Southern Latin America,M
Prevalence -> DiabeticRetinopathy,60_69,0.007,Southern Latin America,M
Prevalence -> DiabeticRetinopathy,70_79,0.01,Southern Latin America,M
Prevalence -> DiabeticRetinopathy,80_100,0.0108,Southern Latin America,M
LowerExtrmAmpt -> Disability,0_4,0.164,Southern Latin America,M
LowerExtrmAmpt -> Disability,5_9,0.164,Southern Latin America,M
LowerExtrmAmpt -> Disability,10_14,0.164,Southern Latin America,M
LowerExtrmAmpt -> Disability,15_19,0.164,Southern Latin America,M
LowerExtrmAmpt -> Disability,20_24,0.164,Southern Latin America,M
LowerExtrmAmpt -> Disability,25_29,0.164,Southern Latin America,M
LowerExtrmAmpt -> Disability,30_39,0.164,Southern Latin America,M
LowerExtrmAmpt -> Disability,40_49,0.164,Southern Latin America,M
LowerExtrmAmpt -> Disability,50_59,0.164,Southern Latin America,M
LowerExtrmAmpt -> Disability,60_69,0.164,Southern Latin America,M
LowerExtrmAmpt -> Disability,70_79,0.164,Southern Latin America,M
LowerExtrmAmpt -> Disability,80_100,0.164,Southern Latin America,M
LowerExtrmAmpt -> Deceased,0_4,0.0,Southern Latin America,M
LowerExtrmAmpt -> Deceased,5_9,0.0,Southern Latin America,M
LowerExtrmAmpt -> Deceased,10_14,0.0,Southern Latin America,M
LowerExtrmAmpt -> Deceased,15_19,0.0,Southern Latin America,M
LowerExtrmAmpt -> Deceased,20_24,0.0003,Southern Latin America,M
LowerExtrmAmpt -> Deceased,25_29,0.0015,Southern Latin America,M
LowerExtrmAmpt -> Deceased,30_39,0.0045,Southern Latin America,M
LowerExtrmAmpt -> Deceased,40_49,0.0086,Southern Latin America,M
LowerExtrmAmpt -> Deceased,50_59,0.0188,Southern Latin America,M
LowerExtrmAmpt -> Deceased,60_69,0.0303,Southern Latin America,M
LowerExtrmAmpt -> Deceased,70_79,0.0479,Southern Latin America,M
LowerExtrmAmpt -> Deceased,80_100,0.0905,Southern Latin America,M
Prevalence -> LowerExtrmAmpt,0_4,0.0,Southern Latin America,M
Prevalence -> LowerExtrmAmpt,5_9,0.0,Southern Latin America,M
Prevalence -> LowerExtrmAmpt,10_14,0.0,Southern Latin America,M
Prevalence -> LowerExtrmAmpt,15_19,0.0,Southern Latin America,M
Prevalence -> LowerExtrmAmpt,20_24,0.0002,Southern Latin America,M
Prevalence -> LowerExtrmAmpt,25_29,0.0005,Southern Latin America,M
Prevalence -> LowerExtrmAmpt,30_39,0.0016,Southern Latin America,M
Prevalence -> LowerExtrmAmpt,40_49,0.0028,Southern Latin America,M
Prevalence -> LowerExtrmAmpt,50_59,0.0027,Southern Latin America,M
Prevalence -> LowerExtrmAmpt,60_69,0.0048,Southern Latin America,M
Prevalence -> LowerExtrmAmpt,70_79,0.012,Southern Latin America,M
Prevalence -> LowerExtrmAmpt,80_100,0.026,Southern Latin America,M
Disability -> Disability,0_4,0.0,Southern Latin America,M
Disability -> Disability,5_9,0.0,Southern Latin America,M
Disability -> Disability,10_14,0.0,Southern Latin America,M
Disability -> Disability,15_19,0.0,Southern Latin America,M
Disability -> Disability,20_24,0.0,Southern Latin America,M
Disability -> Disability,25_29,0.0,Southern Latin America,M
Disability -> Disability,30_39,0.0,Southern Latin America,M
Disability -> Disability,40_49,0.0,Southern Latin America,M
Disability -> Disability,50_59,0.0,Southern Latin America,M
Disability -> Disability,60_69,0.0,Southern Latin America,M
Disability -> Disability,70_79,0.0,Southern Latin America,M
Disability -> Disability,80_100,0.0,Southern Latin America,M
StdGlycControl -> DiabeticRetinopathy,0_4,-75.0,Southern Latin America,M
StdGlycControl -> DiabeticRetinopathy,5_9,-75.0,Southern Latin America,M
StdGlycControl -> DiabeticRetinopathy,10_14,-75.0,Southern Latin America,M
StdGlycControl -> DiabeticRetinopathy,15_19,-75.0,Southern Latin America,M
StdGlycControl -> DiabeticRetinopathy,20_24,-75.0,Southern Latin America,M
StdGlycControl -> DiabeticRetinopathy,25_29,-75.0,Southern Latin America,M
StdGlycControl -> DiabeticRetinopathy,30_39,-75.0,Southern Latin America,M
StdGlycControl -> DiabeticRetinopathy,40_49,-75.0,Southern Latin America,M
StdGlycControl -> DiabeticRetinopathy,50_59,-75.0,Southern Latin America,M
StdGlycControl -> DiabeticRetinopathy,60_69,-75.0,Southern Latin America,M
StdGlycControl -> DiabeticRetinopathy,70_79,-75.0,Southern Latin America,M
StdGlycControl -> DiabeticRetinopathy,80_100,-75.0,Southern Latin America,M
StdGlycControl -> LowerExtrmAmpt,0_4,-28.6,Southern Latin America,M
StdGlycControl -> LowerExtrmAmpt,5_9,-28.6,Southern Latin America,M
StdGlycControl -> LowerExtrmAmpt,10_14,-28.6,Southern Latin America,M
StdGlycControl -> LowerExtrmAmpt,15_19,-28.6,Southern Latin America,M
StdGlycControl -> LowerExtrmAmpt,20_24,-28.6,Southern Latin America,M
StdGlycControl -> LowerExtrmAmpt,25_29,-28.6,Southern Latin America,M
StdGlycControl -> LowerExtrmAmpt,30_39,-28.6,Southern Latin America,M
StdGlycControl -> LowerExtrmAmpt,40_49,-28.6,Southern Latin America,M
StdGlycControl -> LowerExtrmAmpt,50_59,-28.6,Southern Latin America,M
StdGlycControl -> LowerExtrmAmpt,60_69,-28.6,Southern Latin America,M
StdGlycControl -> LowerExtrmAmpt,70_79,-28.6,Southern Latin America,M
StdGlycControl -> LowerExtrmAmpt,80_100,-28.6,Southern Latin America,M
StdGlycControl -> DiabeticNephropathy,0_4,-39.0,Southern Latin America,M
StdGlycControl -> DiabeticNephropathy,5_9,-39.0,Southern Latin America,M
StdGlycControl -> DiabeticNephropathy,10_14,-39.0,Southern Latin America,M
StdGlycControl -> DiabeticNephropathy,15_19,-39.0,Southern Latin America,M
StdGlycControl -> DiabeticNephropathy,20_24,-39.0,Southern Latin America,M
StdGlycControl -> DiabeticNephropathy,25_29,-39.0,Southern Latin America,M
StdGlycControl -> DiabeticNephropathy,30_39,-39.0,Southern Latin America,M
StdGlycControl -> DiabeticNephropathy,40_49,-39.0,Southern Latin America,M
StdGlycControl -> DiabeticNephropathy,50_59,-39.0,Southern Latin America,M
StdGlycControl -> DiabeticNephropathy,60_69,-39.0,Southern Latin America,M
StdGlycControl -> DiabeticNephropathy,70_79,-39.0,Southern Latin America,M
StdGlycControl -> DiabeticNephropathy,80_100,-39.0,Southern Latin America,M
IntsvGlycControl -> DiabeticRetinopathy,0_4,-65.0,Southern Latin America,M
IntsvGlycControl -> DiabeticRetinopathy,5_9,-65.0,Southern Latin America,M
IntsvGlycControl -> DiabeticRetinopathy,10_14,-65.0,Southern Latin America,M
IntsvGlycControl -> DiabeticRetinopathy,15_19,-65.0,Southern Latin America,M
IntsvGlycControl -> DiabeticRetinopathy,20_24,-65.0,Southern Latin America,M
IntsvGlycControl -> DiabeticRetinopathy,25_29,-65.0,Southern Latin America,M
IntsvGlycControl -> DiabeticRetinopathy,30_39,-65.0,Southern Latin America,M
IntsvGlycControl -> DiabeticRetinopathy,40_49,-65.0,Southern Latin America,M
IntsvGlycControl -> DiabeticRetinopathy,50_59,-65.0,Southern Latin America,M
IntsvGlycControl -> DiabeticRetinopathy,60_69,-65.0,Southern Latin America,M
IntsvGlycControl -> DiabeticRetinopathy,70_79,-65.0,Southern Latin America,M
IntsvGlycControl -> DiabeticRetinopathy,80_100,-65.0,Southern Latin America,M
IntsvGlycControl -> LowerExtrmAmpt,0_4,-15.1,Southern Latin America,M
IntsvGlycControl -> LowerExtrmAmpt,5_9,-15.1,Southern Latin America,M
IntsvGlycControl -> LowerExtrmAmpt,10_14,-15.1,Southern Latin America,M
IntsvGlycControl -> LowerExtrmAmpt,15_19,-15.1,Southern Latin America,M
IntsvGlycControl -> LowerExtrmAmpt,20_24,-15.1,Southern Latin America,M
IntsvGlycControl -> LowerExtrmAmpt,25_29,-15.1,Southern Latin America,M
IntsvGlycControl -> LowerExtrmAmpt,30_39,-15.1,Southern Latin America,M
IntsvGlycControl -> LowerExtrmAmpt,40_49,-15.1,Southern Latin America,M
IntsvGlycControl -> LowerExtrmAmpt,50_59,-15.1,Southern Latin America,M
IntsvGlycControl -> LowerExtrmAmpt,60_69,-15.1,Southern Latin America,M
IntsvGlycControl -> LowerExtrmAmpt,70_79,-15.1,Southern Latin America,M
IntsvGlycControl -> LowerExtrmAmpt,80_100,-15.1,Southern Latin America,M
IntsvGlycControl -> DiabeticNephropathy,0_4,-39.0,Southern Latin America,M
IntsvGlycControl -> DiabeticNephropathy,5_9,-39.0,Southern Latin America,M
IntsvGlycControl -> DiabeticNephropathy,10_14,-39.0,Southern Latin America,M
IntsvGlycControl -> DiabeticNephropathy,15_19,-39.0,Southern Latin America,M
IntsvGlycControl -> DiabeticNephropathy,20_24,-39.0,Southern Latin America,M
IntsvGlycControl -> DiabeticNephropathy,25_29,-39.0,Southern Latin America,M
IntsvGlycControl -> DiabeticNephropathy,30_39,-39.0,Southern Latin America,M
IntsvGlycControl -> DiabeticNephropathy,40_49,-39.0,Southern Latin America,M
IntsvGlycControl -> DiabeticNephropathy,50_59,-39.0,Southern Latin America,M
IntsvGlycControl -> DiabeticNephropathy,60_69,-39.0,Southern Latin America,M
IntsvGlycControl -> DiabeticNephropathy,70_79,-39.0,Southern Latin America,M
IntsvGlycControl -> DiabeticNephropathy,80_100,-39.0,Southern Latin America,M
RetinopathyScrn -> DiabeticRetinopathy,0_4,-20.0,Southern Latin America,M
RetinopathyScrn -> DiabeticRetinopathy,5_9,-20.0,Southern Latin America,M
RetinopathyScrn -> DiabeticRetinopathy,10_14,-20.0,Southern Latin America,M
RetinopathyScrn -> DiabeticRetinopathy,15_19,-20.0,Southern Latin America,M
RetinopathyScrn -> DiabeticRetinopathy,20_24,-20.0,Southern Latin America,M
RetinopathyScrn -> DiabeticRetinopathy,25_29,-20.0,Southern Latin America,M
RetinopathyScrn -> DiabeticRetinopathy,30_39,-20.0,Southern Latin America,M
RetinopathyScrn -> DiabeticRetinopathy,40_49,-20.0,Southern Latin America,M
RetinopathyScrn -> DiabeticRetinopathy,50_59,-20.0,Southern Latin America,M
RetinopathyScrn -> DiabeticRetinopathy,60_69,-20.0,Southern Latin America,M
RetinopathyScrn -> DiabeticRetinopathy,70_79,-20.0,Southern Latin America,M
RetinopathyScrn -> DiabeticRetinopathy,80_100,-20.0,Southern Latin America,M
NeuropathyScr -> LowerExtrmAmpt,0_4,-35.0,Southern Latin America,M
NeuropathyScr -> LowerExtrmAmpt,5_9,-35.0,Southern Latin America,M
NeuropathyScr -> LowerExtrmAmpt,10_14,-35.0,Southern Latin America,M
NeuropathyScr -> LowerExtrmAmpt,15_19,-35.0,Southern Latin America,M
NeuropathyScr -> LowerExtrmAmpt,20_24,-35.0,Southern Latin America,M
NeuropathyScr -> LowerExtrmAmpt,25_29,-35.0,Southern Latin America,M
NeuropathyScr -> LowerExtrmAmpt,30_39,-35.0,Southern Latin America,M
NeuropathyScr -> LowerExtrmAmpt,40_49,-35.0,Southern Latin America,M
NeuropathyScr -> LowerExtrmAmpt,50_59,-35.0,Southern Latin America,M
NeuropathyScr -> LowerExtrmAmpt,60_69,-35.0,Southern Latin America,M
NeuropathyScr -> LowerExtrmAmpt,70_79,-35.0,Southern Latin America,M
NeuropathyScr -> LowerExtrmAmpt,80_100,-35.0,Southern Latin America,M
NephropathyScr -> DiabeticNephropathy,0_4,-24.0,Southern Latin America,M
NephropathyScr -> DiabeticNephropathy,5_9,-24.0,Southern Latin America,M
NephropathyScr -> DiabeticNephropathy,10_14,-24.0,Southern Latin America,M
NephropathyScr -> DiabeticNephropathy,15_19,-24.0,Southern Latin America,M
NephropathyScr -> DiabeticNephropathy,20_24,-24.0,Southern Latin America,M
NephropathyScr -> DiabeticNephropathy,25_29,-24.0,Southern Latin America,M
NephropathyScr -> DiabeticNephropathy,30_39,-24.0,Southern Latin America,M
NephropathyScr -> DiabeticNephropathy,40_49,-24.0,Southern Latin America,M
NephropathyScr -> DiabeticNephropathy,50_59,-24.0,Southern Latin America,M
NephropathyScr -> DiabeticNephropathy,60_69,-24.0,Southern Latin America,M
NephropathyScr -> DiabeticNephropathy,70_79,-24.0,Southern Latin America,M
NephropathyScr -> DiabeticNephropathy,80_100,-24.0,Southern Latin America,M
DiabeticNephropathy -> Disability,0_4,0.338,Southern Latin America,M
DiabeticNephropathy -> Disability,5_9,0.338,Southern Latin America,M
DiabeticNephropathy -> Disability,10_14,0.338,Southern Latin America,M
DiabeticNephropathy -> Disability,15_19,0.338,Southern Latin America,M
DiabeticNephropathy -> Disability,20_24,0.338,Southern Latin America,M
DiabeticNephropathy -> Disability,25_29,0.338,Southern Latin America,M
DiabeticNephropathy -> Disability,30_39,0.338,Southern Latin America,M
DiabeticNephropathy -> Disability,40_49,0.338,Southern Latin America,M
DiabeticNephropathy -> Disability,50_59,0.338,Southern Latin America,M
DiabeticNephropathy -> Disability,60_69,0.338,Southern Latin America,M
DiabeticNephropathy -> Disability,70_79,0.338,Southern Latin America,M
DiabeticNephropathy -> Disability,80_100,0.338,Southern Latin America,M
DiabeticNephropathy -> Deceased,0_4,0.0,Southern Latin America,M
DiabeticNephropathy -> Deceased,5_9,0.0,Southern Latin America,M
DiabeticNephropathy -> Deceased,10_14,0.0,Southern Latin America,M
DiabeticNephropathy -> Deceased,15_19,0.0,Southern Latin America,M
DiabeticNephropathy -> Deceased,20_24,0.0005515615360652833,Southern Latin America,M
DiabeticNephropathy -> Deceased,25_29,0.0018385384535509444,Southern Latin America,M
DiabeticNephropathy -> Deceased,30_39,0.004228638443167173,Southern Latin America,M
DiabeticNephropathy -> Deceased,40_49,0.008089569195624157,Southern Latin America,M
DiabeticNephropathy -> Deceased,50_59,0.017649969154089066,Southern Latin America,M
DiabeticNephropathy -> Deceased,60_69,0.026658807576488693,Southern Latin America,M
DiabeticNephropathy -> Deceased,70_79,0.043941069039867574,Southern Latin America,M
DiabeticNephropathy -> Deceased,80_100,0.0829180842551476,Southern Latin America,M
Prevalence -> DiabeticNephropathy,0_4,0.00428,Southern Latin America,M
Prevalence -> DiabeticNephropathy,5_9,0.00428,Southern Latin America,M
Prevalence -> DiabeticNephropathy,10_14,0.00436,Southern Latin America,M
Prevalence -> DiabeticNephropathy,15_19,0.004560000000000001,Southern Latin America,M
Prevalence -> DiabeticNephropathy,20_24,0.00496,Southern Latin America,M
Prevalence -> DiabeticNephropathy,25_29,0.006200000000000001,Southern Latin America,M
Prevalence -> DiabeticNephropathy,30_39,0.011000000000000001,Southern Latin America,M
Prevalence -> DiabeticNephropathy,40_49,0.020680000000000004,Southern Latin America,M
Prevalence -> DiabeticNephropathy,50_59,0.03332,Southern Latin America,M
Prevalence -> DiabeticNephropathy,60_69,0.04012,Southern Latin America,M
Prevalence -> DiabeticNephropathy,70_79,0.04916,Southern Latin America,M
Prevalence -> DiabeticNephropathy,80_100,0.08984,Southern Latin America,M
DsFreeSus -> Disability,0_4,0.020670160509647238,Southern Latin America,F
DsFreeSus -> Disability,5_9,0.03461839433322235,Southern Latin America,F
DsFreeSus -> Disability,10_14,0.04856662815679746,Southern Latin America,F
DsFreeSus -> Disability,15_19,0.06251486198037257,Southern Latin America,F
DsFreeSus -> Disability,20_24,0.07646309580394768,Southern Latin America,F
DsFreeSus -> Disability,25_29,0.09041132962752278,Southern Latin America,F
DsFreeSus -> Disability,30_39,0.11133368036288545,Southern Latin America,F
DsFreeSus -> Disability,40_49,0.1392301480100357,Southern Latin America,F
DsFreeSus -> Disability,50_59,0.1671266156571859,Southern Latin America,F
DsFreeSus -> Disability,60_69,0.1950230833043361,Southern Latin America,F
DsFreeSus -> Disability,70_79,0.22291955095148636,Southern Latin America,F
DsFreeSus -> Disability,80_100,0.2577901355104241,Southern Latin America,F
DsFreeSus -> Diabetes,0_4,0.0,Southern Latin America,F
DsFreeSus -> Diabetes,5_9,0.0,Southern Latin America,F
DsFreeSus -> Diabetes,10_14,1e-09,Southern Latin America,F
DsFreeSus -> Diabetes,15_19,0.0001,Southern Latin America,F
DsFreeSus -> Diabetes,20_24,0.0003,Southern Latin America,F
DsFreeSus -> Diabetes,25_29,0.0006,Southern Latin America,F
DsFreeSus -> Diabetes,30_39,0.0011,Southern Latin America,F
DsFreeSus -> Diabetes,40_49,0.0019,Southern Latin America,F
DsFreeSus -> Diabetes,50_59,0.0024,Southern Latin America,F
DsFreeSus -> Diabetes,60_69,0.0016,Southern Latin America,F
DsFreeSus -> Diabetes,70_79,0.0044,Southern Latin America,F
DsFreeSus -> Diabetes,80_100,0.0109,Southern Latin America,F
Diabetes -> Disability,0_4,0.031,Southern Latin America,F
Diabetes -> Disability,5_9,0.031,Southern Latin America,F
Diabetes -> Disability,10_14,0.031,Southern Latin America,F
Diabetes -> Disability,15_19,0.031,Southern Latin America,F
Diabetes -> Disability,20_24,0.031,Southern Latin America,F
Diabetes -> Disability,25_29,0.031,Southern Latin America,F
Diabetes -> Disability,30_39,0.031,Southern Latin America,F
Diabetes -> Disability,40_49,0.031,Southern Latin America,F
Diabetes -> Disability,50_59,0.031,Southern Latin America,F
Diabetes -> Disability,60_69,0.031,Southern Latin America,F
Diabetes -> Disability,70_79,0.031,Southern Latin America,F
Diabetes -> Disability,80_100,0.031,Southern Latin America,F
Diabetes -> Deceased,0_4,0.0,Southern Latin America,F
Diabetes -> Deceased,5_9,0.0,Southern Latin America,F
Diabetes -> Deceased,10_14,0.0,Southern Latin America,F
Diabetes -> Deceased,15_19,0.0,Southern Latin America,F
Diabetes -> Deceased,20_24,6.108101174587856e-05,Southern Latin America,F
Diabetes -> Deceased,25_29,0.0002443240469835142,Southern Latin America,F
Diabetes -> Deceased,30_39,0.0006718911292046642,Southern Latin America,F
Diabetes -> Deceased,40_49,0.001527025293646964,Southern Latin America,F
Diabetes -> Deceased,50_59,0.0032372936225315637,Southern Latin America,F
Diabetes -> Deceased,60_69,0.004581075880940892,Southern Latin America,F
Diabetes -> Deceased,70_79,0.008123774562201848,Southern Latin America,F
Diabetes -> Deceased,80_100,0.023332946486925608,Southern Latin America,F
Diabetes -> DiabeticRetinopathy,0_4,0.0,Southern Latin America,F
Diabetes -> DiabeticRetinopathy,5_9,0.0,Southern Latin America,F
Diabetes -> DiabeticRetinopathy,10_14,0.005407775504238527,Southern Latin America,F
Diabetes -> DiabeticRetinopathy,15_19,0.001143147466023117,Southern Latin America,F
Diabetes -> DiabeticRetinopathy,20_24,0.0005647803004631198,Southern Latin America,F
Diabetes -> DiabeticRetinopathy,25_29,0.002198521844887267,Southern Latin America,F
Diabetes -> DiabeticRetinopathy,30_39,0.0069181378069649415,Southern Latin America,F
Diabetes -> DiabeticRetinopathy,40_49,0.009358048640298882,Southern Latin America,F
Diabetes -> DiabeticRetinopathy,50_59,0.008721366409922977,Southern Latin America,F
Diabetes -> DiabeticRetinopathy,60_69,0.011710996427153633,Southern Latin America,F
Diabetes -> DiabeticRetinopathy,70_79,0.008876992529263713,Southern Latin America,F
Diabetes -> DiabeticRetinopathy,80_100,0.01149022384554447,Southern Latin America,F
Diabetes -> LowerExtrmAmpt,0_4,0.0,Southern Latin America,F
Diabetes -> LowerExtrmAmpt,5_9,0.0,Southern Latin America,F
Diabetes -> LowerExtrmAmpt,10_14,7.307804735457468e-05,Southern Latin America,F
Diabetes -> LowerExtrmAmpt,15_19,0.0013971802362504762,Southern Latin America,F
Diabetes -> LowerExtrmAmpt,20_24,0.003388681802778719,Southern Latin America,F
Diabetes -> LowerExtrmAmpt,25_29,0.005706801384600992,Southern Latin America,F
Diabetes -> LowerExtrmAmpt,30_39,0.006464729198051806,Southern Latin America,F
Diabetes -> LowerExtrmAmpt,40_49,0.0009340086934655315,Southern Latin America,F
Diabetes -> LowerExtrmAmpt,50_59,0.0005626688006401921,Southern Latin America,F
Diabetes -> LowerExtrmAmpt,60_69,0.004744586305369515,Southern Latin America,F
Diabetes -> LowerExtrmAmpt,70_79,0.011561663537213855,Southern Latin America,F
Diabetes -> LowerExtrmAmpt,80_100,0.013985964961477254,Southern Latin America,F
Diabetes -> DiabeticNephropathy,0_4,0.0,Southern Latin America,F
Diabetes -> DiabeticNephropathy,5_9,0.0,Southern Latin America,F
Diabetes -> DiabeticNephropathy,10_14,0.014,Southern Latin America,F
Diabetes -> DiabeticNephropathy,15_19,0.014,Southern Latin America,F
Diabetes -> DiabeticNephropathy,20_24,0.014,Southern Latin America,F
Diabetes -> DiabeticNephropathy,25_29,0.014,Southern Latin America,F
Diabetes -> DiabeticNephropathy,30_39,0.014,Southern Latin America,F
Diabetes -> DiabeticNephropathy,40_49,0.014,Southern Latin America,F
Diabetes -> DiabeticNephropathy,50_59,0.014,Southern Latin America,F
Diabetes -> DiabeticNephropathy,60_69,0.014,Southern Latin America,F
Diabetes -> DiabeticNephropathy,70_79,0.014,Southern Latin America,F
Diabetes -> DiabeticNephropathy,80_100,0.014,Southern Latin America,F
Prevalence -> Diabetes,0_4,0.0036199,Southern Latin America,F
Prevalence -> Diabetes,5_9,0.0036882000000000004,Southern Latin America,F
Prevalence -> Diabetes,10_14,0.0038248,Southern Latin America,F
Prevalence -> Diabetes,15_19,0.0042346,Southern Latin America,F
Prevalence -> Diabetes,20_24,0.004849300000000001,Southern Latin America,F
Prevalence -> Diabetes,25_29,0.006215300000000001,Southern Latin America,F
Prevalence -> Diabetes,30_39,0.0105865,Southern Latin America,F
Prevalence -> Diabetes,40_49,0.0200802,Southern Latin America,F
Prevalence -> Diabetes,50_59,0.033740200000000005,Southern Latin America,F
Prevalence -> Diabetes,60_69,0.044668200000000005,Southern Latin America,F
Prevalence -> Diabetes,70_79,0.0520446,Southern Latin America,F
Prevalence -> Diabetes,80_100,0.0948687,Southern Latin America,F
DiabeticRetinopathy -> Disability,0_4,0.338,Southern Latin America,F
DiabeticRetinopathy -> Disability,5_9,0.338,Southern Latin America,F
DiabeticRetinopathy -> Disability,10_14,0.338,Southern Latin America,F
DiabeticRetinopathy -> Disability,15_19,0.338,Southern Latin America,F
DiabeticRetinopathy -> Disability,20_24,0.338,Southern Latin America,F
DiabeticRetinopathy -> Disability,25_29,0.338,Southern Latin America,F
DiabeticRetinopathy -> Disability,30_39,0.338,Southern Latin America,F
DiabeticRetinopathy -> Disability,40_49,0.338,Southern Latin America,F
DiabeticRetinopathy -> Disability,50_59,0.338,Southern Latin America,F
DiabeticRetinopathy -> Disability,60_69,0.338,Southern Latin America,F
DiabeticRetinopathy -> Disability,70_79,0.338,Southern Latin America,F
DiabeticRetinopathy -> Disability,80_100,0.338,Southern Latin America,F
DiabeticRetinopathy -> Deceased,0_4,0.0,Southern Latin America,F
DiabeticRetinopathy -> Deceased,5_9,0.0,Southern Latin America,F
DiabeticRetinopathy -> Deceased,10_14,0.0,Southern Latin America,F
DiabeticRetinopathy -> Deceased,15_19,0.0,Southern Latin America,F
DiabeticRetinopathy -> Deceased,20_24,0.0001,Southern Latin America,F
DiabeticRetinopathy -> Deceased,25_29,0.0006,Southern Latin America,F
DiabeticRetinopathy -> Deceased,30_39,0.0023,Southern Latin America,F
DiabeticRetinopathy -> Deceased,40_49,0.0052,Southern Latin America,F
DiabeticRetinopathy -> Deceased,50_59,0.0106,Southern Latin America,F
DiabeticRetinopathy -> Deceased,60_69,0.0154,Southern Latin America,F
DiabeticRetinopathy -> Deceased,70_79,0.0261,Southern Latin America,F
DiabeticRetinopathy -> Deceased,80_100,0.0742,Southern Latin America,F
Prevalence -> DiabeticRetinopathy,0_4,0.0,Southern Latin America,F
Prevalence -> DiabeticRetinopathy,5_9,0.0,Southern Latin America,F
Prevalence -> DiabeticRetinopathy,10_14,0.0003,Southern Latin America,F
Prevalence -> DiabeticRetinopathy,15_19,0.0004,Southern Latin America,F
Prevalence -> DiabeticRetinopathy,20_24,0.0004,Southern Latin America,F
Prevalence -> DiabeticRetinopathy,25_29,0.0004,Southern Latin America,F
Prevalence -> DiabeticRetinopathy,30_39,0.0009,Southern Latin America,F
Prevalence -> DiabeticRetinopathy,40_49,0.0028,Southern Latin America,F
Prevalence -> DiabeticRetinopathy,50_59,0.0057,Southern Latin America,F
Prevalence -> DiabeticRetinopathy,60_69,0.0108,Southern Latin America,F
Prevalence -> DiabeticRetinopathy,70_79,0.0152,Southern Latin America,F
Prevalence -> DiabeticRetinopathy,80_100,0.0186,Southern Latin America,F
LowerExtrmAmpt -> Disability,0_4,0.164,Southern Latin America,F
LowerExtrmAmpt -> Disability,5_9,0.164,Southern Latin America,F
LowerExtrmAmpt -> Disability,10_14,0.164,Southern Latin America,F
LowerExtrmAmpt -> Disability,15_19,0.164,Southern Latin America,F
LowerExtrmAmpt -> Disability,20_24,0.164,Southern Latin America,F
LowerExtrmAmpt -> Disability,25_29,0.164,Southern Latin America,F
LowerExtrmAmpt -> Disability,30_39,0.164,Southern Latin America,F
LowerExtrmAmpt -> Disability,40_49,0.164,Southern Latin America,F
LowerExtrmAmpt -> Disability,50_59,0.164,Southern Latin America,F
LowerExtrmAmpt -> Disability,60_69,0.164,Southern Latin America,F
LowerExtrmAmpt -> Disability,70_79,0.164,Southern Latin America,F
LowerExtrmAmpt -> Disability,80_100,0.164,Southern Latin America,F
LowerExtrmAmpt -> Deceased,0_4,0.0,Southern Latin America,F
LowerExtrmAmpt -> Deceased,5_9,0.0,Southern Latin America,F
LowerExtrmAmpt -> Deceased,10_14,0.0,Southern Latin America,F
LowerExtrmAmpt -> Deceased,15_19,0.0,Southern Latin America,F
LowerExtrmAmpt -> Deceased,20_24,0.0001,Southern Latin America,F
LowerExtrmAmpt -> Deceased,25_29,0.0006,Southern Latin America,F
LowerExtrmAmpt -> Deceased,30_39,0.0023,Southern Latin America,F
LowerExtrmAmpt -> Deceased,40_49,0.0049,Southern Latin America,F
LowerExtrmAmpt -> Deceased,50_59,0.0104,Southern Latin America,F
LowerExtrmAmpt -> Deceased,60_69,0.0157,Southern Latin America,F
LowerExtrmAmpt -> Deceased,70_79,0.027,Southern Latin America,F
LowerExtrmAmpt -> Deceased,80_100,0.0773,Southern Latin America,F
Prevalence -> LowerExtrmAmpt,0_4,0.0,Southern Latin America,F
Prevalence -> LowerExtrmAmpt,5_9,0.0,Southern Latin America,F
Prevalence -> LowerExtrmAmpt,10_14,0.0,Southern Latin America,F
Prevalence -> LowerExtrmAmpt,15_19,0.0,Southern Latin America,F
Prevalence -> LowerExtrmAmpt,20_24,0.0001,Southern Latin America,F
Prevalence -> LowerExtrmAmpt,25_29,0.0003,Southern Latin America,F
Prevalence -> LowerExtrmAmpt,30_39,0.0009,Southern Latin America,F
Prevalence -> LowerExtrmAmpt,40_49,0.0016,Southern Latin America,F
Prevalence -> LowerExtrmAmpt,50_59,0.0016,Southern Latin America,F
Prevalence -> LowerExtrmAmpt,60_69,0.0028,Southern Latin America,F
Prevalence -> LowerExtrmAmpt,70_79,0.007,Southern Latin America,F
Prevalence -> LowerExtrmAmpt,80_100,0.0167,Southern Latin America,F
Disability -> Disability,0_4,0.0,Southern Latin America,F
Disability -> Disability,5_9,0.0,Southern Latin America,F
Disability -> Disability,10_14,0.0,Southern Latin America,F
Disability -> Disability,15_19,0.0,Southern Latin America,F
Disability -> Disability,20_24,0.0,Southern Latin America,F
Disability -> Disability,25_29,0.0,Southern Latin America,F
Disability -> Disability,30_39,0.0,Southern Latin America,F
Disability -> Disability,40_49,0.0,Southern Latin America,F
Disability -> Disability,50_59,0.0,Southern Latin America,F
Disability -> Disability,60_69,0.0,Southern Latin America,F
Disability -> Disability,70_79,0.0,Southern Latin America,F
Disability -> Disability,80_100,0.0,Southern Latin America,F
StdGlycControl -> DiabeticRetinopathy,0_4,-75.0,Southern Latin America,F
StdGlycControl -> DiabeticRetinopathy,5_9,-75.0,Southern Latin America,F
StdGlycControl -> DiabeticRetinopathy,10_14,-75.0,Southern Latin America,F
StdGlycControl -> DiabeticRetinopathy,15_19,-75.0,Southern Latin America,F
StdGlycControl -> DiabeticRetinopathy,20_24,-75.0,Southern Latin America,F
StdGlycControl -> DiabeticRetinopathy,25_29,-75.0,Southern Latin America,F
StdGlycControl -> DiabeticRetinopathy,30_39,-75.0,Southern Latin America,F
StdGlycControl -> DiabeticRetinopathy,40_49,-75.0,Southern Latin America,F
StdGlycControl -> DiabeticRetinopathy,50_59,-75.0,Southern Latin America,F
StdGlycControl -> DiabeticRetinopathy,60_69,-75.0,Southern Latin America,F
StdGlycControl -> DiabeticRetinopathy,70_79,-75.0,Southern Latin America,F
StdGlycControl -> DiabeticRetinopathy,80_100,-75.0,Southern Latin America,F
StdGlycControl -> LowerExtrmAmpt,0_4,-28.6,Southern Latin America,F
StdGlycControl -> LowerExtrmAmpt,5_9,-28.6,Southern Latin America,F
StdGlycControl -> LowerExtrmAmpt,10_14,-28.6,Southern Latin America,F
StdGlycControl -> LowerExtrmAmpt,15_19,-28.6,Southern Latin America,F
StdGlycControl -> LowerExtrmAmpt,20_24,-28.6,Southern Latin America,F
StdGlycControl -> LowerExtrmAmpt,25_29,-28.6,Southern Latin America,F
StdGlycControl -> LowerExtrmAmpt,30_39,-28.6,Southern Latin America,F
StdGlycControl -> LowerExtrmAmpt,40_49,-28.6,Southern Latin America,F
StdGlycControl -> LowerExtrmAmpt,50_59,-28.6,Southern Latin America,F
StdGlycControl -> LowerExtrmAmpt,60_69,-28.6,Southern Latin America,F
StdGlycControl -> LowerExtrmAmpt,70_79,-28.6,Southern Latin America,F
StdGlycControl -> LowerExtrmAmpt,80_100,-28.6,Southern Latin America,F
StdGlycControl -> DiabeticNephropathy,0_4,-39.0,Southern Latin America,F
StdGlycControl -> DiabeticNephropathy,5_9,-39.0,Southern Latin America,F
StdGlycControl -> DiabeticNephropathy,10_14,-39.0,Southern Latin America,F
StdGlycControl -> DiabeticNephropathy,15_19,-39.0,Southern Latin America,F
StdGlycControl -> DiabeticNephropathy,20_24,-39.0,Southern Latin America,F
StdGlycControl -> DiabeticNephropathy,25_29,-39.0,Southern Latin America,F
StdGlycControl -> DiabeticNephropathy,30_39,-39.0,Southern Latin America,F
StdGlycControl -> DiabeticNephropathy,40_49,-39.0,Southern Latin America,F
StdGlycControl -> DiabeticNephropathy,50_59,-39.0,Southern Latin America,F
StdGlycControl -> DiabeticNephropathy,60_69,-39.0,Southern Latin America,F
StdGlycControl -> DiabeticNephropathy,70_79,-39.0,Southern Latin America,F
StdGlycControl -> DiabeticNephropathy,80_100,-39.0,Southern Latin America,F
IntsvGlycControl -> DiabeticRetinopathy,0_4,-65.0,Southern Latin America,F
IntsvGlycControl -> DiabeticRetinopathy,5_9,-65.0,Southern Latin America,F
IntsvGlycControl -> DiabeticRetinopathy,10_14,-65.0,Southern Latin America,F
IntsvGlycControl -> DiabeticRetinopathy,15_19,-65.0,Southern Latin America,F
IntsvGlycControl -> DiabeticRetinopathy,20_24,-65.0,Southern Latin America,F
IntsvGlycControl -> DiabeticRetinopathy,25_29,-65.0,Southern Latin America,F
IntsvGlycControl -> DiabeticRetinopathy,30_39,-65.0,Southern Latin America,F
IntsvGlycControl -> DiabeticRetinopathy,40_49,-65.0,Southern Latin America,F
IntsvGlycControl -> DiabeticRetinopathy,50_59,-65.0,Southern Latin America,F
IntsvGlycControl -> DiabeticRetinopathy,60_69,-65.0,Southern Latin America,F
IntsvGlycControl -> DiabeticRetinopathy,70_79,-65.0,Southern Latin America,F
IntsvGlycControl -> DiabeticRetinopathy,80_100,-65.0,Southern Latin America,F
IntsvGlycControl -> LowerExtrmAmpt,0_4,-15.1,Southern Latin America,F
IntsvGlycControl -> LowerExtrmAmpt,5_9,-15.1,Southern Latin America,F
IntsvGlycControl -> LowerExtrmAmpt,10_14,-15.1,Southern Latin America,F
IntsvGlycControl -> LowerExtrmAmpt,15_19,-15.1,Southern Latin America,F
IntsvGlycControl -> LowerExtrmAmpt,20_24,-15.1,Southern Latin America,F
IntsvGlycControl -> LowerExtrmAmpt,25_29,-15.1,Southern Latin America,F
IntsvGlycControl -> LowerExtrmAmpt,30_39,-15.1,Southern Latin America,F
IntsvGlycControl -> LowerExtrmAmpt,40_49,-15.1,Southern Latin America,F
IntsvGlycControl -> LowerExtrmAmpt,50_59,-15.1,Southern Latin America,F
IntsvGlycControl -> LowerExtrmAmpt,60_69,-15.1,Southern Latin America,F
IntsvGlycControl -> LowerExtrmAmpt,70_79,-15.1,Southern Latin America,F
IntsvGlycControl -> LowerExtrmAmpt,80_100,-15.1,Southern Latin America,F
IntsvGlycControl -> DiabeticNephropathy,0_4,-39.0,Southern Latin America,F
IntsvGlycControl -> DiabeticNephropathy,5_9,-39.0,Southern Latin America,F
IntsvGlycControl -> DiabeticNephropathy,10_14,-39.0,Southern Latin America,F
IntsvGlycControl -> DiabeticNephropathy,15_19,-39.0,Southern Latin America,F
IntsvGlycControl -> DiabeticNephropathy,20_24,-39.0,Southern Latin America,F
IntsvGlycControl -> DiabeticNephropathy,25_29,-39.0,Southern Latin America,F
IntsvGlycControl -> DiabeticNephropathy,30_39,-39.0,Southern Latin America,F
IntsvGlycControl -> DiabeticNephropathy,40_49,-39.0,Southern Latin America,F
IntsvGlycControl -> DiabeticNephropathy,50_59,-39.0,Southern Latin America,F
IntsvGlycControl -> DiabeticNephropathy,60_69,-39.0,Southern Latin America,F
IntsvGlycControl -> DiabeticNephropathy,70_79,-39.0,Southern Latin America,F
IntsvGlycControl -> DiabeticNephropathy,80_100,-39.0,Southern Latin America,F
RetinopathyScrn -> DiabeticRetinopathy,0_4,-20.0,Southern Latin America,F
RetinopathyScrn -> DiabeticRetinopathy,5_9,-20.0,Southern Latin America,F
RetinopathyScrn -> DiabeticRetinopathy,10_14,-20.0,Southern Latin America,F
RetinopathyScrn -> DiabeticRetinopathy,15_19,-20.0,Southern Latin America,F
RetinopathyScrn -> DiabeticRetinopathy,20_24,-20.0,Southern Latin America,F
RetinopathyScrn -> DiabeticRetinopathy,25_29,-20.0,Southern Latin America,F
RetinopathyScrn -> DiabeticRetinopathy,30_39,-20.0,Southern Latin America,F
RetinopathyScrn -> DiabeticRetinopathy,40_49,-20.0,Southern Latin America,F
RetinopathyScrn -> DiabeticRetinopathy,50_59,-20.0,Southern Latin America,F
RetinopathyScrn -> DiabeticRetinopathy,60_69,-20.0,Southern Latin America,F
RetinopathyScrn -> DiabeticRetinopathy,70_79,-20.0,Southern Latin America,F
RetinopathyScrn -> DiabeticRetinopathy,80_100,-20.0,Southern Latin America,F
NeuropathyScr -> LowerExtrmAmpt,0_4,-35.0,Southern Latin America,F
NeuropathyScr -> LowerExtrmAmpt,5_9,-35.0,Southern Latin America,F
NeuropathyScr -> LowerExtrmAmpt,10_14,-35.0,Southern Latin America,F
NeuropathyScr -> LowerExtrmAmpt,15_19,-35.0,Southern Latin America,F
NeuropathyScr -> LowerExtrmAmpt,20_24,-35.0,Southern Latin America,F
NeuropathyScr -> LowerExtrmAmpt,25_29,-35.0,Southern Latin America,F
NeuropathyScr -> LowerExtrmAmpt,30_39,-35.0,Southern Latin America,F
NeuropathyScr -> LowerExtrmAmpt,40_49,-35.0,Southern Latin America,F
NeuropathyScr -> LowerExtrmAmpt,50_59,-35.0,Southern Latin America,F
NeuropathyScr -> LowerExtrmAmpt,60_69,-35.0,Southern Latin America,F
NeuropathyScr -> LowerExtrmAmpt,70_79,-35.0,Southern Latin America,F
NeuropathyScr -> LowerExtrmAmpt,80_100,-35.0,Southern Latin America,F
NephropathyScr -> DiabeticNephropathy,0_4,-24.0,Southern Latin America,F
NephropathyScr -> DiabeticNephropathy,5_9,-24.0,Southern Latin America,F
NephropathyScr -> DiabeticNephropathy,10_14,-24.0,Southern Latin America,F
NephropathyScr -> DiabeticNephropathy,15_19,-24.0,Southern Latin America,F
NephropathyScr -> DiabeticNephropathy,20_24,-24.0,Southern Latin America,F
NephropathyScr -> DiabeticNephropathy,25_29,-24.0,Southern Latin America,F
NephropathyScr -> DiabeticNephropathy,30_39,-24.0,Southern Latin America,F
NephropathyScr -> DiabeticNephropathy,40_49,-24.0,Southern Latin America,F
NephropathyScr -> DiabeticNephropathy,50_59,-24.0,Southern Latin America,F
NephropathyScr -> DiabeticNephropathy,60_69,-24.0,Southern Latin America,F
NephropathyScr -> DiabeticNephropathy,70_79,-24.0,Southern Latin America,F
NephropathyScr -> DiabeticNephropathy,80_100,-24.0,Southern Latin America,F
DiabeticNephropathy -> Disability,0_4,0.338,Southern Latin America,F
DiabeticNephropathy -> Disability,5_9,0.338,Southern Latin America,F
DiabeticNephropathy -> Disability,10_14,0.338,Southern Latin America,F
DiabeticNephropathy -> Disability,15_19,0.338,Southern Latin America,F
DiabeticNephropathy -> Disability,20_24,0.338,Southern Latin America,F
DiabeticNephropathy -> Disability,25_29,0.338,Southern Latin America,F
DiabeticNephropathy -> Disability,30_39,0.338,Southern Latin America,F
DiabeticNephropathy -> Disability,40_49,0.338,Southern Latin America,F
DiabeticNephropathy -> Disability,50_59,0.338,Southern Latin America,F
DiabeticNephropathy -> Disability,60_69,0.338,Southern Latin America,F
DiabeticNephropathy -> Disability,70_79,0.338,Southern Latin America,F
DiabeticNephropathy -> Disability,80_100,0.338,Southern Latin America,F
DiabeticNephropathy -> Deceased,0_4,0.0,Southern Latin America,F
DiabeticNephropathy -> Deceased,5_9,0.0,Southern Latin America,F
DiabeticNephropathy -> Deceased,10_14,0.0,Southern Latin America,F
DiabeticNephropathy -> Deceased,15_19,0.0,Southern Latin America,F
DiabeticNephropathy -> Deceased,20_24,0.00018385384535509443,Southern Latin America,F
DiabeticNephropathy -> Deceased,25_29,0.0007354153814203777,Southern Latin America,F
DiabeticNephropathy -> Deceased,30_39,0.0020223922989060393,Southern Latin America,F
DiabeticNephropathy -> Deceased,40_49,0.004596346133877361,Southern Latin America,F
DiabeticNephropathy -> Deceased,50_59,0.009744253803820007,Southern Latin America,F
DiabeticNephropathy -> Deceased,60_69,0.013789038401632083,Southern Latin America,F
DiabeticNephropathy -> Deceased,70_79,0.02445256143222756,Southern Latin America,F
DiabeticNephropathy -> Deceased,80_100,0.07023216892564607,Southern Latin America,F
Prevalence -> DiabeticNephropathy,0_4,0.00428,Southern Latin America,F
Prevalence -> DiabeticNephropathy,5_9,0.00428,Southern Latin America,F
Prevalence -> DiabeticNephropathy,10_14,0.00436,Southern Latin America,F
Prevalence -> DiabeticNephropathy,15_19,0.004560000000000001,Southern Latin America,F
Prevalence -> DiabeticNephropathy,20_24,0.00496,Southern Latin America,F
Prevalence -> DiabeticNephropathy,25_29,0.006200000000000001,Southern Latin America,F
Prevalence -> DiabeticNephropathy,30_39,0.011000000000000001,Southern Latin America,F
Prevalence -> DiabeticNephropathy,40_49,0.020680000000000004,Southern Latin America,F
Prevalence -> DiabeticNephropathy,50_59,0.03332,Southern Latin America,F
Prevalence -> DiabeticNephropathy,60_69,0.04012,Southern Latin America,F
Prevalence -> DiabeticNephropathy,70_79,0.04916,Southern Latin America,F
Prevalence -> DiabeticNephropathy,80_100,0.08984,Southern Latin America,F
DsFreeSus -> Disability,0_4,0.0510994357561233,Southern sub-Saharan Africa,M
DsFreeSus -> Disability,5_9,0.065445583997227,Southern sub-Saharan Africa,M
DsFreeSus -> Disability,10_14,0.0797917322383307,Southern sub-Saharan Africa,M
DsFreeSus -> Disability,15_19,0.09413788047943442,Southern sub-Saharan Africa,M
DsFreeSus -> Disability,20_24,0.10848402872053811,Southern sub-Saharan Africa,M
DsFreeSus -> Disability,25_29,0.12283017696164181,Southern sub-Saharan Africa,M
DsFreeSus -> Disability,30_39,0.14434939932329738,Southern sub-Saharan Africa,M
DsFreeSus -> Disability,40_49,0.17304169580550477,Southern sub-Saharan Africa,M
DsFreeSus -> Disability,50_59,0.20173399228771216,Southern sub-Saharan Africa,M
DsFreeSus -> Disability,60_69,0.23042628876991955,Southern sub-Saharan Africa,M
DsFreeSus -> Disability,70_79,0.25911858525212694,Southern sub-Saharan Africa,M
DsFreeSus -> Disability,80_100,0.29498395585488624,Southern sub-Saharan Africa,M
DsFreeSus -> Diabetes,0_4,1e-09,Southern sub-Saharan Africa,M
DsFreeSus -> Diabetes,5_9,1e-09,Southern sub-Saharan Africa,M
DsFreeSus -> Diabetes,10_14,1e-09,Southern sub-Saharan Africa,M
DsFreeSus -> Diabetes,15_19,0.0001,Southern sub-Saharan Africa,M
DsFreeSus -> Diabetes,20_24,0.0002,Southern sub-Saharan Africa,M
DsFreeSus -> Diabetes,25_29,0.0007,Southern sub-Saharan Africa,M
DsFreeSus -> Diabetes,30_39,0.0017,Southern sub-Saharan Africa,M
DsFreeSus -> Diabetes,40_49,0.0029,Southern sub-Saharan Africa,M
DsFreeSus -> Diabetes,50_59,0.0031,Southern sub-Saharan Africa,M
DsFreeSus -> Diabetes,60_69,0.0023,Southern sub-Saharan Africa,M
DsFreeSus -> Diabetes,70_79,0.003,Southern sub-Saharan Africa,M
DsFreeSus -> Diabetes,80_100,0.0032,Southern sub-Saharan Africa,M
Diabetes -> Disability,0_4,0.031,Southern sub-Saharan Africa,M
Diabetes -> Disability,5_9,0.031,Southern sub-Saharan Africa,M
Diabetes -> Disability,10_14,0.031,Southern sub-Saharan Africa,M
Diabetes -> Disability,15_19,0.031,Southern sub-Saharan Africa,M
Diabetes -> Disability,20_24,0.031,Southern sub-Saharan Africa,M
Diabetes -> Disability,25_29,0.031,Southern sub-Saharan Africa,M
Diabetes -> Disability,30_39,0.031,Southern sub-Saharan Africa,M
Diabetes -> Disability,40_49,0.031,Southern sub-Saharan Africa,M
Diabetes -> Disability,50_59,0.031,Southern sub-Saharan Africa,M
Diabetes -> Disability,60_69,0.031,Southern sub-Saharan Africa,M
Diabetes -> Disability,70_79,0.031,Southern sub-Saharan Africa,M
Diabetes -> Disability,80_100,0.031,Southern sub-Saharan Africa,M
Diabetes -> Deceased,0_4,0.0,Southern sub-Saharan Africa,M
Diabetes -> Deceased,5_9,0.0,Southern sub-Saharan Africa,M
Diabetes -> Deceased,10_14,0.0,Southern sub-Saharan Africa,M
Diabetes -> Deceased,15_19,0.0,Southern sub-Saharan Africa,M
Diabetes -> Deceased,20_24,0.0003664860704752713,Southern sub-Saharan Africa,M
Diabetes -> Deceased,25_29,0.002504321481581021,Southern sub-Saharan Africa,M
Diabetes -> Deceased,30_39,0.009956204914578205,Southern sub-Saharan Africa,M
Diabetes -> Deceased,40_49,0.015392414959961397,Southern sub-Saharan Africa,M
Diabetes -> Deceased,50_59,0.01820214150027181,Southern sub-Saharan Africa,M
Diabetes -> Deceased,60_69,0.019423761735189383,Southern sub-Saharan Africa,M
Diabetes -> Deceased,70_79,0.026936726179932445,Southern sub-Saharan Africa,M
Diabetes -> Deceased,80_100,0.029624290696751102,Southern sub-Saharan Africa,M
Diabetes -> DiabeticRetinopathy,0_4,0.0,Southern sub-Saharan Africa,M
Diabetes -> DiabeticRetinopathy,5_9,0.0,Southern sub-Saharan Africa,M
Diabetes -> DiabeticRetinopathy,10_14,0.0,Southern sub-Saharan Africa,M
Diabetes -> DiabeticRetinopathy,15_19,0.0,Southern sub-Saharan Africa,M
Diabetes -> DiabeticRetinopathy,20_24,0.00038705931684030576,Southern sub-Saharan Africa,M
Diabetes -> DiabeticRetinopathy,25_29,0.0005370721089973712,Southern sub-Saharan Africa,M
Diabetes -> DiabeticRetinopathy,30_39,0.0021376561491015162,Southern sub-Saharan Africa,M
Diabetes -> DiabeticRetinopathy,40_49,0.0029952260704477172,Southern sub-Saharan Africa,M
Diabetes -> DiabeticRetinopathy,50_59,0.003492068721276911,Southern sub-Saharan Africa,M
Diabetes -> DiabeticRetinopathy,60_69,0.00541649967816762,Southern sub-Saharan Africa,M
Diabetes -> DiabeticRetinopathy,70_79,0.005204383189057719,Southern sub-Saharan Africa,M
Diabetes -> DiabeticRetinopathy,80_100,0.005627462014631401,Southern sub-Saharan Africa,M
Diabetes -> LowerExtrmAmpt,0_4,0.0,Southern sub-Saharan Africa,M
Diabetes -> LowerExtrmAmpt,5_9,0.0,Southern sub-Saharan Africa,M
Diabetes -> LowerExtrmAmpt,10_14,7.865345288658172e-05,Southern sub-Saharan Africa,M
Diabetes -> LowerExtrmAmpt,15_19,0.0011740012095770038,Southern sub-Saharan Africa,M
Diabetes -> LowerExtrmAmpt,20_24,0.004225397542173338,Southern sub-Saharan Africa,M
Diabetes -> LowerExtrmAmpt,25_29,0.00848008593153744,Southern sub-Saharan Africa,M
Diabetes -> LowerExtrmAmpt,30_39,0.009730788928722528,Southern sub-Saharan Africa,M
Diabetes -> LowerExtrmAmpt,40_49,0.004257829060144139,Southern sub-Saharan Africa,M
Diabetes -> LowerExtrmAmpt,50_59,0.0037885651221400453,Southern sub-Saharan Africa,M
Diabetes -> LowerExtrmAmpt,60_69,0.008744125040988086,Southern sub-Saharan Africa,M
Diabetes -> LowerExtrmAmpt,70_79,0.016816172816905093,Southern sub-Saharan Africa,M
Diabetes -> LowerExtrmAmpt,80_100,0.01849023233378889,Southern sub-Saharan Africa,M
Diabetes -> DiabeticNephropathy,0_4,0.0,Southern sub-Saharan Africa,M
Diabetes -> DiabeticNephropathy,5_9,0.0,Southern sub-Saharan Africa,M
Diabetes -> DiabeticNephropathy,10_14,0.014,Southern sub-Saharan Africa,M
Diabetes -> DiabeticNephropathy,15_19,0.014,Southern sub-Saharan Africa,M
Diabetes -> DiabeticNephropathy,20_24,0.014,Southern sub-Saharan Africa,M
Diabetes -> DiabeticNephropathy,25_29,0.014,Southern sub-Saharan Africa,M
Diabetes -> DiabeticNephropathy,30_39,0.014,Southern sub-Saharan Africa,M
Diabetes -> DiabeticNephropathy,40_49,0.014,Southern sub-Saharan Africa,M
Diabetes -> DiabeticNephropathy,50_59,0.014,Southern sub-Saharan Africa,M
Diabetes -> DiabeticNephropathy,60_69,0.014,Southern sub-Saharan Africa,M
Diabetes -> DiabeticNephropathy,70_79,0.014,Southern sub-Saharan Africa,M
Diabetes -> DiabeticNephropathy,80_100,0.014,Southern sub-Saharan Africa,M
Prevalence -> Diabetes,0_4,0.0,Southern sub-Saharan Africa,M
Prevalence -> Diabetes,5_9,0.0,Southern sub-Saharan Africa,M
Prevalence -> Diabetes,10_14,0.0047810000000000005,Southern sub-Saharan Africa,M
Prevalence -> Diabetes,15_19,0.0051225,Southern sub-Saharan Africa,M
Prevalence -> Diabetes,20_24,0.005600600000000001,Southern sub-Saharan Africa,M
Prevalence -> Diabetes,25_29,0.007034900000000001,Southern sub-Saharan Africa,M
Prevalence -> Diabetes,30_39,0.0124989,Southern sub-Saharan Africa,M
Prevalence -> Diabetes,40_49,0.0242465,Southern sub-Saharan Africa,M
Prevalence -> Diabetes,50_59,0.036950300000000005,Southern sub-Saharan Africa,M
Prevalence -> Diabetes,60_69,0.0421411,Southern sub-Saharan Africa,M
Prevalence -> Diabetes,70_79,0.0438486,Southern sub-Saharan Africa,M
Prevalence -> Diabetes,80_100,0.0442584,Southern sub-Saharan Africa,M
DiabeticRetinopathy -> Disability,0_4,0.338,Southern sub-Saharan Africa,M
DiabeticRetinopathy -> Disability,5_9,0.338,Southern sub-Saharan Africa,M
DiabeticRetinopathy -> Disability,10_14,0.338,Southern sub-Saharan Africa,M
DiabeticRetinopathy -> Disability,15_19,0.338,Southern sub-Saharan Africa,M
DiabeticRetinopathy -> Disability,20_24,0.338,Southern sub-Saharan Africa,M
DiabeticRetinopathy -> Disability,25_29,0.338,Southern sub-Saharan Africa,M
DiabeticRetinopathy -> Disability,30_39,0.338,Southern sub-Saharan Africa,M
DiabeticRetinopathy -> Disability,40_49,0.338,Southern sub-Saharan Africa,M
DiabeticRetinopathy -> Disability,50_59,0.338,Southern sub-Saharan Africa,M
DiabeticRetinopathy -> Disability,60_69,0.338,Southern sub-Saharan Africa,M
DiabeticRetinopathy -> Disability,70_79,0.338,Southern sub-Saharan Africa,M
DiabeticRetinopathy -> Disability,80_100,0.338,Southern sub-Saharan Africa,M
DiabeticRetinopathy -> Deceased,0_4,0.0,Southern sub-Saharan Africa,M
DiabeticRetinopathy -> Deceased,5_9,0.0,Southern sub-Saharan Africa,M
DiabeticRetinopathy -> Deceased,10_14,0.0,Southern sub-Saharan Africa,M
DiabeticRetinopathy -> Deceased,15_19,0.0,Southern sub-Saharan Africa,M
DiabeticRetinopathy -> Deceased,20_24,0.0007,Southern sub-Saharan Africa,M
DiabeticRetinopathy -> Deceased,25_29,0.0067,Southern sub-Saharan Africa,M
DiabeticRetinopathy -> Deceased,30_39,0.033,Southern sub-Saharan Africa,M
DiabeticRetinopathy -> Deceased,40_49,0.0505,Southern sub-Saharan Africa,M
DiabeticRetinopathy -> Deceased,50_59,0.0598,Southern sub-Saharan Africa,M
DiabeticRetinopathy -> Deceased,60_69,0.0645,Southern sub-Saharan Africa,M
DiabeticRetinopathy -> Deceased,70_79,0.0868,Southern sub-Saharan Africa,M
DiabeticRetinopathy -> Deceased,80_100,0.0975,Southern sub-Saharan Africa,M
Prevalence -> DiabeticRetinopathy,0_4,0.0,Southern sub-Saharan Africa,M
Prevalence -> DiabeticRetinopathy,5_9,0.0,Southern sub-Saharan Africa,M
Prevalence -> DiabeticRetinopathy,10_14,0.0,Southern sub-Saharan Africa,M
Prevalence -> DiabeticRetinopathy,15_19,0.0,Southern sub-Saharan Africa,M
Prevalence -> DiabeticRetinopathy,20_24,0.0002,Southern sub-Saharan Africa,M
Prevalence -> DiabeticRetinopathy,25_29,0.0002,Southern sub-Saharan Africa,M
Prevalence -> DiabeticRetinopathy,30_39,0.0003,Southern sub-Saharan Africa,M
Prevalence -> DiabeticRetinopathy,40_49,0.0008,Southern sub-Saharan Africa,M
Prevalence -> DiabeticRetinopathy,50_59,0.0016,Southern sub-Saharan Africa,M
Prevalence -> DiabeticRetinopathy,60_69,0.0028,Southern sub-Saharan Africa,M
Prevalence -> DiabeticRetinopathy,70_79,0.0037,Southern sub-Saharan Africa,M
Prevalence -> DiabeticRetinopathy,80_100,0.0037,Southern sub-Saharan Africa,M
LowerExtrmAmpt -> Disability,0_4,0.164,Southern sub-Saharan Africa,M
LowerExtrmAmpt -> Disability,5_9,0.164,Southern sub-Saharan Africa,M
LowerExtrmAmpt -> Disability,10_14,0.164,Southern sub-Saharan Africa,M
LowerExtrmAmpt -> Disability,15_19,0.164,Southern sub-Saharan Africa,M
LowerExtrmAmpt -> Disability,20_24,0.164,Southern sub-Saharan Africa,M
LowerExtrmAmpt -> Disability,25_29,0.164,Southern sub-Saharan Africa,M
LowerExtrmAmpt -> Disability,30_39,0.164,Southern sub-Saharan Africa,M
LowerExtrmAmpt -> Disability,40_49,0.164,Southern sub-Saharan Africa,M
LowerExtrmAmpt -> Disability,50_59,0.164,Southern sub-Saharan Africa,M
LowerExtrmAmpt -> Disability,60_69,0.164,Southern sub-Saharan Africa,M
LowerExtrmAmpt -> Disability,70_79,0.164,Southern sub-Saharan Africa,M
LowerExtrmAmpt -> Disability,80_100,0.164,Southern sub-Saharan Africa,M
LowerExtrmAmpt -> Deceased,0_4,0.0,Southern sub-Saharan Africa,M
LowerExtrmAmpt -> Deceased,5_9,0.0,Southern sub-Saharan Africa,M
LowerExtrmAmpt -> Deceased,10_14,0.0,Southern sub-Saharan Africa,M
LowerExtrmAmpt -> Deceased,15_19,0.0,Southern sub-Saharan Africa,M
LowerExtrmAmpt -> Deceased,20_24,0.0007,Southern sub-Saharan Africa,M
LowerExtrmAmpt -> Deceased,25_29,0.0074,Southern sub-Saharan Africa,M
LowerExtrmAmpt -> Deceased,30_39,0.0331,Southern sub-Saharan Africa,M
LowerExtrmAmpt -> Deceased,40_49,0.0499,Southern sub-Saharan Africa,M
LowerExtrmAmpt -> Deceased,50_59,0.0596,Southern sub-Saharan Africa,M
LowerExtrmAmpt -> Deceased,60_69,0.065,Southern sub-Saharan Africa,M
LowerExtrmAmpt -> Deceased,70_79,0.087,Southern sub-Saharan Africa,M
LowerExtrmAmpt -> Deceased,80_100,0.0977,Southern sub-Saharan Africa,M
Prevalence -> LowerExtrmAmpt,0_4,0.0,Southern sub-Saharan Africa,M
Prevalence -> LowerExtrmAmpt,5_9,0.0,Southern sub-Saharan Africa,M
Prevalence -> LowerExtrmAmpt,10_14,0.0,Southern sub-Saharan Africa,M
Prevalence -> LowerExtrmAmpt,15_19,0.0,Southern sub-Saharan Africa,M
Prevalence -> LowerExtrmAmpt,20_24,0.0001,Southern sub-Saharan Africa,M
Prevalence -> LowerExtrmAmpt,25_29,0.0004,Southern sub-Saharan Africa,M
Prevalence -> LowerExtrmAmpt,30_39,0.0013,Southern sub-Saharan Africa,M
Prevalence -> LowerExtrmAmpt,40_49,0.0022,Southern sub-Saharan Africa,M
Prevalence -> LowerExtrmAmpt,50_59,0.0026,Southern sub-Saharan Africa,M
Prevalence -> LowerExtrmAmpt,60_69,0.0039,Southern sub-Saharan Africa,M
Prevalence -> LowerExtrmAmpt,70_79,0.0079,Southern sub-Saharan Africa,M
Prevalence -> LowerExtrmAmpt,80_100,0.0106,Southern sub-Saharan Africa,M
Disability -> Disability,0_4,0.0,Southern sub-Saharan Africa,M
Disability -> Disability,5_9,0.0,Southern sub-Saharan Africa,M
Disability -> Disability,10_14,0.0,Southern sub-Saharan Africa,M
Disability -> Disability,15_19,0.0,Southern sub-Saharan Africa,M
Disability -> Disability,20_24,0.0,Southern sub-Saharan Africa,M
Disability -> Disability,25_29,0.0,Southern sub-Saharan Africa,M
Disability -> Disability,30_39,0.0,Southern sub-Saharan Africa,M
Disability -> Disability,40_49,0.0,Southern sub-Saharan Africa,M
Disability -> Disability,50_59,0.0,Southern sub-Saharan Africa,M
Disability -> Disability,60_69,0.0,Southern sub-Saharan Africa,M
Disability -> Disability,70_79,0.0,Southern sub-Saharan Africa,M
Disability -> Disability,80_100,0.0,Southern sub-Saharan Africa,M
StdGlycControl -> DiabeticRetinopathy,0_4,-75.0,Southern sub-Saharan Africa,M
StdGlycControl -> DiabeticRetinopathy,5_9,-75.0,Southern sub-Saharan Africa,M
StdGlycControl -> DiabeticRetinopathy,10_14,-75.0,Southern sub-Saharan Africa,M
StdGlycControl -> DiabeticRetinopathy,15_19,-75.0,Southern sub-Saharan Africa,M
StdGlycControl -> DiabeticRetinopathy,20_24,-75.0,Southern sub-Saharan Africa,M
StdGlycControl -> DiabeticRetinopathy,25_29,-75.0,Southern sub-Saharan Africa,M
StdGlycControl -> DiabeticRetinopathy,30_39,-75.0,Southern sub-Saharan Africa,M
StdGlycControl -> DiabeticRetinopathy,40_49,-75.0,Southern sub-Saharan Africa,M
StdGlycControl -> DiabeticRetinopathy,50_59,-75.0,Southern sub-Saharan Africa,M
StdGlycControl -> DiabeticRetinopathy,60_69,-75.0,Southern sub-Saharan Africa,M
StdGlycControl -> DiabeticRetinopathy,70_79,-75.0,Southern sub-Saharan Africa,M
StdGlycControl -> DiabeticRetinopathy,80_100,-75.0,Southern sub-Saharan Africa,M
StdGlycControl -> LowerExtrmAmpt,0_4,-28.6,Southern sub-Saharan Africa,M
StdGlycControl -> LowerExtrmAmpt,5_9,-28.6,Southern sub-Saharan Africa,M
StdGlycControl -> LowerExtrmAmpt,10_14,-28.6,Southern sub-Saharan Africa,M
StdGlycControl -> LowerExtrmAmpt,15_19,-28.6,Southern sub-Saharan Africa,M
StdGlycControl -> LowerExtrmAmpt,20_24,-28.6,Southern sub-Saharan Africa,M
StdGlycControl -> LowerExtrmAmpt,25_29,-28.6,Southern sub-Saharan Africa,M
StdGlycControl -> LowerExtrmAmpt,30_39,-28.6,Southern sub-Saharan Africa,M
StdGlycControl -> LowerExtrmAmpt,40_49,-28.6,Southern sub-Saharan Africa,M
StdGlycControl -> LowerExtrmAmpt,50_59,-28.6,Southern sub-Saharan Africa,M
StdGlycControl -> LowerExtrmAmpt,60_69,-28.6,Southern sub-Saharan Africa,M
StdGlycControl -> LowerExtrmAmpt,70_79,-28.6,Southern sub-Saharan Africa,M
StdGlycControl -> LowerExtrmAmpt,80_100,-28.6,Southern sub-Saharan Africa,M
StdGlycControl -> DiabeticNephropathy,0_4,-39.0,Southern sub-Saharan Africa,M
StdGlycControl -> DiabeticNephropathy,5_9,-39.0,Southern sub-Saharan Africa,M
StdGlycControl -> DiabeticNephropathy,10_14,-39.0,Southern sub-Saharan Africa,M
StdGlycControl -> DiabeticNephropathy,15_19,-39.0,Southern sub-Saharan Africa,M
StdGlycControl -> DiabeticNephropathy,20_24,-39.0,Southern sub-Saharan Africa,M
StdGlycControl -> DiabeticNephropathy,25_29,-39.0,Southern sub-Saharan Africa,M
StdGlycControl -> DiabeticNephropathy,30_39,-39.0,Southern sub-Saharan Africa,M
StdGlycControl -> DiabeticNephropathy,40_49,-39.0,Southern sub-Saharan Africa,M
StdGlycControl -> DiabeticNephropathy,50_59,-39.0,Southern sub-Saharan Africa,M
StdGlycControl -> DiabeticNephropathy,60_69,-39.0,Southern sub-Saharan Africa,M
StdGlycControl -> DiabeticNephropathy,70_79,-39.0,Southern sub-Saharan Africa,M
StdGlycControl -> DiabeticNephropathy,80_100,-39.0,Southern sub-Saharan Africa,M
IntsvGlycControl -> DiabeticRetinopathy,0_4,-65.0,Southern sub-Saharan Africa,M
IntsvGlycControl -> DiabeticRetinopathy,5_9,-65.0,Southern sub-Saharan Africa,M
IntsvGlycControl -> DiabeticRetinopathy,10_14,-65.0,Southern sub-Saharan Africa,M
IntsvGlycControl -> DiabeticRetinopathy,15_19,-65.0,Southern sub-Saharan Africa,M
IntsvGlycControl -> DiabeticRetinopathy,20_24,-65.0,Southern sub-Saharan Africa,M
IntsvGlycControl -> DiabeticRetinopathy,25_29,-65.0,Southern sub-Saharan Africa,M
IntsvGlycControl -> DiabeticRetinopathy,30_39,-65.0,Southern sub-Saharan Africa,M
IntsvGlycControl -> DiabeticRetinopathy,40_49,-65.0,Southern sub-Saharan Africa,M
IntsvGlycControl -> DiabeticRetinopathy,50_59,-65.0,Southern sub-Saharan Africa,M
IntsvGlycControl -> DiabeticRetinopathy,60_69,-65.0,Southern sub-Saharan Africa,M
IntsvGlycControl -> DiabeticRetinopathy,70_79,-65.0,Southern sub-Saharan Africa,M
IntsvGlycControl -> DiabeticRetinopathy,80_100,-65.0,Southern sub-Saharan Africa,M
IntsvGlycControl -> LowerExtrmAmpt,0_4,-15.1,Southern sub-Saharan Africa,M
IntsvGlycControl -> LowerExtrmAmpt,5_9,-15.1,Southern sub-Saharan Africa,M
IntsvGlycControl -> LowerExtrmAmpt,10_14,-15.1,Southern sub-Saharan Africa,M
IntsvGlycControl -> LowerExtrmAmpt,15_19,-15.1,Southern sub-Saharan Africa,M
IntsvGlycControl -> LowerExtrmAmpt,20_24,-15.1,Southern sub-Saharan Africa,M
IntsvGlycControl -> LowerExtrmAmpt,25_29,-15.1,Southern sub-Saharan Africa,M
IntsvGlycControl -> LowerExtrmAmpt,30_39,-15.1,Southern sub-Saharan Africa,M
IntsvGlycControl -> LowerExtrmAmpt,40_49,-15.1,Southern sub-Saharan Africa,M
IntsvGlycControl -> LowerExtrmAmpt,50_59,-15.1,Southern sub-Saharan Africa,M
IntsvGlycControl -> LowerExtrmAmpt,60_69,-15.1,Southern sub-Saharan Africa,M
IntsvGlycControl -> LowerExtrmAmpt,70_79,-15.1,Southern sub-Saharan Africa,M
IntsvGlycControl -> LowerExtrmAmpt,80_100,-15.1,Southern sub-Saharan Africa,M
IntsvGlycControl -> DiabeticNephropathy,0_4,-39.0,Southern sub-Saharan Africa,M
IntsvGlycControl -> DiabeticNephropathy,5_9,-39.0,Southern sub-Saharan Africa,M
IntsvGlycControl -> DiabeticNephropathy,10_14,-39.0,Southern sub-Saharan Africa,M
IntsvGlycControl -> DiabeticNephropathy,15_19,-39.0,Southern sub-Saharan Africa,M
IntsvGlycControl -> DiabeticNephropathy,20_24,-39.0,Southern sub-Saharan Africa,M
IntsvGlycControl -> DiabeticNephropathy,25_29,-39.0,Southern sub-Saharan Africa,M
IntsvGlycControl -> DiabeticNephropathy,30_39,-39.0,Southern sub-Saharan Africa,M
IntsvGlycControl -> DiabeticNephropathy,40_49,-39.0,Southern sub-Saharan Africa,M
IntsvGlycControl -> DiabeticNephropathy,50_59,-39.0,Southern sub-Saharan Africa,M
IntsvGlycControl -> DiabeticNephropathy,60_69,-39.0,Southern sub-Saharan Africa,M
IntsvGlycControl -> DiabeticNephropathy,70_79,-39.0,Southern sub-Saharan Africa,M
IntsvGlycControl -> DiabeticNephropathy,80_100,-39.0,Southern sub-Saharan Africa,M
RetinopathyScrn -> DiabeticRetinopathy,0_4,-20.0,Southern sub-Saharan Africa,M
RetinopathyScrn -> DiabeticRetinopathy,5_9,-20.0,Southern sub-Saharan Africa,M
RetinopathyScrn -> DiabeticRetinopathy,10_14,-20.0,Southern sub-Saharan Africa,M
RetinopathyScrn -> DiabeticRetinopathy,15_19,-20.0,Southern sub-Saharan Africa,M
RetinopathyScrn -> DiabeticRetinopathy,20_24,-20.0,Southern sub-Saharan Africa,M
RetinopathyScrn -> DiabeticRetinopathy,25_29,-20.0,Southern sub-Saharan Africa,M
RetinopathyScrn -> DiabeticRetinopathy,30_39,-20.0,Southern sub-Saharan Africa,M
RetinopathyScrn -> DiabeticRetinopathy,40_49,-20.0,Southern sub-Saharan Africa,M
RetinopathyScrn -> DiabeticRetinopathy,50_59,-20.0,Southern sub-Saharan Africa,M
RetinopathyScrn -> DiabeticRetinopathy,60_69,-20.0,Southern sub-Saharan Africa,M
RetinopathyScrn -> DiabeticRetinopathy,70_79,-20.0,Southern sub-Saharan Africa,M
RetinopathyScrn -> DiabeticRetinopathy,80_100,-20.0,Southern sub-Saharan Africa,M
NeuropathyScr -> LowerExtrmAmpt,0_4,-35.0,Southern sub-Saharan Africa,M
NeuropathyScr -> LowerExtrmAmpt,5_9,-35.0,Southern sub-Saharan Africa,M
NeuropathyScr -> LowerExtrmAmpt,10_14,-35.0,Southern sub-Saharan Africa,M
NeuropathyScr -> LowerExtrmAmpt,15_19,-35.0,Southern sub-Saharan Africa,M
NeuropathyScr -> LowerExtrmAmpt,20_24,-35.0,Southern sub-Saharan Africa,M
NeuropathyScr -> LowerExtrmAmpt,25_29,-35.0,Southern sub-Saharan Africa,M
NeuropathyScr -> LowerExtrmAmpt,30_39,-35.0,Southern sub-Saharan Africa,M
NeuropathyScr -> LowerExtrmAmpt,40_49,-35.0,Southern sub-Saharan Africa,M
NeuropathyScr -> LowerExtrmAmpt,50_59,-35.0,Southern sub-Saharan Africa,M
NeuropathyScr -> LowerExtrmAmpt,60_69,-35.0,Southern sub-Saharan Africa,M
NeuropathyScr -> LowerExtrmAmpt,70_79,-35.0,Southern sub-Saharan Africa,M
NeuropathyScr -> LowerExtrmAmpt,80_100,-35.0,Southern sub-Saharan Africa,M
NephropathyScr -> DiabeticNephropathy,0_4,-24.0,Southern sub-Saharan Africa,M
NephropathyScr -> DiabeticNephropathy,5_9,-24.0,Southern sub-Saharan Africa,M
NephropathyScr -> DiabeticNephropathy,10_14,-24.0,Southern sub-Saharan Africa,M
NephropathyScr -> DiabeticNephropathy,15_19,-24.0,Southern sub-Saharan Africa,M
NephropathyScr -> DiabeticNephropathy,20_24,-24.0,Southern sub-Saharan Africa,M
NephropathyScr -> DiabeticNephropathy,25_29,-24.0,Southern sub-Saharan Africa,M
NephropathyScr -> DiabeticNephropathy,30_39,-24.0,Southern sub-Saharan Africa,M
NephropathyScr -> DiabeticNephropathy,40_49,-24.0,Southern sub-Saharan Africa,M
NephropathyScr -> DiabeticNephropathy,50_59,-24.0,Southern sub-Saharan Africa,M
NephropathyScr -> DiabeticNephropathy,60_69,-24.0,Southern sub-Saharan Africa,M
NephropathyScr -> DiabeticNephropathy,70_79,-24.0,Southern sub-Saharan Africa,M
NephropathyScr -> DiabeticNephropathy,80_100,-24.0,Southern sub-Saharan Africa,M
DiabeticNephropathy -> Disability,0_4,0.338,Southern sub-Saharan Africa,M
DiabeticNephropathy -> Disability,5_9,0.338,Southern sub-Saharan Africa,M
DiabeticNephropathy -> Disability,10_14,0.338,Southern sub-Saharan Africa,M
DiabeticNephropathy -> Disability,15_19,0.338,Southern sub-Saharan Africa,M
DiabeticNephropathy -> Disability,20_24,0.338,Southern sub-Saharan Africa,M
DiabeticNephropathy -> Disability,25_29,0.338,Southern sub-Saharan Africa,M
DiabeticNephropathy -> Disability,30_39,0.338,Southern sub-Saharan Africa,M
DiabeticNephropathy -> Disability,40_49,0.338,Southern sub-Saharan Africa,M
DiabeticNephropathy -> Disability,50_59,0.338,Southern sub-Saharan Africa,M
DiabeticNephropathy -> Disability,60_69,0.338,Southern sub-Saharan Africa,M
DiabeticNephropathy -> Disability,70_79,0.338,Southern sub-Saharan Africa,M
DiabeticNephropathy -> Disability,80_100,0.338,Southern sub-Saharan Africa,M
DiabeticNephropathy -> Deceased,0_4,0.0,Southern sub-Saharan Africa,M
DiabeticNephropathy -> Deceased,5_9,0.0,Southern sub-Saharan Africa,M
DiabeticNephropathy -> Deceased,10_14,0.0,Southern sub-Saharan Africa,M
DiabeticNephropathy -> Deceased,15_19,0.0,Southern sub-Saharan Africa,M
DiabeticNephropathy -> Deceased,20_24,0.0011031230721305666,Southern sub-Saharan Africa,M
DiabeticNephropathy -> Deceased,25_29,0.007538007659558873,Southern sub-Saharan Africa,M
DiabeticNephropathy -> Deceased,30_39,0.029968176792880392,Southern sub-Saharan Africa,M
DiabeticNephropathy -> Deceased,40_49,0.0463311690294838,Southern sub-Saharan Africa,M
DiabeticNephropathy -> Deceased,50_59,0.05478844591581815,Southern sub-Saharan Africa,M
DiabeticNephropathy -> Deceased,60_69,0.05846552282292004,Southern sub-Saharan Africa,M
DiabeticNephropathy -> Deceased,70_79,0.08107954580159665,Southern sub-Saharan Africa,M
DiabeticNephropathy -> Deceased,80_100,0.08916911499722081,Southern sub-Saharan Africa,M
Prevalence -> DiabeticNephropathy,0_4,0.00428,Southern sub-Saharan Africa,M
Prevalence -> DiabeticNephropathy,5_9,0.00428,Southern sub-Saharan Africa,M
Prevalence -> DiabeticNephropathy,10_14,0.00436,Southern sub-Saharan Africa,M
Prevalence -> DiabeticNephropathy,15_19,0.004560000000000001,Southern sub-Saharan Africa,M
Prevalence -> DiabeticNephropathy,20_24,0.00496,Southern sub-Saharan Africa,M
Prevalence -> DiabeticNephropathy,25_29,0.006200000000000001,Southern sub-Saharan Africa,M
Prevalence -> DiabeticNephropathy,30_39,0.011000000000000001,Southern sub-Saharan Africa,M
Prevalence -> DiabeticNephropathy,40_49,0.020680000000000004,Southern sub-Saharan Africa,M
Prevalence -> DiabeticNephropathy,50_59,0.03332,Southern sub-Saharan Africa,M
Prevalence -> DiabeticNephropathy,60_69,0.04012,Southern sub-Saharan Africa,M
Prevalence -> DiabeticNephropathy,70_79,0.04916,Southern sub-Saharan Africa,M
Prevalence -> DiabeticNephropathy,80_100,0.08984,Southern sub-Saharan Africa,M
DsFreeSus -> Disability,0_4,0.05242344551028269,Southern sub-Saharan Africa,F
DsFreeSus -> Disability,5_9,0.06608193312137872,Southern sub-Saharan Africa,F
DsFreeSus -> Disability,10_14,0.07974042073247474,Southern sub-Saharan Africa,F
DsFreeSus -> Disability,15_19,0.09339890834357076,Southern sub-Saharan Africa,F
DsFreeSus -> Disability,20_24,0.10705739595466679,Southern sub-Saharan Africa,F
DsFreeSus -> Disability,25_29,0.12071588356576282,Southern sub-Saharan Africa,F
DsFreeSus -> Disability,30_39,0.14120361498240686,Southern sub-Saharan Africa,F
DsFreeSus -> Disability,40_49,0.16852059020459892,Southern sub-Saharan Africa,F
DsFreeSus -> Disability,50_59,0.19583756542679098,Southern sub-Saharan Africa,F
DsFreeSus -> Disability,60_69,0.22315454064898305,Southern sub-Saharan Africa,F
DsFreeSus -> Disability,70_79,0.25047151587117505,Southern sub-Saharan Africa,F
DsFreeSus -> Disability,80_100,0.2846177348989151,Southern sub-Saharan Africa,F
DsFreeSus -> Diabetes,0_4,1e-09,Southern sub-Saharan Africa,F
DsFreeSus -> Diabetes,5_9,1e-09,Southern sub-Saharan Africa,F
DsFreeSus -> Diabetes,10_14,1e-09,Southern sub-Saharan Africa,F
DsFreeSus -> Diabetes,15_19,0.0001,Southern sub-Saharan Africa,F
DsFreeSus -> Diabetes,20_24,0.0002,Southern sub-Saharan Africa,F
DsFreeSus -> Diabetes,25_29,0.0006,Southern sub-Saharan Africa,F
DsFreeSus -> Diabetes,30_39,0.0016,Southern sub-Saharan Africa,F
DsFreeSus -> Diabetes,40_49,0.0023,Southern sub-Saharan Africa,F
DsFreeSus -> Diabetes,50_59,0.0023,Southern sub-Saharan Africa,F
DsFreeSus -> Diabetes,60_69,0.0014,Southern sub-Saharan Africa,F
DsFreeSus -> Diabetes,70_79,0.0022,Southern sub-Saharan Africa,F
DsFreeSus -> Diabetes,80_100,0.0033,Southern sub-Saharan Africa,F
Diabetes -> Disability,0_4,0.031,Southern sub-Saharan Africa,F
Diabetes -> Disability,5_9,0.031,Southern sub-Saharan Africa,F
Diabetes -> Disability,10_14,0.031,Southern sub-Saharan Africa,F
Diabetes -> Disability,15_19,0.031,Southern sub-Saharan Africa,F
Diabetes -> Disability,20_24,0.031,Southern sub-Saharan Africa,F
Diabetes -> Disability,25_29,0.031,Southern sub-Saharan Africa,F
Diabetes -> Disability,30_39,0.031,Southern sub-Saharan Africa,F
Diabetes -> Disability,40_49,0.031,Southern sub-Saharan Africa,F
Diabetes -> Disability,50_59,0.031,Southern sub-Saharan Africa,F
Diabetes -> Disability,60_69,0.031,Southern sub-Saharan Africa,F
Diabetes -> Disability,70_79,0.031,Southern sub-Saharan Africa,F
Diabetes -> Disability,80_100,0.031,Southern sub-Saharan Africa,F
Diabetes -> Deceased,0_4,0.0,Southern sub-Saharan Africa,F
Diabetes -> Deceased,5_9,0.0,Southern sub-Saharan Africa,F
Diabetes -> Deceased,10_14,0.0,Southern sub-Saharan Africa,F
Diabetes -> Deceased,15_19,0.0,Southern sub-Saharan Africa,F
Diabetes -> Deceased,20_24,0.0004275670822211499,Southern sub-Saharan Africa,F
Diabetes -> Deceased,25_29,0.003054050587293928,Southern sub-Saharan Africa,F
Diabetes -> Deceased,30_39,0.010383771996799355,Southern sub-Saharan Africa,F
Diabetes -> Deceased,40_49,0.01105566312600402,Southern sub-Saharan Africa,F
Diabetes -> Deceased,50_59,0.011116744137749898,Southern sub-Saharan Africa,F
Diabetes -> Deceased,60_69,0.011238906161241655,Southern sub-Saharan Africa,F
Diabetes -> Deceased,70_79,0.016736197218370726,Southern sub-Saharan Africa,F
Diabetes -> Deceased,80_100,0.023027541428196213,Southern sub-Saharan Africa,F
Diabetes -> DiabeticRetinopathy,0_4,0.0,Southern sub-Saharan Africa,F
Diabetes -> DiabeticRetinopathy,5_9,0.0,Southern sub-Saharan Africa,F
Diabetes -> DiabeticRetinopathy,10_14,0.003026634382566586,Southern sub-Saharan Africa,F
Diabetes -> DiabeticRetinopathy,15_19,0.0009652842417347537,Southern sub-Saharan Africa,F
Diabetes -> DiabeticRetinopathy,20_24,0.0006050955414012739,Southern sub-Saharan Africa,F
Diabetes -> DiabeticRetinopathy,25_29,0.0017329520838748808,Southern sub-Saharan Africa,F
Diabetes -> DiabeticRetinopathy,30_39,0.004988526389304599,Southern sub-Saharan Africa,F
Diabetes -> DiabeticRetinopathy,40_49,0.003974069645120975,Southern sub-Saharan Africa,F
Diabetes -> DiabeticRetinopathy,50_59,0.004691137477757538,Southern sub-Saharan Africa,F
Diabetes -> DiabeticRetinopathy,60_69,0.007469872486942313,Southern sub-Saharan Africa,F
Diabetes -> DiabeticRetinopathy,70_79,0.00620768456776438,Southern sub-Saharan Africa,F
Diabetes -> DiabeticRetinopathy,80_100,0.006979174442039262,Southern sub-Saharan Africa,F
Diabetes -> LowerExtrmAmpt,0_4,0.0,Southern sub-Saharan Africa,F
Diabetes -> LowerExtrmAmpt,5_9,0.0,Southern sub-Saharan Africa,F
Diabetes -> LowerExtrmAmpt,10_14,7.566585956416465e-05,Southern sub-Saharan Africa,F
Diabetes -> LowerExtrmAmpt,15_19,0.0011376564277588168,Southern sub-Saharan Africa,F
Diabetes -> LowerExtrmAmpt,20_24,0.0029617834394904457,Southern sub-Saharan Africa,F
Diabetes -> LowerExtrmAmpt,25_29,0.004996678508505907,Southern sub-Saharan Africa,F
Diabetes -> LowerExtrmAmpt,30_39,0.0061733014067644415,Southern sub-Saharan Africa,F
Diabetes -> LowerExtrmAmpt,40_49,0.0028142167396444915,Southern sub-Saharan Africa,F
Diabetes -> LowerExtrmAmpt,50_59,0.0024334836091515866,Southern sub-Saharan Africa,F
Diabetes -> LowerExtrmAmpt,60_69,0.004260161652709288,Southern sub-Saharan Africa,F
Diabetes -> LowerExtrmAmpt,70_79,0.00932858093012944,Southern sub-Saharan Africa,F
Diabetes -> LowerExtrmAmpt,80_100,0.01130850190341121,Southern sub-Saharan Africa,F
Diabetes -> DiabeticNephropathy,0_4,0.0,Southern sub-Saharan Africa,F
Diabetes -> DiabeticNephropathy,5_9,0.0,Southern sub-Saharan Africa,F
Diabetes -> DiabeticNephropathy,10_14,0.014,Southern sub-Saharan Africa,F
Diabetes -> DiabeticNephropathy,15_19,0.014,Southern sub-Saharan Africa,F
Diabetes -> DiabeticNephropathy,20_24,0.014,Southern sub-Saharan Africa,F
Diabetes -> DiabeticNephropathy,25_29,0.014,Southern sub-Saharan Africa,F
Diabetes -> DiabeticNephropathy,30_39,0.014,Southern sub-Saharan Africa,F
Diabetes -> DiabeticNephropathy,40_49,0.014,Southern sub-Saharan Africa,F
Diabetes -> DiabeticNephropathy,50_59,0.014,Southern sub-Saharan Africa,F
Diabetes -> DiabeticNephropathy,60_69,0.014,Southern sub-Saharan Africa,F
Diabetes -> DiabeticNephropathy,70_79,0.014,Southern sub-Saharan Africa,F
Diabetes -> DiabeticNephropathy,80_100,0.014,Southern sub-Saharan Africa,F
Prevalence -> Diabetes,0_4,0.0042346,Southern sub-Saharan Africa,F
Prevalence -> Diabetes,5_9,0.0045078,Southern sub-Saharan Africa,F
Prevalence -> Diabetes,10_14,0.0049176,Southern sub-Saharan Africa,F
Prevalence -> Diabetes,15_19,0.005259100000000001,Southern sub-Saharan Africa,F
Prevalence -> Diabetes,20_24,0.0056689,Southern sub-Saharan Africa,F
Prevalence -> Diabetes,25_29,0.0068983000000000004,Southern sub-Saharan Africa,F
Prevalence -> Diabetes,30_39,0.0118159,Southern sub-Saharan Africa,F
Prevalence -> Diabetes,40_49,0.0219926,Southern sub-Saharan Africa,F
Prevalence -> Diabetes,50_59,0.0329206,Southern sub-Saharan Africa,F
Prevalence -> Diabetes,60_69,0.0383163,Southern sub-Saharan Africa,F
Prevalence -> Diabetes,70_79,0.0411849,Southern sub-Saharan Africa,F
Prevalence -> Diabetes,80_100,0.04582930000000001,Southern sub-Saharan Africa,F
DiabeticRetinopathy -> Disability,0_4,0.338,Southern sub-Saharan Africa,F
DiabeticRetinopathy -> Disability,5_9,0.338,Southern sub-Saharan Africa,F
DiabeticRetinopathy -> Disability,10_14,0.338,Southern sub-Saharan Africa,F
DiabeticRetinopathy -> Disability,15_19,0.338,Southern sub-Saharan Africa,F
DiabeticRetinopathy -> Disability,20_24,0.338,Southern sub-Saharan Africa,F
DiabeticRetinopathy -> Disability,25_29,0.338,Southern sub-Saharan Africa,F
DiabeticRetinopathy -> Disability,30_39,0.338,Southern sub-Saharan Africa,F
DiabeticRetinopathy -> Disability,40_49,0.338,Southern sub-Saharan Africa,F
DiabeticRetinopathy -> Disability,50_59,0.338,Southern sub-Saharan Africa,F
DiabeticRetinopathy -> Disability,60_69,0.338,Southern sub-Saharan Africa,F
DiabeticRetinopathy -> Disability,70_79,0.338,Southern sub-Saharan Africa,F
DiabeticRetinopathy -> Disability,80_100,0.338,Southern sub-Saharan Africa,F
DiabeticRetinopathy -> Deceased,0_4,0.0,Southern sub-Saharan Africa,F
DiabeticRetinopathy -> Deceased,5_9,0.0,Southern sub-Saharan Africa,F
DiabeticRetinopathy -> Deceased,10_14,0.0,Southern sub-Saharan Africa,F
DiabeticRetinopathy -> Deceased,15_19,0.0,Southern sub-Saharan Africa,F
DiabeticRetinopathy -> Deceased,20_24,0.0007,Southern sub-Saharan Africa,F
DiabeticRetinopathy -> Deceased,25_29,0.008,Southern sub-Saharan Africa,F
DiabeticRetinopathy -> Deceased,30_39,0.0341,Southern sub-Saharan Africa,F
DiabeticRetinopathy -> Deceased,40_49,0.0362,Southern sub-Saharan Africa,F
DiabeticRetinopathy -> Deceased,50_59,0.0364,Southern sub-Saharan Africa,F
DiabeticRetinopathy -> Deceased,60_69,0.0373,Southern sub-Saharan Africa,F
DiabeticRetinopathy -> Deceased,70_79,0.054,Southern sub-Saharan Africa,F
DiabeticRetinopathy -> Deceased,80_100,0.0749,Southern sub-Saharan Africa,F
Prevalence -> DiabeticRetinopathy,0_4,0.0,Southern sub-Saharan Africa,F
Prevalence -> DiabeticRetinopathy,5_9,0.0,Southern sub-Saharan Africa,F
Prevalence -> DiabeticRetinopathy,10_14,0.0002,Southern sub-Saharan Africa,F
Prevalence -> DiabeticRetinopathy,15_19,0.0003,Southern sub-Saharan Africa,F
Prevalence -> DiabeticRetinopathy,20_24,0.0003,Southern sub-Saharan Africa,F
Prevalence -> DiabeticRetinopathy,25_29,0.0003,Southern sub-Saharan Africa,F
Prevalence -> DiabeticRetinopathy,30_39,0.0006,Southern sub-Saharan Africa,F
Prevalence -> DiabeticRetinopathy,40_49,0.0014,Southern sub-Saharan Africa,F
Prevalence -> DiabeticRetinopathy,50_59,0.0024,Southern sub-Saharan Africa,F
Prevalence -> DiabeticRetinopathy,60_69,0.0044,Southern sub-Saharan Africa,F
Prevalence -> DiabeticRetinopathy,70_79,0.0062,Southern sub-Saharan Africa,F
Prevalence -> DiabeticRetinopathy,80_100,0.0062,Southern sub-Saharan Africa,F
LowerExtrmAmpt -> Disability,0_4,0.164,Southern sub-Saharan Africa,F
LowerExtrmAmpt -> Disability,5_9,0.164,Southern sub-Saharan Africa,F
LowerExtrmAmpt -> Disability,10_14,0.164,Southern sub-Saharan Africa,F
LowerExtrmAmpt -> Disability,15_19,0.164,Southern sub-Saharan Africa,F
LowerExtrmAmpt -> Disability,20_24,0.164,Southern sub-Saharan Africa,F
LowerExtrmAmpt -> Disability,25_29,0.164,Southern sub-Saharan Africa,F
LowerExtrmAmpt -> Disability,30_39,0.164,Southern sub-Saharan Africa,F
LowerExtrmAmpt -> Disability,40_49,0.164,Southern sub-Saharan Africa,F
LowerExtrmAmpt -> Disability,50_59,0.164,Southern sub-Saharan Africa,F
LowerExtrmAmpt -> Disability,60_69,0.164,Southern sub-Saharan Africa,F
LowerExtrmAmpt -> Disability,70_79,0.164,Southern sub-Saharan Africa,F
LowerExtrmAmpt -> Disability,80_100,0.164,Southern sub-Saharan Africa,F
LowerExtrmAmpt -> Deceased,0_4,0.0,Southern sub-Saharan Africa,F
LowerExtrmAmpt -> Deceased,5_9,0.0,Southern sub-Saharan Africa,F
LowerExtrmAmpt -> Deceased,10_14,0.0,Southern sub-Saharan Africa,F
LowerExtrmAmpt -> Deceased,15_19,0.0,Southern sub-Saharan Africa,F
LowerExtrmAmpt -> Deceased,20_24,0.0008,Southern sub-Saharan Africa,F
LowerExtrmAmpt -> Deceased,25_29,0.0088,Southern sub-Saharan Africa,F
LowerExtrmAmpt -> Deceased,30_39,0.0342,Southern sub-Saharan Africa,F
LowerExtrmAmpt -> Deceased,40_49,0.0363,Southern sub-Saharan Africa,F
LowerExtrmAmpt -> Deceased,50_59,0.0363,Southern sub-Saharan Africa,F
LowerExtrmAmpt -> Deceased,60_69,0.0372,Southern sub-Saharan Africa,F
LowerExtrmAmpt -> Deceased,70_79,0.0547,Southern sub-Saharan Africa,F
LowerExtrmAmpt -> Deceased,80_100,0.0754,Southern sub-Saharan Africa,F
Prevalence -> LowerExtrmAmpt,0_4,0.0,Southern sub-Saharan Africa,F
Prevalence -> LowerExtrmAmpt,5_9,0.0,Southern sub-Saharan Africa,F
Prevalence -> LowerExtrmAmpt,10_14,0.0,Southern sub-Saharan Africa,F
Prevalence -> LowerExtrmAmpt,15_19,0.0,Southern sub-Saharan Africa,F
Prevalence -> LowerExtrmAmpt,20_24,0.0001,Southern sub-Saharan Africa,F
Prevalence -> LowerExtrmAmpt,25_29,0.0003,Southern sub-Saharan Africa,F
Prevalence -> LowerExtrmAmpt,30_39,0.0008,Southern sub-Saharan Africa,F
Prevalence -> LowerExtrmAmpt,40_49,0.0014,Southern sub-Saharan Africa,F
Prevalence -> LowerExtrmAmpt,50_59,0.0018,Southern sub-Saharan Africa,F
Prevalence -> LowerExtrmAmpt,60_69,0.0026,Southern sub-Saharan Africa,F
Prevalence -> LowerExtrmAmpt,70_79,0.0049,Southern sub-Saharan Africa,F
Prevalence -> LowerExtrmAmpt,80_100,0.0075,Southern sub-Saharan Africa,F
Disability -> Disability,0_4,0.0,Southern sub-Saharan Africa,F
Disability -> Disability,5_9,0.0,Southern sub-Saharan Africa,F
Disability -> Disability,10_14,0.0,Southern sub-Saharan Africa,F
Disability -> Disability,15_19,0.0,Southern sub-Saharan Africa,F
Disability -> Disability,20_24,0.0,Southern sub-Saharan Africa,F
Disability -> Disability,25_29,0.0,Southern sub-Saharan Africa,F
Disability -> Disability,30_39,0.0,Southern sub-Saharan Africa,F
Disability -> Disability,40_49,0.0,Southern sub-Saharan Africa,F
Disability -> Disability,50_59,0.0,Southern sub-Saharan Africa,F
Disability -> Disability,60_69,0.0,Southern sub-Saharan Africa,F
Disability -> Disability,70_79,0.0,Southern sub-Saharan Africa,F
Disability -> Disability,80_100,0.0,Southern sub-Saharan Africa,F
StdGlycControl -> DiabeticRetinopathy,0_4,-75.0,Southern sub-Saharan Africa,F
StdGlycControl -> DiabeticRetinopathy,5_9,-75.0,Southern sub-Saharan Africa,F
StdGlycControl -> DiabeticRetinopathy,10_14,-75.0,Southern sub-Saharan Africa,F
StdGlycControl -> DiabeticRetinopathy,15_19,-75.0,Southern sub-Saharan Africa,F
StdGlycControl -> DiabeticRetinopathy,20_24,-75.0,Southern sub-Saharan Africa,F
StdGlycControl -> DiabeticRetinopathy,25_29,-75.0,Southern sub-Saharan Africa,F
StdGlycControl -> DiabeticRetinopathy,30_39,-75.0,Southern sub-Saharan Africa,F
StdGlycControl -> DiabeticRetinopathy,40_49,-75.0,Southern sub-Saharan Africa,F
StdGlycControl -> DiabeticRetinopathy,50_59,-75.0,Southern sub-Saharan Africa,F
StdGlycControl -> DiabeticRetinopathy,60_69,-75.0,Southern sub-Saharan Africa,F
StdGlycControl -> DiabeticRetinopathy,70_79,-75.0,Southern sub-Saharan Africa,F
StdGlycControl -> DiabeticRetinopathy,80_100,-75.0,Southern sub-Saharan Africa,F
StdGlycControl -> LowerExtrmAmpt,0_4,-28.6,Southern sub-Saharan Africa,F
StdGlycControl -> LowerExtrmAmpt,5_9,-28.6,Southern sub-Saharan Africa,F
StdGlycControl -> LowerExtrmAmpt,10_14,-28.6,Southern sub-Saharan Africa,F
StdGlycControl -> LowerExtrmAmpt,15_19,-28.6,Southern sub-Saharan Africa,F
StdGlycControl -> LowerExtrmAmpt,20_24,-28.6,Southern sub-Saharan Africa,F
StdGlycControl -> LowerExtrmAmpt,25_29,-28.6,Southern sub-Saharan Africa,F
StdGlycControl -> LowerExtrmAmpt,30_39,-28.6,Southern sub-Saharan Africa,F
StdGlycControl -> LowerExtrmAmpt,40_49,-28.6,Southern sub-Saharan Africa,F
StdGlycControl -> LowerExtrmAmpt,50_59,-28.6,Southern sub-Saharan Africa,F
StdGlycControl -> LowerExtrmAmpt,60_69,-28.6,Southern sub-Saharan Africa,F
StdGlycControl -> LowerExtrmAmpt,70_79,-28.6,Southern sub-Saharan Africa,F
StdGlycControl -> LowerExtrmAmpt,80_100,-28.6,Southern sub-Saharan Africa,F
StdGlycControl -> DiabeticNephropathy,0_4,-39.0,Southern sub-Saharan Africa,F
StdGlycControl -> DiabeticNephropathy,5_9,-39.0,Southern sub-Saharan Africa,F
StdGlycControl -> DiabeticNephropathy,10_14,-39.0,Southern sub-Saharan Africa,F
StdGlycControl -> DiabeticNephropathy,15_19,-39.0,Southern sub-Saharan Africa,F
StdGlycControl -> DiabeticNephropathy,20_24,-39.0,Southern sub-Saharan Africa,F
StdGlycControl -> DiabeticNephropathy,25_29,-39.0,Southern sub-Saharan Africa,F
StdGlycControl -> DiabeticNephropathy,30_39,-39.0,Southern sub-Saharan Africa,F
StdGlycControl -> DiabeticNephropathy,40_49,-39.0,Southern sub-Saharan Africa,F
StdGlycControl -> DiabeticNephropathy,50_59,-39.0,Southern sub-Saharan Africa,F
StdGlycControl -> DiabeticNephropathy,60_69,-39.0,Southern sub-Saharan Africa,F
StdGlycControl -> DiabeticNephropathy,70_79,-39.0,Southern sub-Saharan Africa,F
StdGlycControl -> DiabeticNephropathy,80_100,-39.0,Southern sub-Saharan Africa,F
IntsvGlycControl -> DiabeticRetinopathy,0_4,-65.0,Southern sub-Saharan Africa,F
IntsvGlycControl -> DiabeticRetinopathy,5_9,-65.0,Southern sub-Saharan Africa,F
IntsvGlycControl -> DiabeticRetinopathy,10_14,-65.0,Southern sub-Saharan Africa,F
IntsvGlycControl -> DiabeticRetinopathy,15_19,-65.0,Southern sub-Saharan Africa,F
IntsvGlycControl -> DiabeticRetinopathy,20_24,-65.0,Southern sub-Saharan Africa,F
IntsvGlycControl -> DiabeticRetinopathy,25_29,-65.0,Southern sub-Saharan Africa,F
IntsvGlycControl -> DiabeticRetinopathy,30_39,-65.0,Southern sub-Saharan Africa,F
IntsvGlycControl -> DiabeticRetinopathy,40_49,-65.0,Southern sub-Saharan Africa,F
IntsvGlycControl -> DiabeticRetinopathy,50_59,-65.0,Southern sub-Saharan Africa,F
IntsvGlycControl -> DiabeticRetinopathy,60_69,-65.0,Southern sub-Saharan Africa,F
IntsvGlycControl -> DiabeticRetinopathy,70_79,-65.0,Southern sub-Saharan Africa,F
IntsvGlycControl -> DiabeticRetinopathy,80_100,-65.0,Southern sub-Saharan Africa,F
IntsvGlycControl -> LowerExtrmAmpt,0_4,-15.1,Southern sub-Saharan Africa,F
IntsvGlycControl -> LowerExtrmAmpt,5_9,-15.1,Southern sub-Saharan Africa,F
IntsvGlycControl -> LowerExtrmAmpt,10_14,-15.1,Southern sub-Saharan Africa,F
IntsvGlycControl -> LowerExtrmAmpt,15_19,-15.1,Southern sub-Saharan Africa,F
IntsvGlycControl -> LowerExtrmAmpt,20_24,-15.1,Southern sub-Saharan Africa,F
IntsvGlycControl -> LowerExtrmAmpt,25_29,-15.1,Southern sub-Saharan Africa,F
IntsvGlycControl -> LowerExtrmAmpt,30_39,-15.1,Southern sub-Saharan Africa,F
IntsvGlycControl -> LowerExtrmAmpt,40_49,-15.1,Southern sub-Saharan Africa,F
IntsvGlycControl -> LowerExtrmAmpt,50_59,-15.1,Southern sub-Saharan Africa,F
IntsvGlycControl -> LowerExtrmAmpt,60_69,-15.1,Southern sub-Saharan Africa,F
IntsvGlycControl -> LowerExtrmAmpt,70_79,-15.1,Southern sub-Saharan Africa,F
IntsvGlycControl -> LowerExtrmAmpt,80_100,-15.1,Southern sub-Saharan Africa,F
IntsvGlycControl -> DiabeticNephropathy,0_4,-39.0,Southern sub-Saharan Africa,F
IntsvGlycControl -> DiabeticNephropathy,5_9,-39.0,Southern sub-Saharan Africa,F
IntsvGlycControl -> DiabeticNephropathy,10_14,-39.0,Southern sub-Saharan Africa,F
IntsvGlycControl -> DiabeticNephropathy,15_19,-39.0,Southern sub-Saharan Africa,F
IntsvGlycControl -> DiabeticNephropathy,20_24,-39.0,Southern sub-Saharan Africa,F
IntsvGlycControl -> DiabeticNephropathy,25_29,-39.0,Southern sub-Saharan Africa,F
IntsvGlycControl -> DiabeticNephropathy,30_39,-39.0,Southern sub-Saharan Africa,F
IntsvGlycControl -> DiabeticNephropathy,40_49,-39.0,Southern sub-Saharan Africa,F
IntsvGlycControl -> DiabeticNephropathy,50_59,-39.0,Southern sub-Saharan Africa,F
IntsvGlycControl -> DiabeticNephropathy,60_69,-39.0,Southern sub-Saharan Africa,F
IntsvGlycControl -> DiabeticNephropathy,70_79,-39.0,Southern sub-Saharan Africa,F
IntsvGlycControl -> DiabeticNephropathy,80_100,-39.0,Southern sub-Saharan Africa,F
RetinopathyScrn -> DiabeticRetinopathy,0_4,-20.0,Southern sub-Saharan Africa,F
RetinopathyScrn -> DiabeticRetinopathy,5_9,-20.0,Southern sub-Saharan Africa,F
RetinopathyScrn -> DiabeticRetinopathy,10_14,-20.0,Southern sub-Saharan Africa,F
RetinopathyScrn -> DiabeticRetinopathy,15_19,-20.0,Southern sub-Saharan Africa,F
RetinopathyScrn -> DiabeticRetinopathy,20_24,-20.0,Southern sub-Saharan Africa,F
RetinopathyScrn -> DiabeticRetinopathy,25_29,-20.0,Southern sub-Saharan Africa,F
RetinopathyScrn -> DiabeticRetinopathy,30_39,-20.0,Southern sub-Saharan Africa,F
RetinopathyScrn -> DiabeticRetinopathy,40_49,-20.0,Southern sub-Saharan Africa,F
RetinopathyScrn -> DiabeticRetinopathy,50_59,-20.0,Southern sub-Saharan Africa,F
RetinopathyScrn -> DiabeticRetinopathy,60_69,-20.0,Southern sub-Saharan Africa,F
RetinopathyScrn -> DiabeticRetinopathy,70_79,-20.0,Southern sub-Saharan Africa,F
RetinopathyScrn -> DiabeticRetinopathy,80_100,-20.0,Southern sub-Saharan Africa,F
NeuropathyScr -> LowerExtrmAmpt,0_4,-35.0,Southern sub-Saharan Africa,F
NeuropathyScr -> LowerExtrmAmpt,5_9,-35.0,Southern sub-Saharan Africa,F
NeuropathyScr -> LowerExtrmAmpt,10_14,-35.0,Southern sub-Saharan Africa,F
NeuropathyScr -> LowerExtrmAmpt,15_19,-35.0,Southern sub-Saharan Africa,F
NeuropathyScr -> LowerExtrmAmpt,20_24,-35.0,Southern sub-Saharan Africa,F
NeuropathyScr -> LowerExtrmAmpt,25_29,-35.0,Southern sub-Saharan Africa,F
NeuropathyScr -> LowerExtrmAmpt,30_39,-35.0,Southern sub-Saharan Africa,F
NeuropathyScr -> LowerExtrmAmpt,40_49,-35.0,Southern sub-Saharan Africa,F
NeuropathyScr -> LowerExtrmAmpt,50_59,-35.0,Southern sub-Saharan Africa,F
NeuropathyScr -> LowerExtrmAmpt,60_69,-35.0,Southern sub-Saharan Africa,F
NeuropathyScr -> LowerExtrmAmpt,70_79,-35.0,Southern sub-Saharan Africa,F
NeuropathyScr -> LowerExtrmAmpt,80_100,-35.0,Southern sub-Saharan Africa,F
NephropathyScr -> DiabeticNephropathy,0_4,-24.0,Southern sub-Saharan Africa,F
NephropathyScr -> DiabeticNephropathy,5_9,-24.0,Southern sub-Saharan Africa,F
NephropathyScr -> DiabeticNephropathy,10_14,-24.0,Southern sub-Saharan Africa,F
NephropathyScr -> DiabeticNephropathy,15_19,-24.0,Southern sub-Saharan Africa,F
NephropathyScr -> DiabeticNephropathy,20_24,-24.0,Southern sub-Saharan Africa,F
NephropathyScr -> DiabeticNephropathy,25_29,-24.0,Southern sub-Saharan Africa,F
NephropathyScr -> DiabeticNephropathy,30_39,-24.0,Southern sub-Saharan Africa,F
NephropathyScr -> DiabeticNephropathy,40_49,-24.0,Southern sub-Saharan Africa,F
NephropathyScr -> DiabeticNephropathy,50_59,-24.0,Southern sub-Saharan Africa,F
NephropathyScr -> DiabeticNephropathy,60_69,-24.0,Southern sub-Saharan Africa,F
NephropathyScr -> DiabeticNephropathy,70_79,-24.0,Southern sub-Saharan Africa,F
NephropathyScr -> DiabeticNephropathy,80_100,-24.0,Southern sub-Saharan Africa,F
DiabeticNephropathy -> Disability,0_4,0.338,Southern sub-Saharan Africa,F
DiabeticNephropathy -> Disability,5_9,0.338,Southern sub-Saharan Africa,F
DiabeticNephropathy -> Disability,10_14,0.338,Southern sub-Saharan Africa,F
DiabeticNephropathy -> Disability,15_19,0.338,Southern sub-Saharan Africa,F
DiabeticNephropathy -> Disability,20_24,0.338,Southern sub-Saharan Africa,F
DiabeticNephropathy -> Disability,25_29,0.338,Southern sub-Saharan Africa,F
DiabeticNephropathy -> Disability,30_39,0.338,Southern sub-Saharan Africa,F
DiabeticNephropathy -> Disability,40_49,0.338,Southern sub-Saharan Africa,F
DiabeticNephropathy -> Disability,50_59,0.338,Southern sub-Saharan Africa,F
DiabeticNephropathy -> Disability,60_69,0.338,Southern sub-Saharan Africa,F
DiabeticNephropathy -> Disability,70_79,0.338,Southern sub-Saharan Africa,F
DiabeticNephropathy -> Disability,80_100,0.338,Southern sub-Saharan Africa,F
DiabeticNephropathy -> Deceased,0_4,0.0,Southern sub-Saharan Africa,F
DiabeticNephropathy -> Deceased,5_9,0.0,Southern sub-Saharan Africa,F
DiabeticNephropathy -> Deceased,10_14,0.0,Southern sub-Saharan Africa,F
DiabeticNephropathy -> Deceased,15_19,0.0,Southern sub-Saharan Africa,F
DiabeticNephropathy -> Deceased,20_24,0.0012869769174856612,Southern sub-Saharan Africa,F
DiabeticNephropathy -> Deceased,25_29,0.009192692267754722,Southern sub-Saharan Africa,F
DiabeticNephropathy -> Deceased,30_39,0.03125515371036606,Southern sub-Saharan Africa,F
DiabeticNephropathy -> Deceased,40_49,0.033277546009272095,Southern sub-Saharan Africa,F
DiabeticNephropathy -> Deceased,50_59,0.03346139985462719,Southern sub-Saharan Africa,F
DiabeticNephropathy -> Deceased,60_69,0.033829107545337384,Southern sub-Saharan Africa,F
DiabeticNephropathy -> Deceased,70_79,0.05037595362729588,Southern sub-Saharan Africa,F
DiabeticNephropathy -> Deceased,80_100,0.0693128996988706,Southern sub-Saharan Africa,F
Prevalence -> DiabeticNephropathy,0_4,0.00428,Southern sub-Saharan Africa,F
Prevalence -> DiabeticNephropathy,5_9,0.00428,Southern sub-Saharan Africa,F
Prevalence -> DiabeticNephropathy,10_14,0.00436,Southern sub-Saharan Africa,F
Prevalence -> DiabeticNephropathy,15_19,0.004560000000000001,Southern sub-Saharan Africa,F
Prevalence -> DiabeticNephropathy,20_24,0.00496,Southern sub-Saharan Africa,F
Prevalence -> DiabeticNephropathy,25_29,0.006200000000000001,Southern sub-Saharan Africa,F
Prevalence -> DiabeticNephropathy,30_39,0.011000000000000001,Southern sub-Saharan Africa,F
Prevalence -> DiabeticNephropathy,40_49,0.020680000000000004,Southern sub-Saharan Africa,F
Prevalence -> DiabeticNephropathy,50_59,0.03332,Southern sub-Saharan Africa,F
Prevalence -> DiabeticNephropathy,60_69,0.04012,Southern sub-Saharan Africa,F
Prevalence -> DiabeticNephropathy,70_79,0.04916,Southern sub-Saharan Africa,F
Prevalence -> DiabeticNephropathy,80_100,0.08984,Southern sub-Saharan Africa,F
DsFreeSus -> Disability,0_4,0.03461776167149561,Tropical Latin America,M
DsFreeSus -> Disability,5_9,0.047754705435506,Tropical Latin America,M
DsFreeSus -> Disability,10_14,0.06089164919951639,Tropical Latin America,M
DsFreeSus -> Disability,15_19,0.07402859296352678,Tropical Latin America,M
DsFreeSus -> Disability,20_24,0.08716553672753716,Tropical Latin America,M
DsFreeSus -> Disability,25_29,0.10030248049154755,Tropical Latin America,M
DsFreeSus -> Disability,30_39,0.12000789613756313,Tropical Latin America,M
DsFreeSus -> Disability,40_49,0.1462817836655839,Tropical Latin America,M
DsFreeSus -> Disability,50_59,0.17255567119360468,Tropical Latin America,M
DsFreeSus -> Disability,60_69,0.19882955872162544,Tropical Latin America,M
DsFreeSus -> Disability,70_79,0.2251034462496462,Tropical Latin America,M
DsFreeSus -> Disability,80_100,0.2579458056596722,Tropical Latin America,M
DsFreeSus -> Diabetes,0_4,0.0,Tropical Latin America,M
DsFreeSus -> Diabetes,5_9,0.0,Tropical Latin America,M
DsFreeSus -> Diabetes,10_14,0.0,Tropical Latin America,M
DsFreeSus -> Diabetes,15_19,0.0,Tropical Latin America,M
DsFreeSus -> Diabetes,20_24,0.0003,Tropical Latin America,M
DsFreeSus -> Diabetes,25_29,0.0008,Tropical Latin America,M
DsFreeSus -> Diabetes,30_39,0.0017,Tropical Latin America,M
DsFreeSus -> Diabetes,40_49,0.0026,Tropical Latin America,M
DsFreeSus -> Diabetes,50_59,0.0026,Tropical Latin America,M
DsFreeSus -> Diabetes,60_69,0.0018,Tropical Latin America,M
DsFreeSus -> Diabetes,70_79,0.006,Tropical Latin America,M
DsFreeSus -> Diabetes,80_100,0.0116,Tropical Latin America,M
Diabetes -> Disability,0_4,0.031,Tropical Latin America,M
Diabetes -> Disability,5_9,0.031,Tropical Latin America,M
Diabetes -> Disability,10_14,0.031,Tropical Latin America,M
Diabetes -> Disability,15_19,0.031,Tropical Latin America,M
Diabetes -> Disability,20_24,0.031,Tropical Latin America,M
Diabetes -> Disability,25_29,0.031,Tropical Latin America,M
Diabetes -> Disability,30_39,0.031,Tropical Latin America,M
Diabetes -> Disability,40_49,0.031,Tropical Latin America,M
Diabetes -> Disability,50_59,0.031,Tropical Latin America,M
Diabetes -> Disability,60_69,0.031,Tropical Latin America,M
Diabetes -> Disability,70_79,0.031,Tropical Latin America,M
Diabetes -> Disability,80_100,0.031,Tropical Latin America,M
Diabetes -> Deceased,0_4,0.0,Tropical Latin America,M
Diabetes -> Deceased,5_9,0.0,Tropical Latin America,M
Diabetes -> Deceased,10_14,0.0,Tropical Latin America,M
Diabetes -> Deceased,15_19,0.0,Tropical Latin America,M
Diabetes -> Deceased,20_24,0.0003054050587293928,Tropical Latin America,M
Diabetes -> Deceased,25_29,0.0011605392231716926,Tropical Latin America,M
Diabetes -> Deceased,30_39,0.002626483505072778,Tropical Latin America,M
Diabetes -> Deceased,40_49,0.004336751833957378,Tropical Latin America,M
Diabetes -> Deceased,50_59,0.007574045456488941,Tropical Latin America,M
Diabetes -> Deceased,60_69,0.009895123902832327,Tropical Latin America,M
Diabetes -> Deceased,70_79,0.015392414959961397,Tropical Latin America,M
Diabetes -> Deceased,80_100,0.020950787028836345,Tropical Latin America,M
Diabetes -> DiabeticRetinopathy,0_4,0.0,Tropical Latin America,M
Diabetes -> DiabeticRetinopathy,5_9,0.0,Tropical Latin America,M
Diabetes -> DiabeticRetinopathy,10_14,0.0,Tropical Latin America,M
Diabetes -> DiabeticRetinopathy,15_19,0.0,Tropical Latin America,M
Diabetes -> DiabeticRetinopathy,20_24,0.0039907811741872875,Tropical Latin America,M
Diabetes -> DiabeticRetinopathy,25_29,0.00047645820032208577,Tropical Latin America,M
Diabetes -> DiabeticRetinopathy,30_39,0.000890620830238667,Tropical Latin America,M
Diabetes -> DiabeticRetinopathy,40_49,0.0042011389490011885,Tropical Latin America,M
Diabetes -> DiabeticRetinopathy,50_59,0.005832688778957398,Tropical Latin America,M
Diabetes -> DiabeticRetinopathy,60_69,0.010636327769591858,Tropical Latin America,M
Diabetes -> DiabeticRetinopathy,70_79,0.00947121641618085,Tropical Latin America,M
Diabetes -> DiabeticRetinopathy,80_100,0.006513546967404759,Tropical Latin America,M
Diabetes -> LowerExtrmAmpt,0_4,0.0,Tropical Latin America,M
Diabetes -> LowerExtrmAmpt,5_9,0.0,Tropical Latin America,M
Diabetes -> LowerExtrmAmpt,10_14,0.00010331245560792924,Tropical Latin America,M
Diabetes -> LowerExtrmAmpt,15_19,0.0020525892138449154,Tropical Latin America,M
Diabetes -> LowerExtrmAmpt,20_24,0.005312954876273653,Tropical Latin America,M
Diabetes -> LowerExtrmAmpt,25_29,0.008747772557913494,Tropical Latin America,M
Diabetes -> LowerExtrmAmpt,30_39,0.009304897771518782,Tropical Latin America,M
Diabetes -> LowerExtrmAmpt,40_49,0.0016265032758172684,Tropical Latin America,M
Diabetes -> LowerExtrmAmpt,50_59,0.0012752213976354061,Tropical Latin America,M
Diabetes -> LowerExtrmAmpt,60_69,0.010142488680617621,Tropical Latin America,M
Diabetes -> LowerExtrmAmpt,70_79,0.02231195735501239,Tropical Latin America,M
Diabetes -> LowerExtrmAmpt,80_100,0.02021730160913217,Tropical Latin America,M
Diabetes -> DiabeticNephropathy,0_4,0.0,Tropical Latin America,M
Diabetes -> DiabeticNephropathy,5_9,0.0,Tropical Latin America,M
Diabetes -> DiabeticNephropathy,10_14,0.014,Tropical Latin America,M
Diabetes -> DiabeticNephropathy,15_19,0.014,Tropical Latin America,M
Diabetes -> DiabeticNephropathy,20_24,0.014,Tropical Latin America,M
Diabetes -> DiabeticNephropathy,25_29,0.014,Tropical Latin America,M
Diabetes -> DiabeticNephropathy,30_39,0.014,Tropical Latin America,M
Diabetes -> DiabeticNephropathy,40_49,0.014,Tropical Latin America,M
Diabetes -> DiabeticNephropathy,50_59,0.014,Tropical Latin America,M
Diabetes -> DiabeticNephropathy,60_69,0.014,Tropical Latin America,M
Diabetes -> DiabeticNephropathy,70_79,0.014,Tropical Latin America,M
Diabetes -> DiabeticNephropathy,80_100,0.014,Tropical Latin America,M
Prevalence -> Diabetes,0_4,0.0,Tropical Latin America,M
Prevalence -> Diabetes,5_9,0.0,Tropical Latin America,M
Prevalence -> Diabetes,10_14,0.0057372000000000005,Tropical Latin America,M
Prevalence -> Diabetes,15_19,0.005805500000000001,Tropical Latin America,M
Prevalence -> Diabetes,20_24,0.0062836,Tropical Latin America,M
Prevalence -> Diabetes,25_29,0.0078545,Tropical Latin America,M
Prevalence -> Diabetes,30_39,0.014001500000000002,Tropical Latin America,M
Prevalence -> Diabetes,40_49,0.027183400000000003,Tropical Latin America,M
Prevalence -> Diabetes,50_59,0.041253200000000004,Tropical Latin America,M
Prevalence -> Diabetes,60_69,0.0489028,Tropical Latin America,M
Prevalence -> Diabetes,70_79,0.057030500000000005,Tropical Latin America,M
Prevalence -> Diabetes,80_100,0.1049771,Tropical Latin America,M
DiabeticRetinopathy -> Disability,0_4,0.338,Tropical Latin America,M
DiabeticRetinopathy -> Disability,5_9,0.338,Tropical Latin America,M
DiabeticRetinopathy -> Disability,10_14,0.338,Tropical Latin America,M
DiabeticRetinopathy -> Disability,15_19,0.338,Tropical Latin America,M
DiabeticRetinopathy -> Disability,20_24,0.338,Tropical Latin America,M
DiabeticRetinopathy -> Disability,25_29,0.338,Tropical Latin America,M
DiabeticRetinopathy -> Disability,30_39,0.338,Tropical Latin America,M
DiabeticRetinopathy -> Disability,40_49,0.338,Tropical Latin America,M
DiabeticRetinopathy -> Disability,50_59,0.338,Tropical Latin America,M
DiabeticRetinopathy -> Disability,60_69,0.338,Tropical Latin America,M
DiabeticRetinopathy -> Disability,70_79,0.338,Tropical Latin America,M
DiabeticRetinopathy -> Disability,80_100,0.338,Tropical Latin America,M
DiabeticRetinopathy -> Deceased,0_4,0.0,Tropical Latin America,M
DiabeticRetinopathy -> Deceased,5_9,0.0,Tropical Latin America,M
DiabeticRetinopathy -> Deceased,10_14,0.0,Tropical Latin America,M
DiabeticRetinopathy -> Deceased,15_19,0.0,Tropical Latin America,M
DiabeticRetinopathy -> Deceased,20_24,0.0006,Tropical Latin America,M
DiabeticRetinopathy -> Deceased,25_29,0.0029,Tropical Latin America,M
DiabeticRetinopathy -> Deceased,30_39,0.0082,Tropical Latin America,M
DiabeticRetinopathy -> Deceased,40_49,0.0141,Tropical Latin America,M
DiabeticRetinopathy -> Deceased,50_59,0.025,Tropical Latin America,M
DiabeticRetinopathy -> Deceased,60_69,0.033,Tropical Latin America,M
DiabeticRetinopathy -> Deceased,70_79,0.0494,Tropical Latin America,M
DiabeticRetinopathy -> Deceased,80_100,0.0678,Tropical Latin America,M
Prevalence -> DiabeticRetinopathy,0_4,0.0001,Tropical Latin America,M
Prevalence -> DiabeticRetinopathy,5_9,0.0,Tropical Latin America,M
Prevalence -> DiabeticRetinopathy,10_14,0.0,Tropical Latin America,M
Prevalence -> DiabeticRetinopathy,15_19,0.0,Tropical Latin America,M
Prevalence -> DiabeticRetinopathy,20_24,0.0023,Tropical Latin America,M
Prevalence -> DiabeticRetinopathy,25_29,0.0023,Tropical Latin America,M
Prevalence -> DiabeticRetinopathy,30_39,0.0023,Tropical Latin America,M
Prevalence -> DiabeticRetinopathy,40_49,0.0029,Tropical Latin America,M
Prevalence -> DiabeticRetinopathy,50_59,0.0045,Tropical Latin America,M
Prevalence -> DiabeticRetinopathy,60_69,0.0083,Tropical Latin America,M
Prevalence -> DiabeticRetinopathy,70_79,0.012,Tropical Latin America,M
Prevalence -> DiabeticRetinopathy,80_100,0.0135,Tropical Latin America,M
LowerExtrmAmpt -> Disability,0_4,0.164,Tropical Latin America,M
LowerExtrmAmpt -> Disability,5_9,0.164,Tropical Latin America,M
LowerExtrmAmpt -> Disability,10_14,0.164,Tropical Latin America,M
LowerExtrmAmpt -> Disability,15_19,0.164,Tropical Latin America,M
LowerExtrmAmpt -> Disability,20_24,0.164,Tropical Latin America,M
LowerExtrmAmpt -> Disability,25_29,0.164,Tropical Latin America,M
LowerExtrmAmpt -> Disability,30_39,0.164,Tropical Latin America,M
LowerExtrmAmpt -> Disability,40_49,0.164,Tropical Latin America,M
LowerExtrmAmpt -> Disability,50_59,0.164,Tropical Latin America,M
LowerExtrmAmpt -> Disability,60_69,0.164,Tropical Latin America,M
LowerExtrmAmpt -> Disability,70_79,0.164,Tropical Latin America,M
LowerExtrmAmpt -> Disability,80_100,0.164,Tropical Latin America,M
LowerExtrmAmpt -> Deceased,0_4,0.0,Tropical Latin America,M
LowerExtrmAmpt -> Deceased,5_9,0.0,Tropical Latin America,M
LowerExtrmAmpt -> Deceased,10_14,0.0,Tropical Latin America,M
LowerExtrmAmpt -> Deceased,15_19,0.0,Tropical Latin America,M
LowerExtrmAmpt -> Deceased,20_24,0.0006,Tropical Latin America,M
LowerExtrmAmpt -> Deceased,25_29,0.003,Tropical Latin America,M
LowerExtrmAmpt -> Deceased,30_39,0.0086,Tropical Latin America,M
LowerExtrmAmpt -> Deceased,40_49,0.014,Tropical Latin America,M
LowerExtrmAmpt -> Deceased,50_59,0.0247,Tropical Latin America,M
LowerExtrmAmpt -> Deceased,60_69,0.0337,Tropical Latin America,M
LowerExtrmAmpt -> Deceased,70_79,0.05,Tropical Latin America,M
LowerExtrmAmpt -> Deceased,80_100,0.0686,Tropical Latin America,M
Prevalence -> LowerExtrmAmpt,0_4,0.0,Tropical Latin America,M
Prevalence -> LowerExtrmAmpt,5_9,0.0,Tropical Latin America,M
Prevalence -> LowerExtrmAmpt,10_14,0.0,Tropical Latin America,M
Prevalence -> LowerExtrmAmpt,15_19,0.0,Tropical Latin America,M
Prevalence -> LowerExtrmAmpt,20_24,0.0002,Tropical Latin America,M
Prevalence -> LowerExtrmAmpt,25_29,0.0005,Tropical Latin America,M
Prevalence -> LowerExtrmAmpt,30_39,0.0017,Tropical Latin America,M
Prevalence -> LowerExtrmAmpt,40_49,0.0028,Tropical Latin America,M
Prevalence -> LowerExtrmAmpt,50_59,0.0027,Tropical Latin America,M
Prevalence -> LowerExtrmAmpt,60_69,0.0052,Tropical Latin America,M
Prevalence -> LowerExtrmAmpt,70_79,0.0131,Tropical Latin America,M
Prevalence -> LowerExtrmAmpt,80_100,0.0297,Tropical Latin America,M
Disability -> Disability,0_4,0.0,Tropical Latin America,M
Disability -> Disability,5_9,0.0,Tropical Latin America,M
Disability -> Disability,10_14,0.0,Tropical Latin America,M
Disability -> Disability,15_19,0.0,Tropical Latin America,M
Disability -> Disability,20_24,0.0,Tropical Latin America,M
Disability -> Disability,25_29,0.0,Tropical Latin America,M
Disability -> Disability,30_39,0.0,Tropical Latin America,M
Disability -> Disability,40_49,0.0,Tropical Latin America,M
Disability -> Disability,50_59,0.0,Tropical Latin America,M
Disability -> Disability,60_69,0.0,Tropical Latin America,M
Disability -> Disability,70_79,0.0,Tropical Latin America,M
Disability -> Disability,80_100,0.0,Tropical Latin America,M
StdGlycControl -> DiabeticRetinopathy,0_4,-75.0,Tropical Latin America,M
StdGlycControl -> DiabeticRetinopathy,5_9,-75.0,Tropical Latin America,M
StdGlycControl -> DiabeticRetinopathy,10_14,-75.0,Tropical Latin America,M
StdGlycControl -> DiabeticRetinopathy,15_19,-75.0,Tropical Latin America,M
StdGlycControl -> DiabeticRetinopathy,20_24,-75.0,Tropical Latin America,M
StdGlycControl -> DiabeticRetinopathy,25_29,-75.0,Tropical Latin America,M
StdGlycControl -> DiabeticRetinopathy,30_39,-75.0,Tropical Latin America,M
StdGlycControl -> DiabeticRetinopathy,40_49,-75.0,Tropical Latin America,M
StdGlycControl -> DiabeticRetinopathy,50_59,-75.0,Tropical Latin America,M
StdGlycControl -> DiabeticRetinopathy,60_69,-75.0,Tropical Latin America,M
StdGlycControl -> DiabeticRetinopathy,70_79,-75.0,Tropical Latin America,M
StdGlycControl -> DiabeticRetinopathy,80_100,-75.0,Tropical Latin America,M
StdGlycControl -> LowerExtrmAmpt,0_4,-28.6,Tropical Latin America,M
StdGlycControl -> LowerExtrmAmpt,5_9,-28.6,Tropical Latin America,M
StdGlycControl -> LowerExtrmAmpt,10_14,-28.6,Tropical Latin America,M
StdGlycControl -> LowerExtrmAmpt,15_19,-28.6,Tropical Latin America,M
StdGlycControl -> LowerExtrmAmpt,20_24,-28.6,Tropical Latin America,M
StdGlycControl -> LowerExtrmAmpt,25_29,-28.6,Tropical Latin America,M
StdGlycControl -> LowerExtrmAmpt,30_39,-28.6,Tropical Latin America,M
StdGlycControl -> LowerExtrmAmpt,40_49,-28.6,Tropical Latin America,M
StdGlycControl -> LowerExtrmAmpt,50_59,-28.6,Tropical Latin America,M
StdGlycControl -> LowerExtrmAmpt,60_69,-28.6,Tropical Latin America,M
StdGlycControl -> LowerExtrmAmpt,70_79,-28.6,Tropical Latin America,M
StdGlycControl -> LowerExtrmAmpt,80_100,-28.6,Tropical Latin America,M
StdGlycControl -> DiabeticNephropathy,0_4,-39.0,Tropical Latin America,M
StdGlycControl -> DiabeticNephropathy,5_9,-39.0,Tropical Latin America,M
StdGlycControl -> DiabeticNephropathy,10_14,-39.0,Tropical Latin America,M
StdGlycControl -> DiabeticNephropathy,15_19,-39.0,Tropical Latin America,M
StdGlycControl -> DiabeticNephropathy,20_24,-39.0,Tropical Latin America,M
StdGlycControl -> DiabeticNephropathy,25_29,-39.0,Tropical Latin America,M
StdGlycControl -> DiabeticNephropathy,30_39,-39.0,Tropical Latin America,M
StdGlycControl -> DiabeticNephropathy,40_49,-39.0,Tropical Latin America,M
StdGlycControl -> DiabeticNephropathy,50_59,-39.0,Tropical Latin America,M
StdGlycControl -> DiabeticNephropathy,60_69,-39.0,Tropical Latin America,M
StdGlycControl -> DiabeticNephropathy,70_79,-39.0,Tropical Latin America,M
StdGlycControl -> DiabeticNephropathy,80_100,-39.0,Tropical Latin America,M
IntsvGlycControl -> DiabeticRetinopathy,0_4,-65.0,Tropical Latin America,M
IntsvGlycControl -> DiabeticRetinopathy,5_9,-65.0,Tropical Latin America,M
IntsvGlycControl -> DiabeticRetinopathy,10_14,-65.0,Tropical Latin America,M
IntsvGlycControl -> DiabeticRetinopathy,15_19,-65.0,Tropical Latin America,M
IntsvGlycControl -> DiabeticRetinopathy,20_24,-65.0,Tropical Latin America,M
IntsvGlycControl -> DiabeticRetinopathy,25_29,-65.0,Tropical Latin America,M
IntsvGlycControl -> DiabeticRetinopathy,30_39,-65.0,Tropical Latin America,M
IntsvGlycControl -> DiabeticRetinopathy,40_49,-65.0,Tropical Latin America,M
IntsvGlycControl -> DiabeticRetinopathy,50_59,-65.0,Tropical Latin America,M
IntsvGlycControl -> DiabeticRetinopathy,60_69,-65.0,Tropical Latin America,M
IntsvGlycControl -> DiabeticRetinopathy,70_79,-65.0,Tropical Latin America,M
IntsvGlycControl -> DiabeticRetinopathy,80_100,-65.0,Tropical Latin America,M
IntsvGlycControl -> LowerExtrmAmpt,0_4,-15.1,Tropical Latin America,M
IntsvGlycControl -> LowerExtrmAmpt,5_9,-15.1,Tropical Latin America,M
IntsvGlycControl -> LowerExtrmAmpt,10_14,-15.1,Tropical Latin America,M
IntsvGlycControl -> LowerExtrmAmpt,15_19,-15.1,Tropical Latin America,M
IntsvGlycControl -> LowerExtrmAmpt,20_24,-15.1,Tropical Latin America,M
IntsvGlycControl -> LowerExtrmAmpt,25_29,-15.1,Tropical Latin America,M
IntsvGlycControl -> LowerExtrmAmpt,30_39,-15.1,Tropical Latin America,M
IntsvGlycControl -> LowerExtrmAmpt,40_49,-15.1,Tropical Latin America,M
IntsvGlycControl -> LowerExtrmAmpt,50_59,-15.1,Tropical Latin America,M
IntsvGlycControl -> LowerExtrmAmpt,60_69,-15.1,Tropical Latin America,M
IntsvGlycControl -> LowerExtrmAmpt,70_79,-15.1,Tropical Latin America,M
IntsvGlycControl -> LowerExtrmAmpt,80_100,-15.1,Tropical Latin America,M
IntsvGlycControl -> DiabeticNephropathy,0_4,-39.0,Tropical Latin America,M
IntsvGlycControl -> DiabeticNephropathy,5_9,-39.0,Tropical Latin America,M
IntsvGlycControl -> DiabeticNephropathy,10_14,-39.0,Tropical Latin America,M
IntsvGlycControl -> DiabeticNephropathy,15_19,-39.0,Tropical Latin America,M
IntsvGlycControl -> DiabeticNephropathy,20_24,-39.0,Tropical Latin America,M
IntsvGlycControl -> DiabeticNephropathy,25_29,-39.0,Tropical Latin America,M
IntsvGlycControl -> DiabeticNephropathy,30_39,-39.0,Tropical Latin America,M
IntsvGlycControl -> DiabeticNephropathy,40_49,-39.0,Tropical Latin America,M
IntsvGlycControl -> DiabeticNephropathy,50_59,-39.0,Tropical Latin America,M
IntsvGlycControl -> DiabeticNephropathy,60_69,-39.0,Tropical Latin America,M
IntsvGlycControl -> DiabeticNephropathy,70_79,-39.0,Tropical Latin America,M
IntsvGlycControl -> DiabeticNephropathy,80_100,-39.0,Tropical Latin America,M
RetinopathyScrn -> DiabeticRetinopathy,0_4,-20.0,Tropical Latin America,M
RetinopathyScrn -> DiabeticRetinopathy,5_9,-20.0,Tropical Latin America,M
RetinopathyScrn -> DiabeticRetinopathy,10_14,-20.0,Tropical Latin America,M
RetinopathyScrn -> DiabeticRetinopathy,15_19,-20.0,Tropical Latin America,M
RetinopathyScrn -> DiabeticRetinopathy,20_24,-20.0,Tropical Latin America,M
RetinopathyScrn -> DiabeticRetinopathy,25_29,-20.0,Tropical Latin America,M
RetinopathyScrn -> DiabeticRetinopathy,30_39,-20.0,Tropical Latin America,M
RetinopathyScrn -> DiabeticRetinopathy,40_49,-20.0,Tropical Latin America,M
RetinopathyScrn -> DiabeticRetinopathy,50_59,-20.0,Tropical Latin America,M
RetinopathyScrn -> DiabeticRetinopathy,60_69,-20.0,Tropical Latin America,M
RetinopathyScrn -> DiabeticRetinopathy,70_79,-20.0,Tropical Latin America,M
RetinopathyScrn -> DiabeticRetinopathy,80_100,-20.0,Tropical Latin America,M
NeuropathyScr -> LowerExtrmAmpt,0_4,-35.0,Tropical Latin America,M
NeuropathyScr -> LowerExtrmAmpt,5_9,-35.0,Tropical Latin America,M
NeuropathyScr -> LowerExtrmAmpt,10_14,-35.0,Tropical Latin America,M
NeuropathyScr -> LowerExtrmAmpt,15_19,-35.0,Tropical Latin America,M
NeuropathyScr -> LowerExtrmAmpt,20_24,-35.0,Tropical Latin America,M
NeuropathyScr -> LowerExtrmAmpt,25_29,-35.0,Tropical Latin America,M
NeuropathyScr -> LowerExtrmAmpt,30_39,-35.0,Tropical Latin America,M
NeuropathyScr -> LowerExtrmAmpt,40_49,-35.0,Tropical Latin America,M
NeuropathyScr -> LowerExtrmAmpt,50_59,-35.0,Tropical Latin America,M
NeuropathyScr -> LowerExtrmAmpt,60_69,-35.0,Tropical Latin America,M
NeuropathyScr -> LowerExtrmAmpt,70_79,-35.0,Tropical Latin America,M
NeuropathyScr -> LowerExtrmAmpt,80_100,-35.0,Tropical Latin America,M
NephropathyScr -> DiabeticNephropathy,0_4,-24.0,Tropical Latin America,M
NephropathyScr -> DiabeticNephropathy,5_9,-24.0,Tropical Latin America,M
NephropathyScr -> DiabeticNephropathy,10_14,-24.0,Tropical Latin America,M
NephropathyScr -> DiabeticNephropathy,15_19,-24.0,Tropical Latin America,M
NephropathyScr -> DiabeticNephropathy,20_24,-24.0,Tropical Latin America,M
NephropathyScr -> DiabeticNephropathy,25_29,-24.0,Tropical Latin America,M
NephropathyScr -> DiabeticNephropathy,30_39,-24.0,Tropical Latin America,M
NephropathyScr -> DiabeticNephropathy,40_49,-24.0,Tropical Latin America,M
NephropathyScr -> DiabeticNephropathy,50_59,-24.0,Tropical Latin America,M
NephropathyScr -> DiabeticNephropathy,60_69,-24.0,Tropical Latin America,M
NephropathyScr -> DiabeticNephropathy,70_79,-24.0,Tropical Latin America,M
NephropathyScr -> DiabeticNephropathy,80_100,-24.0,Tropical Latin America,M
DiabeticNephropathy -> Disability,0_4,0.338,Tropical Latin America,M
DiabeticNephropathy -> Disability,5_9,0.338,Tropical Latin America,M
DiabeticNephropathy -> Disability,10_14,0.338,Tropical Latin America,M
DiabeticNephropathy -> Disability,15_19,0.338,Tropical Latin America,M
DiabeticNephropathy -> Disability,20_24,0.338,Tropical Latin America,M
DiabeticNephropathy -> Disability,25_29,0.338,Tropical Latin America,M
DiabeticNephropathy -> Disability,30_39,0.338,Tropical Latin America,M
DiabeticNephropathy -> Disability,40_49,0.338,Tropical Latin America,M
DiabeticNephropathy -> Disability,50_59,0.338,Tropical Latin America,M
DiabeticNephropathy -> Disability,60_69,0.338,Tropical Latin America,M
DiabeticNephropathy -> Disability,70_79,0.338,Tropical Latin America,M
DiabeticNephropathy -> Disability,80_100,0.338,Tropical Latin America,M
DiabeticNephropathy -> Deceased,0_4,0.0,Tropical Latin America,M
DiabeticNephropathy -> Deceased,5_9,0.0,Tropical Latin America,M
DiabeticNephropathy -> Deceased,10_14,0.0,Tropical Latin America,M
DiabeticNephropathy -> Deceased,15_19,0.0,Tropical Latin America,M
DiabeticNephropathy -> Deceased,20_24,0.0009192692267754722,Tropical Latin America,M
DiabeticNephropathy -> Deceased,25_29,0.0034932230617467945,Tropical Latin America,M
DiabeticNephropathy -> Deceased,30_39,0.007905715350269061,Tropical Latin America,M
DiabeticNephropathy -> Deceased,40_49,0.013053623020211706,Tropical Latin America,M
DiabeticNephropathy -> Deceased,50_59,0.02279787682403171,Tropical Latin America,M
DiabeticNephropathy -> Deceased,60_69,0.0297843229475253,Tropical Latin America,M
DiabeticNephropathy -> Deceased,70_79,0.0463311690294838,Tropical Latin America,M
DiabeticNephropathy -> Deceased,80_100,0.0630618689567974,Tropical Latin America,M
Prevalence -> DiabeticNephropathy,0_4,0.00428,Tropical Latin America,M
Prevalence -> DiabeticNephropathy,5_9,0.00428,Tropical Latin America,M
Prevalence -> DiabeticNephropathy,10_14,0.00436,Tropical Latin America,M
Prevalence -> DiabeticNephropathy,15_19,0.004560000000000001,Tropical Latin America,M
Prevalence -> DiabeticNephropathy,20_24,0.00496,Tropical Latin America,M
Prevalence -> DiabeticNephropathy,25_29,0.006200000000000001,Tropical Latin America,M
Prevalence -> DiabeticNephropathy,30_39,0.011000000000000001,Tropical Latin America,M
Prevalence -> DiabeticNephropathy,40_49,0.020680000000000004,Tropical Latin America,M
Prevalence -> DiabeticNephropathy,50_59,0.03332,Tropical Latin America,M
Prevalence -> DiabeticNephropathy,60_69,0.04012,Tropical Latin America,M
Prevalence -> DiabeticNephropathy,70_79,0.04916,Tropical Latin America,M
Prevalence -> DiabeticNephropathy,80_100,0.08984,Tropical Latin America,M
DsFreeSus -> Disability,0_4,0.032450693322170855,Tropical Latin America,F
DsFreeSus -> Disability,5_9,0.04611263579305674,Tropical Latin America,F
DsFreeSus -> Disability,10_14,0.05977457826394262,Tropical Latin America,F
DsFreeSus -> Disability,15_19,0.07343652073482851,Tropical Latin America,F
DsFreeSus -> Disability,20_24,0.08709846320571438,Tropical Latin America,F
DsFreeSus -> Disability,25_29,0.10076040567660026,Tropical Latin America,F
DsFreeSus -> Disability,30_39,0.12125331938292909,Tropical Latin America,F
DsFreeSus -> Disability,40_49,0.14857720432470084,Tropical Latin America,F
DsFreeSus -> Disability,50_59,0.1759010892664726,Tropical Latin America,F
DsFreeSus -> Disability,60_69,0.20322497420824437,Tropical Latin America,F
DsFreeSus -> Disability,70_79,0.23054885915001613,Tropical Latin America,F
DsFreeSus -> Disability,80_100,0.2647037153272308,Tropical Latin America,F
DsFreeSus -> Diabetes,0_4,0.0,Tropical Latin America,F
DsFreeSus -> Diabetes,5_9,0.0,Tropical Latin America,F
DsFreeSus -> Diabetes,10_14,0.0,Tropical Latin America,F
DsFreeSus -> Diabetes,15_19,0.0,Tropical Latin America,F
DsFreeSus -> Diabetes,20_24,0.0002,Tropical Latin America,F
DsFreeSus -> Diabetes,25_29,0.0007,Tropical Latin America,F
DsFreeSus -> Diabetes,30_39,0.0016,Tropical Latin America,F
DsFreeSus -> Diabetes,40_49,0.0025,Tropical Latin America,F
DsFreeSus -> Diabetes,50_59,0.0024,Tropical Latin America,F
DsFreeSus -> Diabetes,60_69,0.0015,Tropical Latin America,F
DsFreeSus -> Diabetes,70_79,0.0059,Tropical Latin America,F
DsFreeSus -> Diabetes,80_100,0.0132,Tropical Latin America,F
Diabetes -> Disability,0_4,0.031,Tropical Latin America,F
Diabetes -> Disability,5_9,0.031,Tropical Latin America,F
Diabetes -> Disability,10_14,0.031,Tropical Latin America,F
Diabetes -> Disability,15_19,0.031,Tropical Latin America,F
Diabetes -> Disability,20_24,0.031,Tropical Latin America,F
Diabetes -> Disability,25_29,0.031,Tropical Latin America,F
Diabetes -> Disability,30_39,0.031,Tropical Latin America,F
Diabetes -> Disability,40_49,0.031,Tropical Latin America,F
Diabetes -> Disability,50_59,0.031,Tropical Latin America,F
Diabetes -> Disability,60_69,0.031,Tropical Latin America,F
Diabetes -> Disability,70_79,0.031,Tropical Latin America,F
Diabetes -> Disability,80_100,0.031,Tropical Latin America,F
Diabetes -> Deceased,0_4,0.0,Tropical Latin America,F
Diabetes -> Deceased,5_9,0.0,Tropical Latin America,F
Diabetes -> Deceased,10_14,0.0,Tropical Latin America,F
Diabetes -> Deceased,15_19,0.0,Tropical Latin America,F
Diabetes -> Deceased,20_24,6.108101174587856e-05,Tropical Latin America,F
Diabetes -> Deceased,25_29,0.0003664860704752713,Tropical Latin America,F
Diabetes -> Deceased,30_39,0.0010383771996799354,Tropical Latin America,F
Diabetes -> Deceased,40_49,0.0021378354111057495,Tropical Latin America,F
Diabetes -> Deceased,50_59,0.004153508798719742,Tropical Latin America,F
Diabetes -> Deceased,60_69,0.0059248581393502205,Tropical Latin America,F
Diabetes -> Deceased,70_79,0.010322690985053475,Tropical Latin America,F
Diabetes -> Deceased,80_100,0.023149703451687976,Tropical Latin America,F
Diabetes -> DiabeticRetinopathy,0_4,0.0,Tropical Latin America,F
Diabetes -> DiabeticRetinopathy,5_9,0.0,Tropical Latin America,F
Diabetes -> DiabeticRetinopathy,10_14,0.03482262655648488,Tropical Latin America,F
Diabetes -> DiabeticRetinopathy,15_19,0.03768847489820079,Tropical Latin America,F
Diabetes -> DiabeticRetinopathy,20_24,0.006330614567526555,Tropical Latin America,F
Diabetes -> DiabeticRetinopathy,25_29,0.00046621785427894744,Tropical Latin America,F
Diabetes -> DiabeticRetinopathy,30_39,0.00046871338176704945,Tropical Latin America,F
Diabetes -> DiabeticRetinopathy,40_49,0.003919199685146032,Tropical Latin America,F
Diabetes -> DiabeticRetinopathy,50_59,0.007485992687951717,Tropical Latin America,F
Diabetes -> DiabeticRetinopathy,60_69,0.013331686084349443,Tropical Latin America,F
Diabetes -> DiabeticRetinopathy,70_79,0.010325116698059127,Tropical Latin America,F
Diabetes -> DiabeticRetinopathy,80_100,0.010268397972938386,Tropical Latin America,F
Diabetes -> LowerExtrmAmpt,0_4,0.0,Tropical Latin America,F
Diabetes -> LowerExtrmAmpt,5_9,0.0,Tropical Latin America,F
Diabetes -> LowerExtrmAmpt,10_14,5.0158626656802136e-05,Tropical Latin America,F
Diabetes -> LowerExtrmAmpt,15_19,0.0009757112935329856,Tropical Latin America,F
Diabetes -> LowerExtrmAmpt,20_24,0.00310603186646434,Tropical Latin America,F
Diabetes -> LowerExtrmAmpt,25_29,0.005892993678085896,Tropical Latin America,F
Diabetes -> LowerExtrmAmpt,30_39,0.005530209186173564,Tropical Latin America,F
Diabetes -> LowerExtrmAmpt,40_49,0.0009665284604190121,Tropical Latin America,F
Diabetes -> LowerExtrmAmpt,50_59,0.0005760911021851566,Tropical Latin America,F
Diabetes -> LowerExtrmAmpt,60_69,0.0055771144168848905,Tropical Latin America,F
Diabetes -> LowerExtrmAmpt,70_79,0.012850708377692244,Tropical Latin America,F
Diabetes -> LowerExtrmAmpt,80_100,0.014046103707748222,Tropical Latin America,F
Diabetes -> DiabeticNephropathy,0_4,0.0,Tropical Latin America,F
Diabetes -> DiabeticNephropathy,5_9,0.0,Tropical Latin America,F
Diabetes -> DiabeticNephropathy,10_14,0.014,Tropical Latin America,F
Diabetes -> DiabeticNephropathy,15_19,0.014,Tropical Latin America,F
Diabetes -> DiabeticNephropathy,20_24,0.014,Tropical Latin America,F
Diabetes -> DiabeticNephropathy,25_29,0.014,Tropical Latin America,F
Diabetes -> DiabeticNephropathy,30_39,0.014,Tropical Latin America,F
Diabetes -> DiabeticNephropathy,40_49,0.014,Tropical Latin America,F
Diabetes -> DiabeticNephropathy,50_59,0.014,Tropical Latin America,F
Diabetes -> DiabeticNephropathy,60_69,0.014,Tropical Latin America,F
Diabetes -> DiabeticNephropathy,70_79,0.014,Tropical Latin America,F
Diabetes -> DiabeticNephropathy,80_100,0.014,Tropical Latin America,F
Prevalence -> Diabetes,0_4,0.006147,Tropical Latin America,F
Prevalence -> Diabetes,5_9,0.006147,Tropical Latin America,F
Prevalence -> Diabetes,10_14,0.006147,Tropical Latin America,F
Prevalence -> Diabetes,15_19,0.006215300000000001,Tropical Latin America,F
Prevalence -> Diabetes,20_24,0.0065568,Tropical Latin America,F
Prevalence -> Diabetes,25_29,0.008059400000000001,Tropical Latin America,F
Prevalence -> Diabetes,30_39,0.0142747,Tropical Latin America,F
Prevalence -> Diabetes,40_49,0.027661500000000002,Tropical Latin America,F
Prevalence -> Diabetes,50_59,0.0426192,Tropical Latin America,F
Prevalence -> Diabetes,60_69,0.051225,Tropical Latin America,F
Prevalence -> Diabetes,70_79,0.060240600000000005,Tropical Latin America,F
Prevalence -> Diabetes,80_100,0.11358290000000001,Tropical Latin America,F
DiabeticRetinopathy -> Disability,0_4,0.338,Tropical Latin America,F
DiabeticRetinopathy -> Disability,5_9,0.338,Tropical Latin America,F
DiabeticRetinopathy -> Disability,10_14,0.338,Tropical Latin America,F
DiabeticRetinopathy -> Disability,15_19,0.338,Tropical Latin America,F
DiabeticRetinopathy -> Disability,20_24,0.338,Tropical Latin America,F
DiabeticRetinopathy -> Disability,25_29,0.338,Tropical Latin America,F
DiabeticRetinopathy -> Disability,30_39,0.338,Tropical Latin America,F
DiabeticRetinopathy -> Disability,40_49,0.338,Tropical Latin America,F
DiabeticRetinopathy -> Disability,50_59,0.338,Tropical Latin America,F
DiabeticRetinopathy -> Disability,60_69,0.338,Tropical Latin America,F
DiabeticRetinopathy -> Disability,70_79,0.338,Tropical Latin America,F
DiabeticRetinopathy -> Disability,80_100,0.338,Tropical Latin America,F
DiabeticRetinopathy -> Deceased,0_4,0.0,Tropical Latin America,F
DiabeticRetinopathy -> Deceased,5_9,0.0,Tropical Latin America,F
DiabeticRetinopathy -> Deceased,10_14,0.0,Tropical Latin America,F
DiabeticRetinopathy -> Deceased,15_19,0.0,Tropical Latin America,F
DiabeticRetinopathy -> Deceased,20_24,0.0001,Tropical Latin America,F
DiabeticRetinopathy -> Deceased,25_29,0.0008,Tropical Latin America,F
DiabeticRetinopathy -> Deceased,30_39,0.0032,Tropical Latin America,F
DiabeticRetinopathy -> Deceased,40_49,0.0069,Tropical Latin America,F
DiabeticRetinopathy -> Deceased,50_59,0.0137,Tropical Latin America,F
DiabeticRetinopathy -> Deceased,60_69,0.0198,Tropical Latin America,F
DiabeticRetinopathy -> Deceased,70_79,0.0333,Tropical Latin America,F
DiabeticRetinopathy -> Deceased,80_100,0.0726,Tropical Latin America,F
Prevalence -> DiabeticRetinopathy,0_4,0.0002,Tropical Latin America,F
Prevalence -> DiabeticRetinopathy,5_9,0.0,Tropical Latin America,F
Prevalence -> DiabeticRetinopathy,10_14,0.0015,Tropical Latin America,F
Prevalence -> DiabeticRetinopathy,15_19,0.0033,Tropical Latin America,F
Prevalence -> DiabeticRetinopathy,20_24,0.0043,Tropical Latin America,F
Prevalence -> DiabeticRetinopathy,25_29,0.0044,Tropical Latin America,F
Prevalence -> DiabeticRetinopathy,30_39,0.0044,Tropical Latin America,F
Prevalence -> DiabeticRetinopathy,40_49,0.0048,Tropical Latin America,F
Prevalence -> DiabeticRetinopathy,50_59,0.0071,Tropical Latin America,F
Prevalence -> DiabeticRetinopathy,60_69,0.0128,Tropical Latin America,F
Prevalence -> DiabeticRetinopathy,70_79,0.0184,Tropical Latin America,F
Prevalence -> DiabeticRetinopathy,80_100,0.0213,Tropical Latin America,F
LowerExtrmAmpt -> Disability,0_4,0.164,Tropical Latin America,F
LowerExtrmAmpt -> Disability,5_9,0.164,Tropical Latin America,F
LowerExtrmAmpt -> Disability,10_14,0.164,Tropical Latin America,F
LowerExtrmAmpt -> Disability,15_19,0.164,Tropical Latin America,F
LowerExtrmAmpt -> Disability,20_24,0.164,Tropical Latin America,F
LowerExtrmAmpt -> Disability,25_29,0.164,Tropical Latin America,F
LowerExtrmAmpt -> Disability,30_39,0.164,Tropical Latin America,F
LowerExtrmAmpt -> Disability,40_49,0.164,Tropical Latin America,F
LowerExtrmAmpt -> Disability,50_59,0.164,Tropical Latin America,F
LowerExtrmAmpt -> Disability,60_69,0.164,Tropical Latin America,F
LowerExtrmAmpt -> Disability,70_79,0.164,Tropical Latin America,F
LowerExtrmAmpt -> Disability,80_100,0.164,Tropical Latin America,F
LowerExtrmAmpt -> Deceased,0_4,0.0,Tropical Latin America,F
LowerExtrmAmpt -> Deceased,5_9,0.0,Tropical Latin America,F
LowerExtrmAmpt -> Deceased,10_14,0.0,Tropical Latin America,F
LowerExtrmAmpt -> Deceased,15_19,0.0,Tropical Latin America,F
LowerExtrmAmpt -> Deceased,20_24,0.0002,Tropical Latin America,F
LowerExtrmAmpt -> Deceased,25_29,0.0009,Tropical Latin America,F
LowerExtrmAmpt -> Deceased,30_39,0.0034,Tropical Latin America,F
LowerExtrmAmpt -> Deceased,40_49,0.0069,Tropical Latin America,F
LowerExtrmAmpt -> Deceased,50_59,0.0136,Tropical Latin America,F
LowerExtrmAmpt -> Deceased,60_69,0.0203,Tropical Latin America,F
LowerExtrmAmpt -> Deceased,70_79,0.034,Tropical Latin America,F
LowerExtrmAmpt -> Deceased,80_100,0.0752,Tropical Latin America,F
Prevalence -> LowerExtrmAmpt,0_4,0.0,Tropical Latin America,F
Prevalence -> LowerExtrmAmpt,5_9,0.0,Tropical Latin America,F
Prevalence -> LowerExtrmAmpt,10_14,0.0,Tropical Latin America,F
Prevalence -> LowerExtrmAmpt,15_19,0.0,Tropical Latin America,F
Prevalence -> LowerExtrmAmpt,20_24,0.0001,Tropical Latin America,F
Prevalence -> LowerExtrmAmpt,25_29,0.0003,Tropical Latin America,F
Prevalence -> LowerExtrmAmpt,30_39,0.0011,Tropical Latin America,F
Prevalence -> LowerExtrmAmpt,40_49,0.0018,Tropical Latin America,F
Prevalence -> LowerExtrmAmpt,50_59,0.0019,Tropical Latin America,F
Prevalence -> LowerExtrmAmpt,60_69,0.0034,Tropical Latin America,F
Prevalence -> LowerExtrmAmpt,70_79,0.0087,Tropical Latin America,F
Prevalence -> LowerExtrmAmpt,80_100,0.0206,Tropical Latin America,F
Disability -> Disability,0_4,0.0,Tropical Latin America,F
Disability -> Disability,5_9,0.0,Tropical Latin America,F
Disability -> Disability,10_14,0.0,Tropical Latin America,F
Disability -> Disability,15_19,0.0,Tropical Latin America,F
Disability -> Disability,20_24,0.0,Tropical Latin America,F
Disability -> Disability,25_29,0.0,Tropical Latin America,F
Disability -> Disability,30_39,0.0,Tropical Latin America,F
Disability -> Disability,40_49,0.0,Tropical Latin America,F
Disability -> Disability,50_59,0.0,Tropical Latin America,F
Disability -> Disability,60_69,0.0,Tropical Latin America,F
Disability -> Disability,70_79,0.0,Tropical Latin America,F
Disability -> Disability,80_100,0.0,Tropical Latin America,F
StdGlycControl -> DiabeticRetinopathy,0_4,-75.0,Tropical Latin America,F
StdGlycControl -> DiabeticRetinopathy,5_9,-75.0,Tropical Latin America,F
StdGlycControl -> DiabeticRetinopathy,10_14,-75.0,Tropical Latin America,F
StdGlycControl -> DiabeticRetinopathy,15_19,-75.0,Tropical Latin America,F
StdGlycControl -> DiabeticRetinopathy,20_24,-75.0,Tropical Latin America,F
StdGlycControl -> DiabeticRetinopathy,25_29,-75.0,Tropical Latin America,F
StdGlycControl -> DiabeticRetinopathy,30_39,-75.0,Tropical Latin America,F
StdGlycControl -> DiabeticRetinopathy,40_49,-75.0,Tropical Latin America,F
StdGlycControl -> DiabeticRetinopathy,50_59,-75.0,Tropical Latin America,F
StdGlycControl -> DiabeticRetinopathy,60_69,-75.0,Tropical Latin America,F
StdGlycControl -> DiabeticRetinopathy,70_79,-75.0,Tropical Latin America,F
StdGlycControl -> DiabeticRetinopathy,80_100,-75.0,Tropical Latin America,F
StdGlycControl -> LowerExtrmAmpt,0_4,-28.6,Tropical Latin America,F
StdGlycControl -> LowerExtrmAmpt,5_9,-28.6,Tropical Latin America,F
StdGlycControl -> LowerExtrmAmpt,10_14,-28.6,Tropical Latin America,F
StdGlycControl -> LowerExtrmAmpt,15_19,-28.6,Tropical Latin America,F
StdGlycControl -> LowerExtrmAmpt,20_24,-28.6,Tropical Latin America,F
StdGlycControl -> LowerExtrmAmpt,25_29,-28.6,Tropical Latin America,F
StdGlycControl -> LowerExtrmAmpt,30_39,-28.6,Tropical Latin America,F
StdGlycControl -> LowerExtrmAmpt,40_49,-28.6,Tropical Latin America,F
StdGlycControl -> LowerExtrmAmpt,50_59,-28.6,Tropical Latin America,F
StdGlycControl -> LowerExtrmAmpt,60_69,-28.6,Tropical Latin America,F
StdGlycControl -> LowerExtrmAmpt,70_79,-28.6,Tropical Latin America,F
StdGlycControl -> LowerExtrmAmpt,80_100,-28.6,Tropical Latin America,F
StdGlycControl -> DiabeticNephropathy,0_4,-39.0,Tropical Latin America,F
StdGlycControl -> DiabeticNephropathy,5_9,-39.0,Tropical Latin America,F
StdGlycControl -> DiabeticNephropathy,10_14,-39.0,Tropical Latin America,F
StdGlycControl -> DiabeticNephropathy,15_19,-39.0,Tropical Latin America,F
StdGlycControl -> DiabeticNephropathy,20_24,-39.0,Tropical Latin America,F
StdGlycControl -> DiabeticNephropathy,25_29,-39.0,Tropical Latin America,F
StdGlycControl -> DiabeticNephropathy,30_39,-39.0,Tropical Latin America,F
StdGlycControl -> DiabeticNephropathy,40_49,-39.0,Tropical Latin America,F
StdGlycControl -> DiabeticNephropathy,50_59,-39.0,Tropical Latin America,F
StdGlycControl -> DiabeticNephropathy,60_69,-39.0,Tropical Latin America,F
StdGlycControl -> DiabeticNephropathy,70_79,-39.0,Tropical Latin America,F
StdGlycControl -> DiabeticNephropathy,80_100,-39.0,Tropical Latin America,F
IntsvGlycControl -> DiabeticRetinopathy,0_4,-65.0,Tropical Latin America,F
IntsvGlycControl -> DiabeticRetinopathy,5_9,-65.0,Tropical Latin America,F
IntsvGlycControl -> DiabeticRetinopathy,10_14,-65.0,Tropical Latin America,F
IntsvGlycControl -> DiabeticRetinopathy,15_19,-65.0,Tropical Latin America,F
IntsvGlycControl -> DiabeticRetinopathy,20_24,-65.0,Tropical Latin America,F
IntsvGlycControl -> DiabeticRetinopathy,25_29,-65.0,Tropical Latin America,F
IntsvGlycControl -> DiabeticRetinopathy,30_39,-65.0,Tropical Latin America,F
IntsvGlycControl -> DiabeticRetinopathy,40_49,-65.0,Tropical Latin America,F
IntsvGlycControl -> DiabeticRetinopathy,50_59,-65.0,Tropical Latin America,F
IntsvGlycControl -> DiabeticRetinopathy,60_69,-65.0,Tropical Latin America,F
IntsvGlycControl -> DiabeticRetinopathy,70_79,-65.0,Tropical Latin America,F
IntsvGlycControl -> DiabeticRetinopathy,80_100,-65.0,Tropical Latin America,F
IntsvGlycControl -> LowerExtrmAmpt,0_4,-15.1,Tropical Latin America,F
IntsvGlycControl -> LowerExtrmAmpt,5_9,-15.1,Tropical Latin America,F
IntsvGlycControl -> LowerExtrmAmpt,10_14,-15.1,Tropical Latin America,F
IntsvGlycControl -> LowerExtrmAmpt,15_19,-15.1,Tropical Latin America,F
IntsvGlycControl -> LowerExtrmAmpt,20_24,-15.1,Tropical Latin America,F
IntsvGlycControl -> LowerExtrmAmpt,25_29,-15.1,Tropical Latin America,F
IntsvGlycControl -> LowerExtrmAmpt,30_39,-15.1,Tropical Latin America,F
IntsvGlycControl -> LowerExtrmAmpt,40_49,-15.1,Tropical Latin America,F
IntsvGlycControl -> LowerExtrmAmpt,50_59,-15.1,Tropical Latin America,F
IntsvGlycControl -> LowerExtrmAmpt,60_69,-15.1,Tropical Latin America,F
IntsvGlycControl -> LowerExtrmAmpt,70_79,-15.1,Tropical Latin America,F
IntsvGlycControl -> LowerExtrmAmpt,80_100,-15.1,Tropical Latin America,F
IntsvGlycControl -> DiabeticNephropathy,0_4,-39.0,Tropical Latin America,F
IntsvGlycControl -> DiabeticNephropathy,5_9,-39.0,Tropical Latin America,F
IntsvGlycControl -> DiabeticNephropathy,10_14,-39.0,Tropical Latin America,F
IntsvGlycControl -> DiabeticNephropathy,15_19,-39.0,Tropical Latin America,F
IntsvGlycControl -> DiabeticNephropathy,20_24,-39.0,Tropical Latin America,F
IntsvGlycControl -> DiabeticNephropathy,25_29,-39.0,Tropical Latin America,F
IntsvGlycControl -> DiabeticNephropathy,30_39,-39.0,Tropical Latin America,F
IntsvGlycControl -> DiabeticNephropathy,40_49,-39.0,Tropical Latin America,F
IntsvGlycControl -> DiabeticNephropathy,50_59,-39.0,Tropical Latin America,F
IntsvGlycControl -> DiabeticNephropathy,60_69,-39.0,Tropical Latin America,F
IntsvGlycControl -> DiabeticNephropathy,70_79,-39.0,Tropical Latin America,F
IntsvGlycControl -> DiabeticNephropathy,80_100,-39.0,Tropical Latin America,F
RetinopathyScrn -> DiabeticRetinopathy,0_4,-20.0,Tropical Latin America,F
RetinopathyScrn -> DiabeticRetinopathy,5_9,-20.0,Tropical Latin America,F
RetinopathyScrn -> DiabeticRetinopathy,10_14,-20.0,Tropical Latin America,F
RetinopathyScrn -> DiabeticRetinopathy,15_19,-20.0,Tropical Latin America,F
RetinopathyScrn -> DiabeticRetinopathy,20_24,-20.0,Tropical Latin America,F
RetinopathyScrn -> DiabeticRetinopathy,25_29,-20.0,Tropical Latin America,F
RetinopathyScrn -> DiabeticRetinopathy,30_39,-20.0,Tropical Latin America,F
RetinopathyScrn -> DiabeticRetinopathy,40_49,-20.0,Tropical Latin America,F
RetinopathyScrn -> DiabeticRetinopathy,50_59,-20.0,Tropical Latin America,F
RetinopathyScrn -> DiabeticRetinopathy,60_69,-20.0,Tropical Latin America,F
RetinopathyScrn -> DiabeticRetinopathy,70_79,-20.0,Tropical Latin America,F
RetinopathyScrn -> DiabeticRetinopathy,80_100,-20.0,Tropical Latin America,F
NeuropathyScr -> LowerExtrmAmpt,0_4,-35.0,Tropical Latin America,F
NeuropathyScr -> LowerExtrmAmpt,5_9,-35.0,Tropical Latin America,F
NeuropathyScr -> LowerExtrmAmpt,10_14,-35.0,Tropical Latin America,F
NeuropathyScr -> LowerExtrmAmpt,15_19,-35.0,Tropical Latin America,F
NeuropathyScr -> LowerExtrmAmpt,20_24,-35.0,Tropical Latin America,F
NeuropathyScr -> LowerExtrmAmpt,25_29,-35.0,Tropical Latin America,F
NeuropathyScr -> LowerExtrmAmpt,30_39,-35.0,Tropical Latin America,F
NeuropathyScr -> LowerExtrmAmpt,40_49,-35.0,Tropical Latin America,F
NeuropathyScr -> LowerExtrmAmpt,50_59,-35.0,Tropical Latin America,F
NeuropathyScr -> LowerExtrmAmpt,60_69,-35.0,Tropical Latin America,F
NeuropathyScr -> LowerExtrmAmpt,70_79,-35.0,Tropical Latin America,F
NeuropathyScr -> LowerExtrmAmpt,80_100,-35.0,Tropical Latin America,F
NephropathyScr -> DiabeticNephropathy,0_4,-24.0,Tropical Latin America,F
NephropathyScr -> DiabeticNephropathy,5_9,-24.0,Tropical Latin America,F
NephropathyScr -> DiabeticNephropathy,10_14,-24.0,Tropical Latin America,F
NephropathyScr -> DiabeticNephropathy,15_19,-24.0,Tropical Latin America,F
NephropathyScr -> DiabeticNephropathy,20_24,-24.0,Tropical Latin America,F
NephropathyScr -> DiabeticNephropathy,25_29,-24.0,Tropical Latin America,F
NephropathyScr -> DiabeticNephropathy,30_39,-24.0,Tropical Latin America,F
NephropathyScr -> DiabeticNephropathy,40_49,-24.0,Tropical Latin America,F
NephropathyScr -> DiabeticNephropathy,50_59,-24.0,Tropical Latin America,F
NephropathyScr -> DiabeticNephropathy,60_69,-24.0,Tropical Latin America,F
NephropathyScr -> DiabeticNephropathy,70_79,-24.0,Tropical Latin America,F
NephropathyScr -> DiabeticNephropathy,80_100,-24.0,Tropical Latin America,F
DiabeticNephropathy -> Disability,0_4,0.338,Tropical Latin America,F
DiabeticNephropathy -> Disability,5_9,0.338,Tropical Latin America,F
DiabeticNephropathy -> Disability,10_14,0.338,Tropical Latin America,F
DiabeticNephropathy -> Disability,15_19,0.338,Tropical Latin America,F
DiabeticNephropathy -> Disability,20_24,0.338,Tropical Latin America,F
DiabeticNephropathy -> Disability,25_29,0.338,Tropical Latin America,F
DiabeticNephropathy -> Disability,30_39,0.338,Tropical Latin America,F
DiabeticNephropathy -> Disability,40_49,0.338,Tropical Latin America,F
DiabeticNephropathy -> Disability,50_59,0.338,Tropical Latin America,F
DiabeticNephropathy -> Disability,60_69,0.338,Tropical Latin America,F
DiabeticNephropathy -> Disability,70_79,0.338,Tropical Latin America,F
DiabeticNephropathy -> Disability,80_100,0.338,Tropical Latin America,F
DiabeticNephropathy -> Deceased,0_4,0.0,Tropical Latin America,F
DiabeticNephropathy -> Deceased,5_9,0.0,Tropical Latin America,F
DiabeticNephropathy -> Deceased,10_14,0.0,Tropical Latin America,F
DiabeticNephropathy -> Deceased,15_19,0.0,Tropical Latin America,F
DiabeticNephropathy -> Deceased,20_24,0.00018385384535509443,Tropical Latin America,F
DiabeticNephropathy -> Deceased,25_29,0.0011031230721305666,Tropical Latin America,F
DiabeticNephropathy -> Deceased,30_39,0.0031255153710366052,Tropical Latin America,F
DiabeticNephropathy -> Deceased,40_49,0.006434884587428306,Tropical Latin America,F
DiabeticNephropathy -> Deceased,50_59,0.012502061484146421,Tropical Latin America,F
DiabeticNephropathy -> Deceased,60_69,0.017833822999444162,Tropical Latin America,F
DiabeticNephropathy -> Deceased,70_79,0.03107129986501096,Tropical Latin America,F
DiabeticNephropathy -> Deceased,80_100,0.0696806073895808,Tropical Latin America,F
Prevalence -> DiabeticNephropathy,0_4,0.00428,Tropical Latin America,F
Prevalence -> DiabeticNephropathy,5_9,0.00428,Tropical Latin America,F
Prevalence -> DiabeticNephropathy,10_14,0.00436,Tropical Latin America,F
Prevalence -> DiabeticNephropathy,15_19,0.004560000000000001,Tropical Latin America,F
Prevalence -> DiabeticNephropathy,20_24,0.00496,Tropical Latin America,F
Prevalence -> DiabeticNephropathy,25_29,0.006200000000000001,Tropical Latin America,F
Prevalence -> DiabeticNephropathy,30_39,0.011000000000000001,Tropical Latin America,F
Prevalence -> DiabeticNephropathy,40_49,0.020680000000000004,Tropical Latin America,F
Prevalence -> DiabeticNephropathy,50_59,0.03332,Tropical Latin America,F
Prevalence -> DiabeticNephropathy,60_69,0.04012,Tropical Latin America,F
Prevalence -> DiabeticNephropathy,70_79,0.04916,Tropical Latin America,F
Prevalence -> DiabeticNephropathy,80_100,0.08984,Tropical Latin America,F
DsFreeSus -> Disability,0_4,0.02053844638714994,Western Europe,M
DsFreeSus -> Disability,5_9,0.03318961087039964,Western Europe,M
DsFreeSus -> Disability,10_14,0.045840775353649346,Western Europe,M
DsFreeSus -> Disability,15_19,0.05849193983689906,Western Europe,M
DsFreeSus -> Disability,20_24,0.07114310432014875,Western Europe,M
DsFreeSus -> Disability,25_29,0.08379426880339846,Western Europe,M
DsFreeSus -> Disability,30_39,0.10277101552827303,Western Europe,M
DsFreeSus -> Disability,40_49,0.12807334449477242,Western Europe,M
DsFreeSus -> Disability,50_59,0.15337567346127184,Western Europe,M
DsFreeSus -> Disability,60_69,0.17867800242777127,Western Europe,M
DsFreeSus -> Disability,70_79,0.2039803313942707,Western Europe,M
DsFreeSus -> Disability,80_100,0.23560824260239493,Western Europe,M
DsFreeSus -> Diabetes,0_4,0.0,Western Europe,M
DsFreeSus -> Diabetes,5_9,0.0,Western Europe,M
DsFreeSus -> Diabetes,10_14,1e-09,Western Europe,M
DsFreeSus -> Diabetes,15_19,0.0002,Western Europe,M
DsFreeSus -> Diabetes,20_24,0.0003,Western Europe,M
DsFreeSus -> Diabetes,25_29,0.0008,Western Europe,M
DsFreeSus -> Diabetes,30_39,0.0017,Western Europe,M
DsFreeSus -> Diabetes,40_49,0.0029,Western Europe,M
DsFreeSus -> Diabetes,50_59,0.0037,Western Europe,M
DsFreeSus -> Diabetes,60_69,0.0031,Western Europe,M
DsFreeSus -> Diabetes,70_79,0.0059,Western Europe,M
DsFreeSus -> Diabetes,80_100,0.0133,Western Europe,M
Diabetes -> Disability,0_4,0.031,Western Europe,M
Diabetes -> Disability,5_9,0.031,Western Europe,M
Diabetes -> Disability,10_14,0.031,Western Europe,M
Diabetes -> Disability,15_19,0.031,Western Europe,M
Diabetes -> Disability,20_24,0.031,Western Europe,M
Diabetes -> Disability,25_29,0.031,Western Europe,M
Diabetes -> Disability,30_39,0.031,Western Europe,M
Diabetes -> Disability,40_49,0.031,Western Europe,M
Diabetes -> Disability,50_59,0.031,Western Europe,M
Diabetes -> Disability,60_69,0.031,Western Europe,M
Diabetes -> Disability,70_79,0.031,Western Europe,M
Diabetes -> Disability,80_100,0.031,Western Europe,M
Diabetes -> Deceased,0_4,0.0,Western Europe,M
Diabetes -> Deceased,5_9,0.0,Western Europe,M
Diabetes -> Deceased,10_14,0.0,Western Europe,M
Diabetes -> Deceased,15_19,0.0,Western Europe,M
Diabetes -> Deceased,20_24,6.108101174587856e-05,Western Europe,M
Diabetes -> Deceased,25_29,0.0003054050587293928,Western Europe,M
Diabetes -> Deceased,30_39,0.0007940531526964212,Western Europe,M
Diabetes -> Deceased,40_49,0.001771349340630478,Western Europe,M
Diabetes -> Deceased,50_59,0.0039091847517362275,Western Europe,M
Diabetes -> Deceased,60_69,0.00549729105712907,Western Europe,M
Diabetes -> Deceased,70_79,0.009345394797119419,Western Europe,M
Diabetes -> Deceased,80_100,0.019851328817410533,Western Europe,M
Diabetes -> DiabeticRetinopathy,0_4,0.0,Western Europe,M
Diabetes -> DiabeticRetinopathy,5_9,0.0,Western Europe,M
Diabetes -> DiabeticRetinopathy,10_14,0.0,Western Europe,M
Diabetes -> DiabeticRetinopathy,15_19,0.0,Western Europe,M
Diabetes -> DiabeticRetinopathy,20_24,0.0003004213805153017,Western Europe,M
Diabetes -> DiabeticRetinopathy,25_29,0.001187468712527795,Western Europe,M
Diabetes -> DiabeticRetinopathy,30_39,0.0034983660554701655,Western Europe,M
Diabetes -> DiabeticRetinopathy,40_49,0.0037348875183263993,Western Europe,M
Diabetes -> DiabeticRetinopathy,50_59,0.004599484033567329,Western Europe,M
Diabetes -> DiabeticRetinopathy,60_69,0.006594936881328253,Western Europe,M
Diabetes -> DiabeticRetinopathy,70_79,0.004166754723511978,Western Europe,M
Diabetes -> DiabeticRetinopathy,80_100,0.004431472828779136,Western Europe,M
Diabetes -> LowerExtrmAmpt,0_4,0.0,Western Europe,M
Diabetes -> LowerExtrmAmpt,5_9,0.0,Western Europe,M
Diabetes -> LowerExtrmAmpt,10_14,5.48359855671686e-05,Western Europe,M
Diabetes -> LowerExtrmAmpt,15_19,0.0010468991615202128,Western Europe,M
Diabetes -> LowerExtrmAmpt,20_24,0.0035418099597593466,Western Europe,M
Diabetes -> LowerExtrmAmpt,25_29,0.008259892662141867,Western Europe,M
Diabetes -> LowerExtrmAmpt,30_39,0.009730402968421599,Western Europe,M
Diabetes -> LowerExtrmAmpt,40_49,0.00211795892856366,Western Europe,M
Diabetes -> LowerExtrmAmpt,50_59,0.00045559949904764175,Western Europe,M
Diabetes -> LowerExtrmAmpt,60_69,0.004292793209709784,Western Europe,M
Diabetes -> LowerExtrmAmpt,70_79,0.011297931244834395,Western Europe,M
Diabetes -> LowerExtrmAmpt,80_100,0.013390366790283784,Western Europe,M
Diabetes -> DiabeticNephropathy,0_4,0.0,Western Europe,M
Diabetes -> DiabeticNephropathy,5_9,0.0,Western Europe,M
Diabetes -> DiabeticNephropathy,10_14,0.014,Western Europe,M
Diabetes -> DiabeticNephropathy,15_19,0.014,Western Europe,M
Diabetes -> DiabeticNephropathy,20_24,0.014,Western Europe,M
Diabetes -> DiabeticNephropathy,25_29,0.014,Western Europe,M
Diabetes -> DiabeticNephropathy,30_39,0.014,Western Europe,M
Diabetes -> DiabeticNephropathy,40_49,0.014,Western Europe,M
Diabetes -> DiabeticNephropathy,50_59,0.014,Western Europe,M
Diabetes -> DiabeticNephropathy,60_69,0.014,Western Europe,M
Diabetes -> DiabeticNephropathy,70_79,0.014,Western Europe,M
Diabetes -> DiabeticNephropathy,80_100,0.014,Western Europe,M
Prevalence -> Diabetes,0_4,0.0,Western Europe,M
Prevalence -> Diabetes,5_9,0.0,Western Europe,M
Prevalence -> Diabetes,10_14,0.005464,Western Europe,M
Prevalence -> Diabetes,15_19,0.0058738,Western Europe,M
Prevalence -> Diabetes,20_24,0.0066934,Western Europe,M
Prevalence -> Diabetes,25_29,0.008537500000000002,Western Europe,M
Prevalence -> Diabetes,30_39,0.015367500000000001,Western Europe,M
Prevalence -> Diabetes,40_49,0.0290958,Western Europe,M
Prevalence -> Diabetes,50_59,0.049244300000000005,Western Europe,M
Prevalence -> Diabetes,60_69,0.0667974,Western Europe,M
Prevalence -> Diabetes,70_79,0.0788182,Western Europe,M
Prevalence -> Diabetes,80_100,0.12615010000000001,Western Europe,M
DiabeticRetinopathy -> Disability,0_4,0.338,Western Europe,M
DiabeticRetinopathy -> Disability,5_9,0.338,Western Europe,M
DiabeticRetinopathy -> Disability,10_14,0.338,Western Europe,M
DiabeticRetinopathy -> Disability,15_19,0.338,Western Europe,M
DiabeticRetinopathy -> Disability,20_24,0.338,Western Europe,M
DiabeticRetinopathy -> Disability,25_29,0.338,Western Europe,M
DiabeticRetinopathy -> Disability,30_39,0.338,Western Europe,M
DiabeticRetinopathy -> Disability,40_49,0.338,Western Europe,M
DiabeticRetinopathy -> Disability,50_59,0.338,Western Europe,M
DiabeticRetinopathy -> Disability,60_69,0.338,Western Europe,M
DiabeticRetinopathy -> Disability,70_79,0.338,Western Europe,M
DiabeticRetinopathy -> Disability,80_100,0.338,Western Europe,M
DiabeticRetinopathy -> Deceased,0_4,0.0,Western Europe,M
DiabeticRetinopathy -> Deceased,5_9,0.0,Western Europe,M
DiabeticRetinopathy -> Deceased,10_14,0.0,Western Europe,M
DiabeticRetinopathy -> Deceased,15_19,0.0,Western Europe,M
DiabeticRetinopathy -> Deceased,20_24,0.0001,Western Europe,M
DiabeticRetinopathy -> Deceased,25_29,0.0007,Western Europe,M
DiabeticRetinopathy -> Deceased,30_39,0.0026,Western Europe,M
DiabeticRetinopathy -> Deceased,40_49,0.0058,Western Europe,M
DiabeticRetinopathy -> Deceased,50_59,0.0129,Western Europe,M
DiabeticRetinopathy -> Deceased,60_69,0.0182,Western Europe,M
DiabeticRetinopathy -> Deceased,70_79,0.0301,Western Europe,M
DiabeticRetinopathy -> Deceased,80_100,0.0626,Western Europe,M
Prevalence -> DiabeticRetinopathy,0_4,0.0,Western Europe,M
Prevalence -> DiabeticRetinopathy,5_9,0.0,Western Europe,M
Prevalence -> DiabeticRetinopathy,10_14,0.0,Western Europe,M
Prevalence -> DiabeticRetinopathy,15_19,0.0,Western Europe,M
Prevalence -> DiabeticRetinopathy,20_24,0.0003,Western Europe,M
Prevalence -> DiabeticRetinopathy,25_29,0.0003,Western Europe,M
Prevalence -> DiabeticRetinopathy,30_39,0.0007,Western Europe,M
Prevalence -> DiabeticRetinopathy,40_49,0.0018,Western Europe,M
Prevalence -> DiabeticRetinopathy,50_59,0.0038,Western Europe,M
Prevalence -> DiabeticRetinopathy,60_69,0.0078,Western Europe,M
Prevalence -> DiabeticRetinopathy,70_79,0.0114,Western Europe,M
Prevalence -> DiabeticRetinopathy,80_100,0.0122,Western Europe,M
LowerExtrmAmpt -> Disability,0_4,0.164,Western Europe,M
LowerExtrmAmpt -> Disability,5_9,0.164,Western Europe,M
LowerExtrmAmpt -> Disability,10_14,0.164,Western Europe,M
LowerExtrmAmpt -> Disability,15_19,0.164,Western Europe,M
LowerExtrmAmpt -> Disability,20_24,0.164,Western Europe,M
LowerExtrmAmpt -> Disability,25_29,0.164,Western Europe,M
LowerExtrmAmpt -> Disability,30_39,0.164,Western Europe,M
LowerExtrmAmpt -> Disability,40_49,0.164,Western Europe,M
LowerExtrmAmpt -> Disability,50_59,0.164,Western Europe,M
LowerExtrmAmpt -> Disability,60_69,0.164,Western Europe,M
LowerExtrmAmpt -> Disability,70_79,0.164,Western Europe,M
LowerExtrmAmpt -> Disability,80_100,0.164,Western Europe,M
LowerExtrmAmpt -> Deceased,0_4,0.0,Western Europe,M
LowerExtrmAmpt -> Deceased,5_9,0.0,Western Europe,M
LowerExtrmAmpt -> Deceased,10_14,0.0,Western Europe,M
LowerExtrmAmpt -> Deceased,15_19,0.0,Western Europe,M
LowerExtrmAmpt -> Deceased,20_24,0.0001,Western Europe,M
LowerExtrmAmpt -> Deceased,25_29,0.0008,Western Europe,M
LowerExtrmAmpt -> Deceased,30_39,0.0026,Western Europe,M
LowerExtrmAmpt -> Deceased,40_49,0.0056,Western Europe,M
LowerExtrmAmpt -> Deceased,50_59,0.0125,Western Europe,M
LowerExtrmAmpt -> Deceased,60_69,0.0183,Western Europe,M
LowerExtrmAmpt -> Deceased,70_79,0.0309,Western Europe,M
LowerExtrmAmpt -> Deceased,80_100,0.0647,Western Europe,M
Prevalence -> LowerExtrmAmpt,0_4,0.0,Western Europe,M
Prevalence -> LowerExtrmAmpt,5_9,0.0,Western Europe,M
Prevalence -> LowerExtrmAmpt,10_14,0.0,Western Europe,M
Prevalence -> LowerExtrmAmpt,15_19,0.0,Western Europe,M
Prevalence -> LowerExtrmAmpt,20_24,0.0001,Western Europe,M
Prevalence -> LowerExtrmAmpt,25_29,0.0004,Western Europe,M
Prevalence -> LowerExtrmAmpt,30_39,0.0019,Western Europe,M
Prevalence -> LowerExtrmAmpt,40_49,0.0034,Western Europe,M
Prevalence -> LowerExtrmAmpt,50_59,0.0035,Western Europe,M
Prevalence -> LowerExtrmAmpt,60_69,0.0047,Western Europe,M
Prevalence -> LowerExtrmAmpt,70_79,0.0106,Western Europe,M
Prevalence -> LowerExtrmAmpt,80_100,0.0236,Western Europe,M
Disability -> Disability,0_4,0.0,Western Europe,M
Disability -> Disability,5_9,0.0,Western Europe,M
Disability -> Disability,10_14,0.0,Western Europe,M
Disability -> Disability,15_19,0.0,Western Europe,M
Disability -> Disability,20_24,0.0,Western Europe,M
Disability -> Disability,25_29,0.0,Western Europe,M
Disability -> Disability,30_39,0.0,Western Europe,M
Disability -> Disability,40_49,0.0,Western Europe,M
Disability -> Disability,50_59,0.0,Western Europe,M
Disability -> Disability,60_69,0.0,Western Europe,M
Disability -> Disability,70_79,0.0,Western Europe,M
Disability -> Disability,80_100,0.0,Western Europe,M
StdGlycControl -> DiabeticRetinopathy,0_4,-75.0,Western Europe,M
StdGlycControl -> DiabeticRetinopathy,5_9,-75.0,Western Europe,M
StdGlycControl -> DiabeticRetinopathy,10_14,-75.0,Western Europe,M
StdGlycControl -> DiabeticRetinopathy,15_19,-75.0,Western Europe,M
StdGlycControl -> DiabeticRetinopathy,20_24,-75.0,Western Europe,M
StdGlycControl -> DiabeticRetinopathy,25_29,-75.0,Western Europe,M
StdGlycControl -> DiabeticRetinopathy,30_39,-75.0,Western Europe,M
StdGlycControl -> DiabeticRetinopathy,40_49,-75.0,Western Europe,M
StdGlycControl -> DiabeticRetinopathy,50_59,-75.0,Western Europe,M
StdGlycControl -> DiabeticRetinopathy,60_69,-75.0,Western Europe,M
StdGlycControl -> DiabeticRetinopathy,70_79,-75.0,Western Europe,M
StdGlycControl -> DiabeticRetinopathy,80_100,-75.0,Western Europe,M
StdGlycControl -> LowerExtrmAmpt,0_4,-28.6,Western Europe,M
StdGlycControl -> LowerExtrmAmpt,5_9,-28.6,Western Europe,M
StdGlycControl -> LowerExtrmAmpt,10_14,-28.6,Western Europe,M
StdGlycControl -> LowerExtrmAmpt,15_19,-28.6,Western Europe,M
StdGlycControl -> LowerExtrmAmpt,20_24,-28.6,Western Europe,M
StdGlycControl -> LowerExtrmAmpt,25_29,-28.6,Western Europe,M
StdGlycControl -> LowerExtrmAmpt,30_39,-28.6,Western Europe,M
StdGlycControl -> LowerExtrmAmpt,40_49,-28.6,Western Europe,M
StdGlycControl -> LowerExtrmAmpt,50_59,-28.6,Western Europe,M
StdGlycControl -> LowerExtrmAmpt,60_69,-28.6,Western Europe,M
StdGlycControl -> LowerExtrmAmpt,70_79,-28.6,Western Europe,M
StdGlycControl -> LowerExtrmAmpt,80_100,-28.6,Western Europe,M
StdGlycControl -> DiabeticNephropathy,0_4,-39.0,Western Europe,M
StdGlycControl -> DiabeticNephropathy,5_9,-39.0,Western Europe,M
StdGlycControl -> DiabeticNephropathy,10_14,-39.0,Western Europe,M
StdGlycControl -> DiabeticNephropathy,15_19,-39.0,Western Europe,M
StdGlycControl -> DiabeticNephropathy,20_24,-39.0,Western Europe,M
StdGlycControl -> DiabeticNephropathy,25_29,-39.0,Western Europe,M
StdGlycControl -> DiabeticNephropathy,30_39,-39.0,Western Europe,M
StdGlycControl -> DiabeticNephropathy,40_49,-39.0,Western Europe,M
StdGlycControl -> DiabeticNephropathy,50_59,-39.0,Western Europe,M
StdGlycControl -> DiabeticNephropathy,60_69,-39.0,Western Europe,M
StdGlycControl -> DiabeticNephropathy,70_79,-39.0,Western Europe,M
StdGlycControl -> DiabeticNephropathy,80_100,-39.0,Western Europe,M
IntsvGlycControl -> DiabeticRetinopathy,0_4,-65.0,Western Europe,M
IntsvGlycControl -> DiabeticRetinopathy,5_9,-65.0,Western Europe,M
IntsvGlycControl -> DiabeticRetinopathy,10_14,-65.0,Western Europe,M
IntsvGlycControl -> DiabeticRetinopathy,15_19,-65.0,Western Europe,M
IntsvGlycControl -> DiabeticRetinopathy,20_24,-65.0,Western Europe,M
IntsvGlycControl -> DiabeticRetinopathy,25_29,-65.0,Western Europe,M
IntsvGlycControl -> DiabeticRetinopathy,30_39,-65.0,Western Europe,M
IntsvGlycControl -> DiabeticRetinopathy,40_49,-65.0,Western Europe,M
IntsvGlycControl -> DiabeticRetinopathy,50_59,-65.0,Western Europe,M
IntsvGlycControl -> DiabeticRetinopathy,60_69,-65.0,Western Europe,M
IntsvGlycControl -> DiabeticRetinopathy,70_79,-65.0,Western Europe,M
IntsvGlycControl -> DiabeticRetinopathy,80_100,-65.0,Western Europe,M
IntsvGlycControl -> LowerExtrmAmpt,0_4,-15.1,Western Europe,M
IntsvGlycControl -> LowerExtrmAmpt,5_9,-15.1,Western Europe,M
IntsvGlycControl -> LowerExtrmAmpt,10_14,-15.1,Western Europe,M
IntsvGlycControl -> LowerExtrmAmpt,15_19,-15.1,Western Europe,M
IntsvGlycControl -> LowerExtrmAmpt,20_24,-15.1,Western Europe,M
IntsvGlycControl -> LowerExtrmAmpt,25_29,-15.1,Western Europe,M
IntsvGlycControl -> LowerExtrmAmpt,30_39,-15.1,Western Europe,M
IntsvGlycControl -> LowerExtrmAmpt,40_49,-15.1,Western Europe,M
IntsvGlycControl -> LowerExtrmAmpt,50_59,-15.1,Western Europe,M
IntsvGlycControl -> LowerExtrmAmpt,60_69,-15.1,Western Europe,M
IntsvGlycControl -> LowerExtrmAmpt,70_79,-15.1,Western Europe,M
IntsvGlycControl -> LowerExtrmAmpt,80_100,-15.1,Western Europe,M
IntsvGlycControl -> DiabeticNephropathy,0_4,-39.0,Western Europe,M
IntsvGlycControl -> DiabeticNephropathy,5_9,-39.0,Western Europe,M
IntsvGlycControl -> DiabeticNephropathy,10_14,-39.0,Western Europe,M
IntsvGlycControl -> DiabeticNephropathy,15_19,-39.0,Western Europe,M
IntsvGlycControl -> DiabeticNephropathy,20_24,-39.0,Western Europe,M
IntsvGlycControl -> DiabeticNephropathy,25_29,-39.0,Western Europe,M
IntsvGlycControl -> DiabeticNephropathy,30_39,-39.0,Western Europe,M
IntsvGlycControl -> DiabeticNephropathy,40_49,-39.0,Western Europe,M
IntsvGlycControl -> DiabeticNephropathy,50_59,-39.0,Western Europe,M
IntsvGlycControl -> DiabeticNephropathy,60_69,-39.0,Western Europe,M
IntsvGlycControl -> DiabeticNephropathy,70_79,-39.0,Western Europe,M
IntsvGlycControl -> DiabeticNephropathy,80_100,-39.0,Western Europe,M
RetinopathyScrn -> DiabeticRetinopathy,0_4,-20.0,Western Europe,M
RetinopathyScrn -> DiabeticRetinopathy,5_9,-20.0,Western Europe,M
RetinopathyScrn -> DiabeticRetinopathy,10_14,-20.0,Western Europe,M
RetinopathyScrn -> DiabeticRetinopathy,15_19,-20.0,Western Europe,M
RetinopathyScrn -> DiabeticRetinopathy,20_24,-20.0,Western Europe,M
RetinopathyScrn -> DiabeticRetinopathy,25_29,-20.0,Western Europe,M
RetinopathyScrn -> DiabeticRetinopathy,30_39,-20.0,Western Europe,M
RetinopathyScrn -> DiabeticRetinopathy,40_49,-20.0,Western Europe,M
RetinopathyScrn -> DiabeticRetinopathy,50_59,-20.0,Western Europe,M
RetinopathyScrn -> DiabeticRetinopathy,60_69,-20.0,Western Europe,M
RetinopathyScrn -> DiabeticRetinopathy,70_79,-20.0,Western Europe,M
RetinopathyScrn -> DiabeticRetinopathy,80_100,-20.0,Western Europe,M
NeuropathyScr -> LowerExtrmAmpt,0_4,-35.0,Western Europe,M
NeuropathyScr -> LowerExtrmAmpt,5_9,-35.0,Western Europe,M
NeuropathyScr -> LowerExtrmAmpt,10_14,-35.0,Western Europe,M
NeuropathyScr -> LowerExtrmAmpt,15_19,-35.0,Western Europe,M
NeuropathyScr -> LowerExtrmAmpt,20_24,-35.0,Western Europe,M
NeuropathyScr -> LowerExtrmAmpt,25_29,-35.0,Western Europe,M
NeuropathyScr -> LowerExtrmAmpt,30_39,-35.0,Western Europe,M
NeuropathyScr -> LowerExtrmAmpt,40_49,-35.0,Western Europe,M
NeuropathyScr -> LowerExtrmAmpt,50_59,-35.0,Western Europe,M
NeuropathyScr -> LowerExtrmAmpt,60_69,-35.0,Western Europe,M
NeuropathyScr -> LowerExtrmAmpt,70_79,-35.0,Western Europe,M
NeuropathyScr -> LowerExtrmAmpt,80_100,-35.0,Western Europe,M
NephropathyScr -> DiabeticNephropathy,0_4,-24.0,Western Europe,M
NephropathyScr -> DiabeticNephropathy,5_9,-24.0,Western Europe,M
NephropathyScr -> DiabeticNephropathy,10_14,-24.0,Western Europe,M
NephropathyScr -> DiabeticNephropathy,15_19,-24.0,Western Europe,M
NephropathyScr -> DiabeticNephropathy,20_24,-24.0,Western Europe,M
NephropathyScr -> DiabeticNephropathy,25_29,-24.0,Western Europe,M
NephropathyScr -> DiabeticNephropathy,30_39,-24.0,Western Europe,M
NephropathyScr -> DiabeticNephropathy,40_49,-24.0,Western Europe,M
NephropathyScr -> DiabeticNephropathy,50_59,-24.0,Western Europe,M
NephropathyScr -> DiabeticNephropathy,60_69,-24.0,Western Europe,M
NephropathyScr -> DiabeticNephropathy,70_79,-24.0,Western Europe,M
NephropathyScr -> DiabeticNephropathy,80_100,-24.0,Western Europe,M
DiabeticNephropathy -> Disability,0_4,0.338,Western Europe,M
DiabeticNephropathy -> Disability,5_9,0.338,Western Europe,M
DiabeticNephropathy -> Disability,10_14,0.338,Western Europe,M
DiabeticNephropathy -> Disability,15_19,0.338,Western Europe,M
DiabeticNephropathy -> Disability,20_24,0.338,Western Europe,M
DiabeticNephropathy -> Disability,25_29,0.338,Western Europe,M
DiabeticNephropathy -> Disability,30_39,0.338,Western Europe,M
DiabeticNephropathy -> Disability,40_49,0.338,Western Europe,M
DiabeticNephropathy -> Disability,50_59,0.338,Western Europe,M
DiabeticNephropathy -> Disability,60_69,0.338,Western Europe,M
DiabeticNephropathy -> Disability,70_79,0.338,Western Europe,M
DiabeticNephropathy -> Disability,80_100,0.338,Western Europe,M
DiabeticNephropathy -> Deceased,0_4,0.0,Western Europe,M
DiabeticNephropathy -> Deceased,5_9,0.0,Western Europe,M
DiabeticNephropathy -> Deceased,10_14,0.0,Western Europe,M
DiabeticNephropathy -> Deceased,15_19,0.0,Western Europe,M
DiabeticNephropathy -> Deceased,20_24,0.00018385384535509443,Western Europe,M
DiabeticNephropathy -> Deceased,25_29,0.0009192692267754722,Western Europe,M
DiabeticNephropathy -> Deceased,30_39,0.0023900999896162276,Western Europe,M
DiabeticNephropathy -> Deceased,40_49,0.0053317615152977385,Western Europe,M
DiabeticNephropathy -> Deceased,50_59,0.011766646102726043,Western Europe,M
DiabeticNephropathy -> Deceased,60_69,0.0165468460819585,Western Europe,M
DiabeticNephropathy -> Deceased,70_79,0.02812963833932945,Western Europe,M
DiabeticNephropathy -> Deceased,80_100,0.0597524997404057,Western Europe,M
Prevalence -> DiabeticNephropathy,0_4,0.00428,Western Europe,M
Prevalence -> DiabeticNephropathy,5_9,0.00428,Western Europe,M
Prevalence -> DiabeticNephropathy,10_14,0.00436,Western Europe,M
Prevalence -> DiabeticNephropathy,15_19,0.004560000000000001,Western Europe,M
Prevalence -> DiabeticNephropathy,20_24,0.00496,Western Europe,M
Prevalence -> DiabeticNephropathy,25_29,0.006200000000000001,Western Europe,M
Prevalence -> DiabeticNephropathy,30_39,0.011000000000000001,Western Europe,M
Prevalence -> DiabeticNephropathy,40_49,0.020680000000000004,Western Europe,M
Prevalence -> DiabeticNephropathy,50_59,0.03332,Western Europe,M
Prevalence -> DiabeticNephropathy,60_69,0.04012,Western Europe,M
Prevalence -> DiabeticNephropathy,70_79,0.04916,Western Europe,M
Prevalence -> DiabeticNephropathy,80_100,0.08984,Western Europe,M
DsFreeSus -> Disability,0_4,0.022021963645462883,Western Europe,F
DsFreeSus -> Disability,5_9,0.03474497251054548,Western Europe,F
DsFreeSus -> Disability,10_14,0.047467981375628084,Western Europe,F
DsFreeSus -> Disability,15_19,0.06019099024071068,Western Europe,F
DsFreeSus -> Disability,20_24,0.07291399910579327,Western Europe,F
DsFreeSus -> Disability,25_29,0.08563700797087588,Western Europe,F
DsFreeSus -> Disability,30_39,0.10472152126849978,Western Europe,F
DsFreeSus -> Disability,40_49,0.13016753899866496,Western Europe,F
DsFreeSus -> Disability,50_59,0.15561355672883018,Western Europe,F
DsFreeSus -> Disability,60_69,0.18105957445899537,Western Europe,F
DsFreeSus -> Disability,70_79,0.20650559218916056,Western Europe,F
DsFreeSus -> Disability,80_100,0.23831311435186706,Western Europe,F
DsFreeSus -> Diabetes,0_4,0.0,Western Europe,F
DsFreeSus -> Diabetes,5_9,1e-09,Western Europe,F
DsFreeSus -> Diabetes,10_14,1e-09,Western Europe,F
DsFreeSus -> Diabetes,15_19,0.0002,Western Europe,F
DsFreeSus -> Diabetes,20_24,0.0003,Western Europe,F
DsFreeSus -> Diabetes,25_29,0.0007,Western Europe,F
DsFreeSus -> Diabetes,30_39,0.0013,Western Europe,F
DsFreeSus -> Diabetes,40_49,0.0019,Western Europe,F
DsFreeSus -> Diabetes,50_59,0.0025,Western Europe,F
DsFreeSus -> Diabetes,60_69,0.0024,Western Europe,F
DsFreeSus -> Diabetes,70_79,0.0058,Western Europe,F
DsFreeSus -> Diabetes,80_100,0.0123,Western Europe,F
Diabetes -> Disability,0_4,0.031,Western Europe,F
Diabetes -> Disability,5_9,0.031,Western Europe,F
Diabetes -> Disability,10_14,0.031,Western Europe,F
Diabetes -> Disability,15_19,0.031,Western Europe,F
Diabetes -> Disability,20_24,0.031,Western Europe,F
Diabetes -> Disability,25_29,0.031,Western Europe,F
Diabetes -> Disability,30_39,0.031,Western Europe,F
Diabetes -> Disability,40_49,0.031,Western Europe,F
Diabetes -> Disability,50_59,0.031,Western Europe,F
Diabetes -> Disability,60_69,0.031,Western Europe,F
Diabetes -> Disability,70_79,0.031,Western Europe,F
Diabetes -> Disability,80_100,0.031,Western Europe,F
Diabetes -> Deceased,0_4,0.0,Western Europe,F
Diabetes -> Deceased,5_9,0.0,Western Europe,F
Diabetes -> Deceased,10_14,0.0,Western Europe,F
Diabetes -> Deceased,15_19,0.0,Western Europe,F
Diabetes -> Deceased,20_24,0.0,Western Europe,F
Diabetes -> Deceased,25_29,0.0001221620234917571,Western Europe,F
Diabetes -> Deceased,30_39,0.0003664860704752713,Western Europe,F
Diabetes -> Deceased,40_49,0.0009772961879340569,Western Europe,F
Diabetes -> Deceased,50_59,0.0021378354111057495,Western Europe,F
Diabetes -> Deceased,60_69,0.0029318885638021704,Western Europe,F
Diabetes -> Deceased,70_79,0.00549729105712907,Western Europe,F
Diabetes -> Deceased,80_100,0.016614035194878966,Western Europe,F
Diabetes -> DiabeticRetinopathy,0_4,0.0,Western Europe,F
Diabetes -> DiabeticRetinopathy,5_9,0.0,Western Europe,F
Diabetes -> DiabeticRetinopathy,10_14,0.005533199195171026,Western Europe,F
Diabetes -> DiabeticRetinopathy,15_19,0.0011243302777554697,Western Europe,F
Diabetes -> DiabeticRetinopathy,20_24,0.0009054958051520864,Western Europe,F
Diabetes -> DiabeticRetinopathy,25_29,0.003935630575476649,Western Europe,F
Diabetes -> DiabeticRetinopathy,30_39,0.007197599595112429,Western Europe,F
Diabetes -> DiabeticRetinopathy,40_49,0.00631226292479447,Western Europe,F
Diabetes -> DiabeticRetinopathy,50_59,0.008265046246963045,Western Europe,F
Diabetes -> DiabeticRetinopathy,60_69,0.011471391403444643,Western Europe,F
Diabetes -> DiabeticRetinopathy,70_79,0.0075132669886319595,Western Europe,F
Diabetes -> DiabeticRetinopathy,80_100,0.008002365365528409,Western Europe,F
Diabetes -> LowerExtrmAmpt,0_4,0.0,Western Europe,F
Diabetes -> LowerExtrmAmpt,5_9,0.0,Western Europe,F
Diabetes -> LowerExtrmAmpt,10_14,6.618659324367256e-05,Western Europe,F
Diabetes -> LowerExtrmAmpt,15_19,0.0011587485515643105,Western Europe,F
Diabetes -> LowerExtrmAmpt,20_24,0.0027996451934804304,Western Europe,F
Diabetes -> LowerExtrmAmpt,25_29,0.00513986625583617,Western Europe,F
Diabetes -> LowerExtrmAmpt,30_39,0.005964861542910853,Western Europe,F
Diabetes -> LowerExtrmAmpt,40_49,0.0007526124511692437,Western Europe,F
Diabetes -> LowerExtrmAmpt,50_59,0.0002644015600358041,Western Europe,F
Diabetes -> LowerExtrmAmpt,60_69,0.0027075720349964295,Western Europe,F
Diabetes -> LowerExtrmAmpt,70_79,0.007693375734166183,Western Europe,F
Diabetes -> LowerExtrmAmpt,80_100,0.008081799282527186,Western Europe,F
Diabetes -> DiabeticNephropathy,0_4,0.0,Western Europe,F
Diabetes -> DiabeticNephropathy,5_9,0.0,Western Europe,F
Diabetes -> DiabeticNephropathy,10_14,0.014,Western Europe,F
Diabetes -> DiabeticNephropathy,15_19,0.014,Western Europe,F
Diabetes -> DiabeticNephropathy,20_24,0.014,Western Europe,F
Diabetes -> DiabeticNephropathy,25_29,0.014,Western Europe,F
Diabetes -> DiabeticNephropathy,30_39,0.014,Western Europe,F
Diabetes -> DiabeticNephropathy,40_49,0.014,Western Europe,F
Diabetes -> DiabeticNephropathy,50_59,0.014,Western Europe,F
Diabetes -> DiabeticNephropathy,60_69,0.014,Western Europe,F
Diabetes -> DiabeticNephropathy,70_79,0.014,Western Europe,F
Diabetes -> DiabeticNephropathy,80_100,0.014,Western Europe,F
Prevalence -> Diabetes,0_4,0.0043712,Western Europe,F
Prevalence -> Diabetes,5_9,0.0044395,Western Europe,F
Prevalence -> Diabetes,10_14,0.0047810000000000005,Western Europe,F
Prevalence -> Diabetes,15_19,0.005190800000000001,Western Europe,F
Prevalence -> Diabetes,20_24,0.0059421,Western Europe,F
Prevalence -> Diabetes,25_29,0.007581300000000001,Western Europe,F
Prevalence -> Diabetes,30_39,0.013250200000000002,Western Europe,F
Prevalence -> Diabetes,40_49,0.0232903,Western Europe,F
Prevalence -> Diabetes,50_59,0.037086900000000006,Western Europe,F
Prevalence -> Diabetes,60_69,0.0518397,Western Europe,F
Prevalence -> Diabetes,70_79,0.0650899,Western Europe,F
Prevalence -> Diabetes,80_100,0.1231449,Western Europe,F
DiabeticRetinopathy -> Disability,0_4,0.338,Western Europe,F
DiabeticRetinopathy -> Disability,5_9,0.338,Western Europe,F
DiabeticRetinopathy -> Disability,10_14,0.338,Western Europe,F
DiabeticRetinopathy -> Disability,15_19,0.338,Western Europe,F
DiabeticRetinopathy -> Disability,20_24,0.338,Western Europe,F
DiabeticRetinopathy -> Disability,25_29,0.338,Western Europe,F
DiabeticRetinopathy -> Disability,30_39,0.338,Western Europe,F
DiabeticRetinopathy -> Disability,40_49,0.338,Western Europe,F
DiabeticRetinopathy -> Disability,50_59,0.338,Western Europe,F
DiabeticRetinopathy -> Disability,60_69,0.338,Western Europe,F
DiabeticRetinopathy -> Disability,70_79,0.338,Western Europe,F
DiabeticRetinopathy -> Disability,80_100,0.338,Western Europe,F
DiabeticRetinopathy -> Deceased,0_4,0.0,Western Europe,F
DiabeticRetinopathy -> Deceased,5_9,0.0,Western Europe,F
DiabeticRetinopathy -> Deceased,10_14,0.0,Western Europe,F
DiabeticRetinopathy -> Deceased,15_19,0.0,Western Europe,F
DiabeticRetinopathy -> Deceased,20_24,0.0,Western Europe,F
DiabeticRetinopathy -> Deceased,25_29,0.0003,Western Europe,F
DiabeticRetinopathy -> Deceased,30_39,0.0013,Western Europe,F
DiabeticRetinopathy -> Deceased,40_49,0.0033,Western Europe,F
DiabeticRetinopathy -> Deceased,50_59,0.0071,Western Europe,F
DiabeticRetinopathy -> Deceased,60_69,0.0098,Western Europe,F
DiabeticRetinopathy -> Deceased,70_79,0.0177,Western Europe,F
DiabeticRetinopathy -> Deceased,80_100,0.0526,Western Europe,F
Prevalence -> DiabeticRetinopathy,0_4,0.0,Western Europe,F
Prevalence -> DiabeticRetinopathy,5_9,0.0,Western Europe,F
Prevalence -> DiabeticRetinopathy,10_14,0.0004,Western Europe,F
Prevalence -> DiabeticRetinopathy,15_19,0.0005,Western Europe,F
Prevalence -> DiabeticRetinopathy,20_24,0.0005,Western Europe,F
Prevalence -> DiabeticRetinopathy,25_29,0.0006,Western Europe,F
Prevalence -> DiabeticRetinopathy,30_39,0.0014,Western Europe,F
Prevalence -> DiabeticRetinopathy,40_49,0.003,Western Europe,F
Prevalence -> DiabeticRetinopathy,50_59,0.0059,Western Europe,F
Prevalence -> DiabeticRetinopathy,60_69,0.0119,Western Europe,F
Prevalence -> DiabeticRetinopathy,70_79,0.0177,Western Europe,F
Prevalence -> DiabeticRetinopathy,80_100,0.0222,Western Europe,F
LowerExtrmAmpt -> Disability,0_4,0.164,Western Europe,F
LowerExtrmAmpt -> Disability,5_9,0.164,Western Europe,F
LowerExtrmAmpt -> Disability,10_14,0.164,Western Europe,F
LowerExtrmAmpt -> Disability,15_19,0.164,Western Europe,F
LowerExtrmAmpt -> Disability,20_24,0.164,Western Europe,F
LowerExtrmAmpt -> Disability,25_29,0.164,Western Europe,F
LowerExtrmAmpt -> Disability,30_39,0.164,Western Europe,F
LowerExtrmAmpt -> Disability,40_49,0.164,Western Europe,F
LowerExtrmAmpt -> Disability,50_59,0.164,Western Europe,F
LowerExtrmAmpt -> Disability,60_69,0.164,Western Europe,F
LowerExtrmAmpt -> Disability,70_79,0.164,Western Europe,F
LowerExtrmAmpt -> Disability,80_100,0.164,Western Europe,F
LowerExtrmAmpt -> Deceased,0_4,0.0,Western Europe,F
LowerExtrmAmpt -> Deceased,5_9,0.0,Western Europe,F
LowerExtrmAmpt -> Deceased,10_14,0.0,Western Europe,F
LowerExtrmAmpt -> Deceased,15_19,0.0,Western Europe,F
LowerExtrmAmpt -> Deceased,20_24,0.0001,Western Europe,F
LowerExtrmAmpt -> Deceased,25_29,0.0003,Western Europe,F
LowerExtrmAmpt -> Deceased,30_39,0.0013,Western Europe,F
LowerExtrmAmpt -> Deceased,40_49,0.0031,Western Europe,F
LowerExtrmAmpt -> Deceased,50_59,0.0069,Western Europe,F
LowerExtrmAmpt -> Deceased,60_69,0.0099,Western Europe,F
LowerExtrmAmpt -> Deceased,70_79,0.0184,Western Europe,F
LowerExtrmAmpt -> Deceased,80_100,0.0551,Western Europe,F
Prevalence -> LowerExtrmAmpt,0_4,0.0,Western Europe,F
Prevalence -> LowerExtrmAmpt,5_9,0.0,Western Europe,F
Prevalence -> LowerExtrmAmpt,10_14,0.0,Western Europe,F
Prevalence -> LowerExtrmAmpt,15_19,0.0,Western Europe,F
Prevalence -> LowerExtrmAmpt,20_24,0.0001,Western Europe,F
Prevalence -> LowerExtrmAmpt,25_29,0.0003,Western Europe,F
Prevalence -> LowerExtrmAmpt,30_39,0.0011,Western Europe,F
Prevalence -> LowerExtrmAmpt,40_49,0.0018,Western Europe,F
Prevalence -> LowerExtrmAmpt,50_59,0.0018,Western Europe,F
Prevalence -> LowerExtrmAmpt,60_69,0.0024,Western Europe,F
Prevalence -> LowerExtrmAmpt,70_79,0.006,Western Europe,F
Prevalence -> LowerExtrmAmpt,80_100,0.0152,Western Europe,F
Disability -> Disability,0_4,0.0,Western Europe,F
Disability -> Disability,5_9,0.0,Western Europe,F
Disability -> Disability,10_14,0.0,Western Europe,F
Disability -> Disability,15_19,0.0,Western Europe,F
Disability -> Disability,20_24,0.0,Western Europe,F
Disability -> Disability,25_29,0.0,Western Europe,F
Disability -> Disability,30_39,0.0,Western Europe,F
Disability -> Disability,40_49,0.0,Western Europe,F
Disability -> Disability,50_59,0.0,Western Europe,F
Disability -> Disability,60_69,0.0,Western Europe,F
Disability -> Disability,70_79,0.0,Western Europe,F
Disability -> Disability,80_100,0.0,Western Europe,F
StdGlycControl -> DiabeticRetinopathy,0_4,-75.0,Western Europe,F
StdGlycControl -> DiabeticRetinopathy,5_9,-75.0,Western Europe,F
StdGlycControl -> DiabeticRetinopathy,10_14,-75.0,Western Europe,F
StdGlycControl -> DiabeticRetinopathy,15_19,-75.0,Western Europe,F
StdGlycControl -> DiabeticRetinopathy,20_24,-75.0,Western Europe,F
StdGlycControl -> DiabeticRetinopathy,25_29,-75.0,Western Europe,F
StdGlycControl -> DiabeticRetinopathy,30_39,-75.0,Western Europe,F
StdGlycControl -> DiabeticRetinopathy,40_49,-75.0,Western Europe,F
StdGlycControl -> DiabeticRetinopathy,50_59,-75.0,Western Europe,F
StdGlycControl -> DiabeticRetinopathy,60_69,-75.0,Western Europe,F
StdGlycControl -> DiabeticRetinopathy,70_79,-75.0,Western Europe,F
StdGlycControl -> DiabeticRetinopathy,80_100,-75.0,Western Europe,F
StdGlycControl -> LowerExtrmAmpt,0_4,-28.6,Western Europe,F
StdGlycControl -> LowerExtrmAmpt,5_9,-28.6,Western Europe,F
StdGlycControl -> LowerExtrmAmpt,10_14,-28.6,Western Europe,F
StdGlycControl -> LowerExtrmAmpt,15_19,-28.6,Western Europe,F
StdGlycControl -> LowerExtrmAmpt,20_24,-28.6,Western Europe,F
StdGlycControl -> LowerExtrmAmpt,25_29,-28.6,Western Europe,F
StdGlycControl -> LowerExtrmAmpt,30_39,-28.6,Western Europe,F
StdGlycControl -> LowerExtrmAmpt,40_49,-28.6,Western Europe,F
StdGlycControl -> LowerExtrmAmpt,50_59,-28.6,Western Europe,F
StdGlycControl -> LowerExtrmAmpt,60_69,-28.6,Western Europe,F
StdGlycControl -> LowerExtrmAmpt,70_79,-28.6,Western Europe,F
StdGlycControl -> LowerExtrmAmpt,80_100,-28.6,Western Europe,F
StdGlycControl -> DiabeticNephropathy,0_4,-39.0,Western Europe,F
StdGlycControl -> DiabeticNephropathy,5_9,-39.0,Western Europe,F
StdGlycControl -> DiabeticNephropathy,10_14,-39.0,Western Europe,F
StdGlycControl -> DiabeticNephropathy,15_19,-39.0,Western Europe,F
StdGlycControl -> DiabeticNephropathy,20_24,-39.0,Western Europe,F
StdGlycControl -> DiabeticNephropathy,25_29,-39.0,Western Europe,F
StdGlycControl -> DiabeticNephropathy,30_39,-39.0,Western Europe,F
StdGlycControl -> DiabeticNephropathy,40_49,-39.0,Western Europe,F
StdGlycControl -> DiabeticNephropathy,50_59,-39.0,Western Europe,F
StdGlycControl -> DiabeticNephropathy,60_69,-39.0,Western Europe,F
StdGlycControl -> DiabeticNephropathy,70_79,-39.0,Western Europe,F
StdGlycControl -> DiabeticNephropathy,80_100,-39.0,Western Europe,F
IntsvGlycControl -> DiabeticRetinopathy,0_4,-65.0,Western Europe,F
IntsvGlycControl -> DiabeticRetinopathy,5_9,-65.0,Western Europe,F
IntsvGlycControl -> DiabeticRetinopathy,10_14,-65.0,Western Europe,F
IntsvGlycControl -> DiabeticRetinopathy,15_19,-65.0,Western Europe,F
IntsvGlycControl -> DiabeticRetinopathy,20_24,-65.0,Western Europe,F
IntsvGlycControl -> DiabeticRetinopathy,25_29,-65.0,Western Europe,F
IntsvGlycControl -> DiabeticRetinopathy,30_39,-65.0,Western Europe,F
IntsvGlycControl -> DiabeticRetinopathy,40_49,-65.0,Western Europe,F
IntsvGlycControl -> DiabeticRetinopathy,50_59,-65.0,Western Europe,F
IntsvGlycControl -> DiabeticRetinopathy,60_69,-65.0,Western Europe,F
IntsvGlycControl -> DiabeticRetinopathy,70_79,-65.0,Western Europe,F
IntsvGlycControl -> DiabeticRetinopathy,80_100,-65.0,Western Europe,F
IntsvGlycControl -> LowerExtrmAmpt,0_4,-15.1,Western Europe,F
IntsvGlycControl -> LowerExtrmAmpt,5_9,-15.1,Western Europe,F
IntsvGlycControl -> LowerExtrmAmpt,10_14,-15.1,Western Europe,F
IntsvGlycControl -> LowerExtrmAmpt,15_19,-15.1,Western Europe,F
IntsvGlycControl -> LowerExtrmAmpt,20_24,-15.1,Western Europe,F
IntsvGlycControl -> LowerExtrmAmpt,25_29,-15.1,Western Europe,F
IntsvGlycControl -> LowerExtrmAmpt,30_39,-15.1,Western Europe,F
IntsvGlycControl -> LowerExtrmAmpt,40_49,-15.1,Western Europe,F
IntsvGlycControl -> LowerExtrmAmpt,50_59,-15.1,Western Europe,F
IntsvGlycControl -> LowerExtrmAmpt,60_69,-15.1,Western Europe,F
IntsvGlycControl -> LowerExtrmAmpt,70_79,-15.1,Western Europe,F
IntsvGlycControl -> LowerExtrmAmpt,80_100,-15.1,Western Europe,F
IntsvGlycControl -> DiabeticNephropathy,0_4,-39.0,Western Europe,F
IntsvGlycControl -> DiabeticNephropathy,5_9,-39.0,Western Europe,F
IntsvGlycControl -> DiabeticNephropathy,10_14,-39.0,Western Europe,F
IntsvGlycControl -> DiabeticNephropathy,15_19,-39.0,Western Europe,F
IntsvGlycControl -> DiabeticNephropathy,20_24,-39.0,Western Europe,F
IntsvGlycControl -> DiabeticNephropathy,25_29,-39.0,Western Europe,F
IntsvGlycControl -> DiabeticNephropathy,30_39,-39.0,Western Europe,F
IntsvGlycControl -> DiabeticNephropathy,40_49,-39.0,Western Europe,F
IntsvGlycControl -> DiabeticNephropathy,50_59,-39.0,Western Europe,F
IntsvGlycControl -> DiabeticNephropathy,60_69,-39.0,Western Europe,F
IntsvGlycControl -> DiabeticNephropathy,70_79,-39.0,Western Europe,F
IntsvGlycControl -> DiabeticNephropathy,80_100,-39.0,Western Europe,F
RetinopathyScrn -> DiabeticRetinopathy,0_4,-20.0,Western Europe,F
RetinopathyScrn -> DiabeticRetinopathy,5_9,-20.0,Western Europe,F
RetinopathyScrn -> DiabeticRetinopathy,10_14,-20.0,Western Europe,F
RetinopathyScrn -> DiabeticRetinopathy,15_19,-20.0,Western Europe,F
RetinopathyScrn -> DiabeticRetinopathy,20_24,-20.0,Western Europe,F
RetinopathyScrn -> DiabeticRetinopathy,25_29,-20.0,Western Europe,F
RetinopathyScrn -> DiabeticRetinopathy,30_39,-20.0,Western Europe,F
RetinopathyScrn -> DiabeticRetinopathy,40_49,-20.0,Western Europe,F
RetinopathyScrn -> DiabeticRetinopathy,50_59,-20.0,Western Europe,F
RetinopathyScrn -> DiabeticRetinopathy,60_69,-20.0,Western Europe,F
RetinopathyScrn -> DiabeticRetinopathy,70_79,-20.0,Western Europe,F
RetinopathyScrn -> DiabeticRetinopathy,80_100,-20.0,Western Europe,F
NeuropathyScr -> LowerExtrmAmpt,0_4,-35.0,Western Europe,F
NeuropathyScr -> LowerExtrmAmpt,5_9,-35.0,Western Europe,F
NeuropathyScr -> LowerExtrmAmpt,10_14,-35.0,Western Europe,F
NeuropathyScr -> LowerExtrmAmpt,15_19,-35.0,Western Europe,F
NeuropathyScr -> LowerExtrmAmpt,20_24,-35.0,Western Europe,F
NeuropathyScr -> LowerExtrmAmpt,25_29,-35.0,Western Europe,F
NeuropathyScr -> LowerExtrmAmpt,30_39,-35.0,Western Europe,F
NeuropathyScr -> LowerExtrmAmpt,40_49,-35.0,Western Europe,F
NeuropathyScr -> LowerExtrmAmpt,50_59,-35.0,Western Europe,F
NeuropathyScr -> LowerExtrmAmpt,60_69,-35.0,Western Europe,F
NeuropathyScr -> LowerExtrmAmpt,70_79,-35.0,Western Europe,F
NeuropathyScr -> LowerExtrmAmpt,80_100,-35.0,Western Europe,F
NephropathyScr -> DiabeticNephropathy,0_4,-24.0,Western Europe,F
NephropathyScr -> DiabeticNephropathy,5_9,-24.0,Western Europe,F
NephropathyScr -> DiabeticNephropathy,10_14,-24.0,Western Europe,F
NephropathyScr -> DiabeticNephropathy,15_19,-24.0,Western Europe,F
NephropathyScr -> DiabeticNephropathy,20_24,-24.0,Western Europe,F
NephropathyScr -> DiabeticNephropathy,25_29,-24.0,Western Europe,F
NephropathyScr -> DiabeticNephropathy,30_39,-24.0,Western Europe,F
NephropathyScr -> DiabeticNephropathy,40_49,-24.0,Western Europe,F
NephropathyScr -> DiabeticNephropathy,50_59,-24.0,Western Europe,F
NephropathyScr -> DiabeticNephropathy,60_69,-24.0,Western Europe,F
NephropathyScr -> DiabeticNephropathy,70_79,-24.0,Western Europe,F
NephropathyScr -> DiabeticNephropathy,80_100,-24.0,Western Europe,F
DiabeticNephropathy -> Disability,0_4,0.338,Western Europe,F
DiabeticNephropathy -> Disability,5_9,0.338,Western Europe,F
DiabeticNephropathy -> Disability,10_14,0.338,Western Europe,F
DiabeticNephropathy -> Disability,15_19,0.338,Western Europe,F
DiabeticNephropathy -> Disability,20_24,0.338,Western Europe,F
DiabeticNephropathy -> Disability,25_29,0.338,Western Europe,F
DiabeticNephropathy -> Disability,30_39,0.338,Western Europe,F
DiabeticNephropathy -> Disability,40_49,0.338,Western Europe,F
DiabeticNephropathy -> Disability,50_59,0.338,Western Europe,F
DiabeticNephropathy -> Disability,60_69,0.338,Western Europe,F
DiabeticNephropathy -> Disability,70_79,0.338,Western Europe,F
DiabeticNephropathy -> Disability,80_100,0.338,Western Europe,F
DiabeticNephropathy -> Deceased,0_4,0.0,Western Europe,F
DiabeticNephropathy -> Deceased,5_9,0.0,Western Europe,F
DiabeticNephropathy -> Deceased,10_14,0.0,Western Europe,F
DiabeticNephropathy -> Deceased,15_19,0.0,Western Europe,F
DiabeticNephropathy -> Deceased,20_24,0.0,Western Europe,F
DiabeticNephropathy -> Deceased,25_29,0.00036770769071018885,Western Europe,F
DiabeticNephropathy -> Deceased,30_39,0.0011031230721305666,Western Europe,F
DiabeticNephropathy -> Deceased,40_49,0.002941661525681511,Western Europe,F
DiabeticNephropathy -> Deceased,50_59,0.006434884587428306,Western Europe,F
DiabeticNephropathy -> Deceased,60_69,0.008824984577044533,Western Europe,F
DiabeticNephropathy -> Deceased,70_79,0.0165468460819585,Western Europe,F
DiabeticNephropathy -> Deceased,80_100,0.050008245936585684,Western Europe,F
Prevalence -> DiabeticNephropathy,0_4,0.00428,Western Europe,F
Prevalence -> DiabeticNephropathy,5_9,0.00428,Western Europe,F
Prevalence -> DiabeticNephropathy,10_14,0.00436,Western Europe,F
Prevalence -> DiabeticNephropathy,15_19,0.004560000000000001,Western Europe,F
Prevalence -> DiabeticNephropathy,20_24,0.00496,Western Europe,F
Prevalence -> DiabeticNephropathy,25_29,0.006200000000000001,Western Europe,F
Prevalence -> DiabeticNephropathy,30_39,0.011000000000000001,Western Europe,F
Prevalence -> DiabeticNephropathy,40_49,0.020680000000000004,Western Europe,F
Prevalence -> DiabeticNephropathy,50_59,0.03332,Western Europe,F
Prevalence -> DiabeticNephropathy,60_69,0.04012,Western Europe,F
Prevalence -> DiabeticNephropathy,70_79,0.04916,Western Europe,F
Prevalence -> DiabeticNephropathy,80_100,0.08984,Western Europe,F
DsFreeSus -> Disability,0_4,0.05364056989561069,Western sub-Saharan Africa,M
DsFreeSus -> Disability,5_9,0.06800936010995048,Western sub-Saharan Africa,M
DsFreeSus -> Disability,10_14,0.08237815032429027,Western sub-Saharan Africa,M
DsFreeSus -> Disability,15_19,0.09674694053863007,Western sub-Saharan Africa,M
DsFreeSus -> Disability,20_24,0.11111573075296988,Western sub-Saharan Africa,M
DsFreeSus -> Disability,25_29,0.12548452096730967,Western sub-Saharan Africa,M
DsFreeSus -> Disability,30_39,0.14703770628881935,Western sub-Saharan Africa,M
DsFreeSus -> Disability,40_49,0.17577528671749898,Western sub-Saharan Africa,M
DsFreeSus -> Disability,50_59,0.20451286714617856,Western sub-Saharan Africa,M
DsFreeSus -> Disability,60_69,0.23325044757485813,Western sub-Saharan Africa,M
DsFreeSus -> Disability,70_79,0.2619880280035377,Western sub-Saharan Africa,M
DsFreeSus -> Disability,80_100,0.29791000353938724,Western sub-Saharan Africa,M
DsFreeSus -> Diabetes,0_4,0.0,Western sub-Saharan Africa,M
DsFreeSus -> Diabetes,5_9,0.0,Western sub-Saharan Africa,M
DsFreeSus -> Diabetes,10_14,1e-09,Western sub-Saharan Africa,M
DsFreeSus -> Diabetes,15_19,0.0002,Western sub-Saharan Africa,M
DsFreeSus -> Diabetes,20_24,0.0003,Western sub-Saharan Africa,M
DsFreeSus -> Diabetes,25_29,0.0008,Western sub-Saharan Africa,M
DsFreeSus -> Diabetes,30_39,0.0015,Western sub-Saharan Africa,M
DsFreeSus -> Diabetes,40_49,0.0027,Western sub-Saharan Africa,M
DsFreeSus -> Diabetes,50_59,0.0037,Western sub-Saharan Africa,M
DsFreeSus -> Diabetes,60_69,0.0032,Western sub-Saharan Africa,M
DsFreeSus -> Diabetes,70_79,0.0066,Western sub-Saharan Africa,M
DsFreeSus -> Diabetes,80_100,0.0153,Western sub-Saharan Africa,M
Diabetes -> Disability,0_4,0.031,Western sub-Saharan Africa,M
Diabetes -> Disability,5_9,0.031,Western sub-Saharan Africa,M
Diabetes -> Disability,10_14,0.031,Western sub-Saharan Africa,M
Diabetes -> Disability,15_19,0.031,Western sub-Saharan Africa,M
Diabetes -> Disability,20_24,0.031,Western sub-Saharan Africa,M
Diabetes -> Disability,25_29,0.031,Western sub-Saharan Africa,M
Diabetes -> Disability,30_39,0.031,Western sub-Saharan Africa,M
Diabetes -> Disability,40_49,0.031,Western sub-Saharan Africa,M
Diabetes -> Disability,50_59,0.031,Western sub-Saharan Africa,M
Diabetes -> Disability,60_69,0.031,Western sub-Saharan Africa,M
Diabetes -> Disability,70_79,0.031,Western sub-Saharan Africa,M
Diabetes -> Disability,80_100,0.031,Western sub-Saharan Africa,M
Diabetes -> Deceased,0_4,0.0,Western sub-Saharan Africa,M
Diabetes -> Deceased,5_9,0.0,Western sub-Saharan Africa,M
Diabetes -> Deceased,10_14,0.0,Western sub-Saharan Africa,M
Diabetes -> Deceased,15_19,0.0,Western sub-Saharan Africa,M
Diabetes -> Deceased,20_24,0.000549729105712907,Western sub-Saharan Africa,M
Diabetes -> Deceased,25_29,0.0023821594580892636,Western sub-Saharan Africa,M
Diabetes -> Deceased,30_39,0.006047020162841978,Western sub-Saharan Africa,M
Diabetes -> Deceased,40_49,0.008917827714898269,Western sub-Saharan Africa,M
Diabetes -> Deceased,50_59,0.012032959313938075,Western sub-Saharan Africa,M
Diabetes -> Deceased,60_69,0.014048632701552068,Western sub-Saharan Africa,M
Diabetes -> Deceased,70_79,0.022783217381212702,Western sub-Saharan Africa,M
Diabetes -> Deceased,80_100,0.03774806525895295,Western sub-Saharan Africa,M
Diabetes -> DiabeticRetinopathy,0_4,0.0,Western sub-Saharan Africa,M
Diabetes -> DiabeticRetinopathy,5_9,0.0,Western sub-Saharan Africa,M
Diabetes -> DiabeticRetinopathy,10_14,0.0,Western sub-Saharan Africa,M
Diabetes -> DiabeticRetinopathy,15_19,0.0,Western sub-Saharan Africa,M
Diabetes -> DiabeticRetinopathy,20_24,0.00044519441352816575,Western sub-Saharan Africa,M
Diabetes -> DiabeticRetinopathy,25_29,0.0002709113855465472,Western sub-Saharan Africa,M
Diabetes -> DiabeticRetinopathy,30_39,0.0005092558564423491,Western sub-Saharan Africa,M
Diabetes -> DiabeticRetinopathy,40_49,0.0012212813185468719,Western sub-Saharan Africa,M
Diabetes -> DiabeticRetinopathy,50_59,0.0019481641907899418,Western sub-Saharan Africa,M
Diabetes -> DiabeticRetinopathy,60_69,0.0032733734451476136,Western sub-Saharan Africa,M
Diabetes -> DiabeticRetinopathy,70_79,0.003846877098723976,Western sub-Saharan Africa,M
Diabetes -> DiabeticRetinopathy,80_100,0.004110977624267908,Western sub-Saharan Africa,M
Diabetes -> LowerExtrmAmpt,0_4,0.0,Western sub-Saharan Africa,M
Diabetes -> LowerExtrmAmpt,5_9,0.0,Western sub-Saharan Africa,M
Diabetes -> LowerExtrmAmpt,10_14,5.874481903332137e-05,Western sub-Saharan Africa,M
Diabetes -> LowerExtrmAmpt,15_19,0.001125278682298663,Western sub-Saharan Africa,M
Diabetes -> LowerExtrmAmpt,20_24,0.0033030553261767133,Western sub-Saharan Africa,M
Diabetes -> LowerExtrmAmpt,25_29,0.0053719745475449485,Western sub-Saharan Africa,M
Diabetes -> LowerExtrmAmpt,30_39,0.0050033075380366875,Western sub-Saharan Africa,M
Diabetes -> LowerExtrmAmpt,40_49,0.0013021174702217094,Western sub-Saharan Africa,M
Diabetes -> LowerExtrmAmpt,50_59,0.0011916745467671253,Western sub-Saharan Africa,M
Diabetes -> LowerExtrmAmpt,60_69,0.005707620205547069,Western sub-Saharan Africa,M
Diabetes -> LowerExtrmAmpt,70_79,0.013711215580926797,Western sub-Saharan Africa,M
Diabetes -> LowerExtrmAmpt,80_100,0.018696500976122542,Western sub-Saharan Africa,M
Diabetes -> DiabeticNephropathy,0_4,0.0,Western sub-Saharan Africa,M
Diabetes -> DiabeticNephropathy,5_9,0.0,Western sub-Saharan Africa,M
Diabetes -> DiabeticNephropathy,10_14,0.014,Western sub-Saharan Africa,M
Diabetes -> DiabeticNephropathy,15_19,0.014,Western sub-Saharan Africa,M
Diabetes -> DiabeticNephropathy,20_24,0.014,Western sub-Saharan Africa,M
Diabetes -> DiabeticNephropathy,25_29,0.014,Western sub-Saharan Africa,M
Diabetes -> DiabeticNephropathy,30_39,0.014,Western sub-Saharan Africa,M
Diabetes -> DiabeticNephropathy,40_49,0.014,Western sub-Saharan Africa,M
Diabetes -> DiabeticNephropathy,50_59,0.014,Western sub-Saharan Africa,M
Diabetes -> DiabeticNephropathy,60_69,0.014,Western sub-Saharan Africa,M
Diabetes -> DiabeticNephropathy,70_79,0.014,Western sub-Saharan Africa,M
Diabetes -> DiabeticNephropathy,80_100,0.014,Western sub-Saharan Africa,M
Prevalence -> Diabetes,0_4,0.0,Western sub-Saharan Africa,M
Prevalence -> Diabetes,5_9,0.0,Western sub-Saharan Africa,M
Prevalence -> Diabetes,10_14,0.004985900000000001,Western sub-Saharan Africa,M
Prevalence -> Diabetes,15_19,0.005395700000000001,Western sub-Saharan Africa,M
Prevalence -> Diabetes,20_24,0.006215300000000001,Western sub-Saharan Africa,M
Prevalence -> Diabetes,25_29,0.0079228,Western sub-Saharan Africa,M
Prevalence -> Diabetes,30_39,0.013181900000000002,Western sub-Saharan Africa,M
Prevalence -> Diabetes,40_49,0.024383100000000005,Western sub-Saharan Africa,M
Prevalence -> Diabetes,50_59,0.0405702,Western sub-Saharan Africa,M
Prevalence -> Diabetes,60_69,0.05334230000000001,Western sub-Saharan Africa,M
Prevalence -> Diabetes,70_79,0.06263110000000001,Western sub-Saharan Africa,M
Prevalence -> Diabetes,80_100,0.09787390000000001,Western sub-Saharan Africa,M
DiabeticRetinopathy -> Disability,0_4,0.338,Western sub-Saharan Africa,M
DiabeticRetinopathy -> Disability,5_9,0.338,Western sub-Saharan Africa,M
DiabeticRetinopathy -> Disability,10_14,0.338,Western sub-Saharan Africa,M
DiabeticRetinopathy -> Disability,15_19,0.338,Western sub-Saharan Africa,M
DiabeticRetinopathy -> Disability,20_24,0.338,Western sub-Saharan Africa,M
DiabeticRetinopathy -> Disability,25_29,0.338,Western sub-Saharan Africa,M
DiabeticRetinopathy -> Disability,30_39,0.338,Western sub-Saharan Africa,M
DiabeticRetinopathy -> Disability,40_49,0.338,Western sub-Saharan Africa,M
DiabeticRetinopathy -> Disability,50_59,0.338,Western sub-Saharan Africa,M
DiabeticRetinopathy -> Disability,60_69,0.338,Western sub-Saharan Africa,M
DiabeticRetinopathy -> Disability,70_79,0.338,Western sub-Saharan Africa,M
DiabeticRetinopathy -> Disability,80_100,0.338,Western sub-Saharan Africa,M
DiabeticRetinopathy -> Deceased,0_4,0.0,Western sub-Saharan Africa,M
DiabeticRetinopathy -> Deceased,5_9,0.0,Western sub-Saharan Africa,M
DiabeticRetinopathy -> Deceased,10_14,0.0,Western sub-Saharan Africa,M
DiabeticRetinopathy -> Deceased,15_19,0.0,Western sub-Saharan Africa,M
DiabeticRetinopathy -> Deceased,20_24,0.0011,Western sub-Saharan Africa,M
DiabeticRetinopathy -> Deceased,25_29,0.0063,Western sub-Saharan Africa,M
DiabeticRetinopathy -> Deceased,30_39,0.02,Western sub-Saharan Africa,M
DiabeticRetinopathy -> Deceased,40_49,0.0293,Western sub-Saharan Africa,M
DiabeticRetinopathy -> Deceased,50_59,0.0398,Western sub-Saharan Africa,M
DiabeticRetinopathy -> Deceased,60_69,0.0471,Western sub-Saharan Africa,M
DiabeticRetinopathy -> Deceased,70_79,0.0738,Western sub-Saharan Africa,M
DiabeticRetinopathy -> Deceased,80_100,0.1224,Western sub-Saharan Africa,M
Prevalence -> DiabeticRetinopathy,0_4,0.0,Western sub-Saharan Africa,M
Prevalence -> DiabeticRetinopathy,5_9,0.0,Western sub-Saharan Africa,M
Prevalence -> DiabeticRetinopathy,10_14,0.0,Western sub-Saharan Africa,M
Prevalence -> DiabeticRetinopathy,15_19,0.0,Western sub-Saharan Africa,M
Prevalence -> DiabeticRetinopathy,20_24,0.0002,Western sub-Saharan Africa,M
Prevalence -> DiabeticRetinopathy,25_29,0.0002,Western sub-Saharan Africa,M
Prevalence -> DiabeticRetinopathy,30_39,0.0002,Western sub-Saharan Africa,M
Prevalence -> DiabeticRetinopathy,40_49,0.0004,Western sub-Saharan Africa,M
Prevalence -> DiabeticRetinopathy,50_59,0.0009,Western sub-Saharan Africa,M
Prevalence -> DiabeticRetinopathy,60_69,0.0021,Western sub-Saharan Africa,M
Prevalence -> DiabeticRetinopathy,70_79,0.0034,Western sub-Saharan Africa,M
Prevalence -> DiabeticRetinopathy,80_100,0.0043,Western sub-Saharan Africa,M
LowerExtrmAmpt -> Disability,0_4,0.164,Western sub-Saharan Africa,M
LowerExtrmAmpt -> Disability,5_9,0.164,Western sub-Saharan Africa,M
LowerExtrmAmpt -> Disability,10_14,0.164,Western sub-Saharan Africa,M
LowerExtrmAmpt -> Disability,15_19,0.164,Western sub-Saharan Africa,M
LowerExtrmAmpt -> Disability,20_24,0.164,Western sub-Saharan Africa,M
LowerExtrmAmpt -> Disability,25_29,0.164,Western sub-Saharan Africa,M
LowerExtrmAmpt -> Disability,30_39,0.164,Western sub-Saharan Africa,M
LowerExtrmAmpt -> Disability,40_49,0.164,Western sub-Saharan Africa,M
LowerExtrmAmpt -> Disability,50_59,0.164,Western sub-Saharan Africa,M
LowerExtrmAmpt -> Disability,60_69,0.164,Western sub-Saharan Africa,M
LowerExtrmAmpt -> Disability,70_79,0.164,Western sub-Saharan Africa,M
LowerExtrmAmpt -> Disability,80_100,0.164,Western sub-Saharan Africa,M
LowerExtrmAmpt -> Deceased,0_4,0.0,Western sub-Saharan Africa,M
LowerExtrmAmpt -> Deceased,5_9,0.0,Western sub-Saharan Africa,M
LowerExtrmAmpt -> Deceased,10_14,0.0,Western sub-Saharan Africa,M
LowerExtrmAmpt -> Deceased,15_19,0.0,Western sub-Saharan Africa,M
LowerExtrmAmpt -> Deceased,20_24,0.0012,Western sub-Saharan Africa,M
LowerExtrmAmpt -> Deceased,25_29,0.0062,Western sub-Saharan Africa,M
LowerExtrmAmpt -> Deceased,30_39,0.0197,Western sub-Saharan Africa,M
LowerExtrmAmpt -> Deceased,40_49,0.0289,Western sub-Saharan Africa,M
LowerExtrmAmpt -> Deceased,50_59,0.0395,Western sub-Saharan Africa,M
LowerExtrmAmpt -> Deceased,60_69,0.0479,Western sub-Saharan Africa,M
LowerExtrmAmpt -> Deceased,70_79,0.0752,Western sub-Saharan Africa,M
LowerExtrmAmpt -> Deceased,80_100,0.1239,Western sub-Saharan Africa,M
Prevalence -> LowerExtrmAmpt,0_4,0.0,Western sub-Saharan Africa,M
Prevalence -> LowerExtrmAmpt,5_9,0.0,Western sub-Saharan Africa,M
Prevalence -> LowerExtrmAmpt,10_14,0.0,Western sub-Saharan Africa,M
Prevalence -> LowerExtrmAmpt,15_19,0.0,Western sub-Saharan Africa,M
Prevalence -> LowerExtrmAmpt,20_24,0.0001,Western sub-Saharan Africa,M
Prevalence -> LowerExtrmAmpt,25_29,0.0003,Western sub-Saharan Africa,M
Prevalence -> LowerExtrmAmpt,30_39,0.0009,Western sub-Saharan Africa,M
Prevalence -> LowerExtrmAmpt,40_49,0.0014,Western sub-Saharan Africa,M
Prevalence -> LowerExtrmAmpt,50_59,0.0013,Western sub-Saharan Africa,M
Prevalence -> LowerExtrmAmpt,60_69,0.0028,Western sub-Saharan Africa,M
Prevalence -> LowerExtrmAmpt,70_79,0.0074,Western sub-Saharan Africa,M
Prevalence -> LowerExtrmAmpt,80_100,0.0158,Western sub-Saharan Africa,M
Disability -> Disability,0_4,0.0,Western sub-Saharan Africa,M
Disability -> Disability,5_9,0.0,Western sub-Saharan Africa,M
Disability -> Disability,10_14,0.0,Western sub-Saharan Africa,M
Disability -> Disability,15_19,0.0,Western sub-Saharan Africa,M
Disability -> Disability,20_24,0.0,Western sub-Saharan Africa,M
Disability -> Disability,25_29,0.0,Western sub-Saharan Africa,M
Disability -> Disability,30_39,0.0,Western sub-Saharan Africa,M
Disability -> Disability,40_49,0.0,Western sub-Saharan Africa,M
Disability -> Disability,50_59,0.0,Western sub-Saharan Africa,M
Disability -> Disability,60_69,0.0,Western sub-Saharan Africa,M
Disability -> Disability,70_79,0.0,Western sub-Saharan Africa,M
Disability -> Disability,80_100,0.0,Western sub-Saharan Africa,M
StdGlycControl -> DiabeticRetinopathy,0_4,-75.0,Western sub-Saharan Africa,M
StdGlycControl -> DiabeticRetinopathy,5_9,-75.0,Western sub-Saharan Africa,M
StdGlycControl -> DiabeticRetinopathy,10_14,-75.0,Western sub-Saharan Africa,M
StdGlycControl -> DiabeticRetinopathy,15_19,-75.0,Western sub-Saharan Africa,M
StdGlycControl -> DiabeticRetinopathy,20_24,-75.0,Western sub-Saharan Africa,M
StdGlycControl -> DiabeticRetinopathy,25_29,-75.0,Western sub-Saharan Africa,M
StdGlycControl -> DiabeticRetinopathy,30_39,-75.0,Western sub-Saharan Africa,M
StdGlycControl -> DiabeticRetinopathy,40_49,-75.0,Western sub-Saharan Africa,M
StdGlycControl -> DiabeticRetinopathy,50_59,-75.0,Western sub-Saharan Africa,M
StdGlycControl -> DiabeticRetinopathy,60_69,-75.0,Western sub-Saharan Africa,M
StdGlycControl -> DiabeticRetinopathy,70_79,-75.0,Western sub-Saharan Africa,M
StdGlycControl -> DiabeticRetinopathy,80_100,-75.0,Western sub-Saharan Africa,M
StdGlycControl -> LowerExtrmAmpt,0_4,-28.6,Western sub-Saharan Africa,M
StdGlycControl -> LowerExtrmAmpt,5_9,-28.6,Western sub-Saharan Africa,M
StdGlycControl -> LowerExtrmAmpt,10_14,-28.6,Western sub-Saharan Africa,M
StdGlycControl -> LowerExtrmAmpt,15_19,-28.6,Western sub-Saharan Africa,M
StdGlycControl -> LowerExtrmAmpt,20_24,-28.6,Western sub-Saharan Africa,M
StdGlycControl -> LowerExtrmAmpt,25_29,-28.6,Western sub-Saharan Africa,M
StdGlycControl -> LowerExtrmAmpt,30_39,-28.6,Western sub-Saharan Africa,M
StdGlycControl -> LowerExtrmAmpt,40_49,-28.6,Western sub-Saharan Africa,M
StdGlycControl -> LowerExtrmAmpt,50_59,-28.6,Western sub-Saharan Africa,M
StdGlycControl -> LowerExtrmAmpt,60_69,-28.6,Western sub-Saharan Africa,M
StdGlycControl -> LowerExtrmAmpt,70_79,-28.6,Western sub-Saharan Africa,M
StdGlycControl -> LowerExtrmAmpt,80_100,-28.6,Western sub-Saharan Africa,M
StdGlycControl -> DiabeticNephropathy,0_4,-39.0,Western sub-Saharan Africa,M
StdGlycControl -> DiabeticNephropathy,5_9,-39.0,Western sub-Saharan Africa,M
StdGlycControl -> DiabeticNephropathy,10_14,-39.0,Western sub-Saharan Africa,M
StdGlycControl -> DiabeticNephropathy,15_19,-39.0,Western sub-Saharan Africa,M
StdGlycControl -> DiabeticNephropathy,20_24,-39.0,Western sub-Saharan Africa,M
StdGlycControl -> DiabeticNephropathy,25_29,-39.0,Western sub-Saharan Africa,M
StdGlycControl -> DiabeticNephropathy,30_39,-39.0,Western sub-Saharan Africa,M
StdGlycControl -> DiabeticNephropathy,40_49,-39.0,Western sub-Saharan Africa,M
StdGlycControl -> DiabeticNephropathy,50_59,-39.0,Western sub-Saharan Africa,M
StdGlycControl -> DiabeticNephropathy,60_69,-39.0,Western sub-Saharan Africa,M
StdGlycControl -> DiabeticNephropathy,70_79,-39.0,Western sub-Saharan Africa,M
StdGlycControl -> DiabeticNephropathy,80_100,-39.0,Western sub-Saharan Africa,M
IntsvGlycControl -> DiabeticRetinopathy,0_4,-65.0,Western sub-Saharan Africa,M
IntsvGlycControl -> DiabeticRetinopathy,5_9,-65.0,Western sub-Saharan Africa,M
IntsvGlycControl -> DiabeticRetinopathy,10_14,-65.0,Western sub-Saharan Africa,M
IntsvGlycControl -> DiabeticRetinopathy,15_19,-65.0,Western sub-Saharan Africa,M
IntsvGlycControl -> DiabeticRetinopathy,20_24,-65.0,Western sub-Saharan Africa,M
IntsvGlycControl -> DiabeticRetinopathy,25_29,-65.0,Western sub-Saharan Africa,M
IntsvGlycControl -> DiabeticRetinopathy,30_39,-65.0,Western sub-Saharan Africa,M
IntsvGlycControl -> DiabeticRetinopathy,40_49,-65.0,Western sub-Saharan Africa,M
IntsvGlycControl -> DiabeticRetinopathy,50_59,-65.0,Western sub-Saharan Africa,M
IntsvGlycControl -> DiabeticRetinopathy,60_69,-65.0,Western sub-Saharan Africa,M
IntsvGlycControl -> DiabeticRetinopathy,70_79,-65.0,Western sub-Saharan Africa,M
IntsvGlycControl -> DiabeticRetinopathy,80_100,-65.0,Western sub-Saharan Africa,M
IntsvGlycControl -> LowerExtrmAmpt,0_4,-15.1,Western sub-Saharan Africa,M
IntsvGlycControl -> LowerExtrmAmpt,5_9,-15.1,Western sub-Saharan Africa,M
IntsvGlycControl -> LowerExtrmAmpt,10_14,-15.1,Western sub-Saharan Africa,M
IntsvGlycControl -> LowerExtrmAmpt,15_19,-15.1,Western sub-Saharan Africa,M
IntsvGlycControl -> LowerExtrmAmpt,20_24,-15.1,Western sub-Saharan Africa,M
IntsvGlycControl -> LowerExtrmAmpt,25_29,-15.1,Western sub-Saharan Africa,M
IntsvGlycControl -> LowerExtrmAmpt,30_39,-15.1,Western sub-Saharan Africa,M
IntsvGlycControl -> LowerExtrmAmpt,40_49,-15.1,Western sub-Saharan Africa,M
IntsvGlycControl -> LowerExtrmAmpt,50_59,-15.1,Western sub-Saharan Africa,M
IntsvGlycControl -> LowerExtrmAmpt,60_69,-15.1,Western sub-Saharan Africa,M
IntsvGlycControl -> LowerExtrmAmpt,70_79,-15.1,Western sub-Saharan Africa,M
IntsvGlycControl -> LowerExtrmAmpt,80_100,-15.1,Western sub-Saharan Africa,M
IntsvGlycControl -> DiabeticNephropathy,0_4,-39.0,Western sub-Saharan Africa,M
IntsvGlycControl -> DiabeticNephropathy,5_9,-39.0,Western sub-Saharan Africa,M
IntsvGlycControl -> DiabeticNephropathy,10_14,-39.0,Western sub-Saharan Africa,M
IntsvGlycControl -> DiabeticNephropathy,15_19,-39.0,Western sub-Saharan Africa,M
IntsvGlycControl -> DiabeticNephropathy,20_24,-39.0,Western sub-Saharan Africa,M
IntsvGlycControl -> DiabeticNephropathy,25_29,-39.0,Western sub-Saharan Africa,M
IntsvGlycControl -> DiabeticNephropathy,30_39,-39.0,Western sub-Saharan Africa,M
IntsvGlycControl -> DiabeticNephropathy,40_49,-39.0,Western sub-Saharan Africa,M
IntsvGlycControl -> DiabeticNephropathy,50_59,-39.0,Western sub-Saharan Africa,M
IntsvGlycControl -> DiabeticNephropathy,60_69,-39.0,Western sub-Saharan Africa,M
IntsvGlycControl -> DiabeticNephropathy,70_79,-39.0,Western sub-Saharan Africa,M
IntsvGlycControl -> DiabeticNephropathy,80_100,-39.0,Western sub-Saharan Africa,M
RetinopathyScrn -> DiabeticRetinopathy,0_4,-20.0,Western sub-Saharan Africa,M
RetinopathyScrn -> DiabeticRetinopathy,5_9,-20.0,Western sub-Saharan Africa,M
RetinopathyScrn -> DiabeticRetinopathy,10_14,-20.0,Western sub-Saharan Africa,M
RetinopathyScrn -> DiabeticRetinopathy,15_19,-20.0,Western sub-Saharan Africa,M
RetinopathyScrn -> DiabeticRetinopathy,20_24,-20.0,Western sub-Saharan Africa,M
RetinopathyScrn -> DiabeticRetinopathy,25_29,-20.0,Western sub-Saharan Africa,M
RetinopathyScrn -> DiabeticRetinopathy,30_39,-20.0,Western sub-Saharan Africa,M
RetinopathyScrn -> DiabeticRetinopathy,40_49,-20.0,Western sub-Saharan Africa,M
RetinopathyScrn -> DiabeticRetinopathy,50_59,-20.0,Western sub-Saharan Africa,M
RetinopathyScrn -> DiabeticRetinopathy,60_69,-20.0,Western sub-Saharan Africa,M
RetinopathyScrn -> DiabeticRetinopathy,70_79,-20.0,Western sub-Saharan Africa,M
RetinopathyScrn -> DiabeticRetinopathy,80_100,-20.0,Western sub-Saharan Africa,M
NeuropathyScr -> LowerExtrmAmpt,0_4,-35.0,Western sub-Saharan Africa,M
NeuropathyScr -> LowerExtrmAmpt,5_9,-35.0,Western sub-Saharan Africa,M
NeuropathyScr -> LowerExtrmAmpt,10_14,-35.0,Western sub-Saharan Africa,M
NeuropathyScr -> LowerExtrmAmpt,15_19,-35.0,Western sub-Saharan Africa,M
NeuropathyScr -> LowerExtrmAmpt,20_24,-35.0,Western sub-Saharan Africa,M
NeuropathyScr -> LowerExtrmAmpt,25_29,-35.0,Western sub-Saharan Africa,M
NeuropathyScr -> LowerExtrmAmpt,30_39,-35.0,Western sub-Saharan Africa,M
NeuropathyScr -> LowerExtrmAmpt,40_49,-35.0,Western sub-Saharan Africa,M
NeuropathyScr -> LowerExtrmAmpt,50_59,-35.0,Western sub-Saharan Africa,M
NeuropathyScr -> LowerExtrmAmpt,60_69,-35.0,Western sub-Saharan Africa,M
NeuropathyScr -> LowerExtrmAmpt,70_79,-35.0,Western sub-Saharan Africa,M
NeuropathyScr -> LowerExtrmAmpt,80_100,-35.0,Western sub-Saharan Africa,M
NephropathyScr -> DiabeticNephropathy,0_4,-24.0,Western sub-Saharan Africa,M
NephropathyScr -> DiabeticNephropathy,5_9,-24.0,Western sub-Saharan Africa,M
NephropathyScr -> DiabeticNephropathy,10_14,-24.0,Western sub-Saharan Africa,M
NephropathyScr -> DiabeticNephropathy,15_19,-24.0,Western sub-Saharan Africa,M
NephropathyScr -> DiabeticNephropathy,20_24,-24.0,Western sub-Saharan Africa,M
NephropathyScr -> DiabeticNephropathy,25_29,-24.0,Western sub-Saharan Africa,M
NephropathyScr -> DiabeticNephropathy,30_39,-24.0,Western sub-Saharan Africa,M
NephropathyScr -> DiabeticNephropathy,40_49,-24.0,Western sub-Saharan Africa,M
NephropathyScr -> DiabeticNephropathy,50_59,-24.0,Western sub-Saharan Africa,M
NephropathyScr -> DiabeticNephropathy,60_69,-24.0,Western sub-Saharan Africa,M
NephropathyScr -> DiabeticNephropathy,70_79,-24.0,Western sub-Saharan Africa,M
NephropathyScr -> DiabeticNephropathy,80_100,-24.0,Western sub-Saharan Africa,M
DiabeticNephropathy -> Disability,0_4,0.338,Western sub-Saharan Africa,M
DiabeticNephropathy -> Disability,5_9,0.338,Western sub-Saharan Africa,M
DiabeticNephropathy -> Disability,10_14,0.338,Western sub-Saharan Africa,M
DiabeticNephropathy -> Disability,15_19,0.338,Western sub-Saharan Africa,M
DiabeticNephropathy -> Disability,20_24,0.338,Western sub-Saharan Africa,M
DiabeticNephropathy -> Disability,25_29,0.338,Western sub-Saharan Africa,M
DiabeticNephropathy -> Disability,30_39,0.338,Western sub-Saharan Africa,M
DiabeticNephropathy -> Disability,40_49,0.338,Western sub-Saharan Africa,M
DiabeticNephropathy -> Disability,50_59,0.338,Western sub-Saharan Africa,M
DiabeticNephropathy -> Disability,60_69,0.338,Western sub-Saharan Africa,M
DiabeticNephropathy -> Disability,70_79,0.338,Western sub-Saharan Africa,M
DiabeticNephropathy -> Disability,80_100,0.338,Western sub-Saharan Africa,M
DiabeticNephropathy -> Deceased,0_4,0.0,Western sub-Saharan Africa,M
DiabeticNephropathy -> Deceased,5_9,0.0,Western sub-Saharan Africa,M
DiabeticNephropathy -> Deceased,10_14,0.0,Western sub-Saharan Africa,M
DiabeticNephropathy -> Deceased,15_19,0.0,Western sub-Saharan Africa,M
DiabeticNephropathy -> Deceased,20_24,0.0016546846081958498,Western sub-Saharan Africa,M
DiabeticNephropathy -> Deceased,25_29,0.0071702999688486825,Western sub-Saharan Africa,M
DiabeticNephropathy -> Deceased,30_39,0.01820153069015435,Western sub-Saharan Africa,M
DiabeticNephropathy -> Deceased,40_49,0.026842661421843786,Western sub-Saharan Africa,M
DiabeticNephropathy -> Deceased,50_59,0.0362192075349536,Western sub-Saharan Africa,M
DiabeticNephropathy -> Deceased,60_69,0.04228638443167172,Western sub-Saharan Africa,M
DiabeticNephropathy -> Deceased,70_79,0.06857748431745023,Western sub-Saharan Africa,M
DiabeticNephropathy -> Deceased,80_100,0.11362167642944836,Western sub-Saharan Africa,M
Prevalence -> DiabeticNephropathy,0_4,0.00428,Western sub-Saharan Africa,M
Prevalence -> DiabeticNephropathy,5_9,0.00428,Western sub-Saharan Africa,M
Prevalence -> DiabeticNephropathy,10_14,0.00436,Western sub-Saharan Africa,M
Prevalence -> DiabeticNephropathy,15_19,0.004560000000000001,Western sub-Saharan Africa,M
Prevalence -> DiabeticNephropathy,20_24,0.00496,Western sub-Saharan Africa,M
Prevalence -> DiabeticNephropathy,25_29,0.006200000000000001,Western sub-Saharan Africa,M
Prevalence -> DiabeticNephropathy,30_39,0.011000000000000001,Western sub-Saharan Africa,M
Prevalence -> DiabeticNephropathy,40_49,0.020680000000000004,Western sub-Saharan Africa,M
Prevalence -> DiabeticNephropathy,50_59,0.03332,Western sub-Saharan Africa,M
Prevalence -> DiabeticNephropathy,60_69,0.04012,Western sub-Saharan Africa,M
Prevalence -> DiabeticNephropathy,70_79,0.04916,Western sub-Saharan Africa,M
Prevalence -> DiabeticNephropathy,80_100,0.08984,Western sub-Saharan Africa,M
DsFreeSus -> Disability,0_4,0.05743764319448242,Western sub-Saharan Africa,F
DsFreeSus -> Disability,5_9,0.07197800644154165,Western sub-Saharan Africa,F
DsFreeSus -> Disability,10_14,0.08651836968860088,Western sub-Saharan Africa,F
DsFreeSus -> Disability,15_19,0.1010587329356601,Western sub-Saharan Africa,F
DsFreeSus -> Disability,20_24,0.11559909618271932,Western sub-Saharan Africa,F
DsFreeSus -> Disability,25_29,0.13013945942977856,Western sub-Saharan Africa,F
DsFreeSus -> Disability,30_39,0.1519500043003674,Western sub-Saharan Africa,F
DsFreeSus -> Disability,40_49,0.18103073079448584,Western sub-Saharan Africa,F
DsFreeSus -> Disability,50_59,0.2101114572886043,Western sub-Saharan Africa,F
DsFreeSus -> Disability,60_69,0.23919218378272275,Western sub-Saharan Africa,F
DsFreeSus -> Disability,70_79,0.2682729102768412,Western sub-Saharan Africa,F
DsFreeSus -> Disability,80_100,0.30462381839448927,Western sub-Saharan Africa,F
DsFreeSus -> Diabetes,0_4,0.0,Western sub-Saharan Africa,F
DsFreeSus -> Diabetes,5_9,0.0,Western sub-Saharan Africa,F
DsFreeSus -> Diabetes,10_14,1e-09,Western sub-Saharan Africa,F
DsFreeSus -> Diabetes,15_19,0.0002,Western sub-Saharan Africa,F
DsFreeSus -> Diabetes,20_24,0.0003,Western sub-Saharan Africa,F
DsFreeSus -> Diabetes,25_29,0.0007,Western sub-Saharan Africa,F
DsFreeSus -> Diabetes,30_39,0.0014,Western sub-Saharan Africa,F
DsFreeSus -> Diabetes,40_49,0.0025,Western sub-Saharan Africa,F
DsFreeSus -> Diabetes,50_59,0.0034,Western sub-Saharan Africa,F
DsFreeSus -> Diabetes,60_69,0.0029,Western sub-Saharan Africa,F
DsFreeSus -> Diabetes,70_79,0.006,Western sub-Saharan Africa,F
DsFreeSus -> Diabetes,80_100,0.0155,Western sub-Saharan Africa,F
Diabetes -> Disability,0_4,0.031,Western sub-Saharan Africa,F
Diabetes -> Disability,5_9,0.031,Western sub-Saharan Africa,F
Diabetes -> Disability,10_14,0.031,Western sub-Saharan Africa,F
Diabetes -> Disability,15_19,0.031,Western sub-Saharan Africa,F
Diabetes -> Disability,20_24,0.031,Western sub-Saharan Africa,F
Diabetes -> Disability,25_29,0.031,Western sub-Saharan Africa,F
Diabetes -> Disability,30_39,0.031,Western sub-Saharan Africa,F
Diabetes -> Disability,40_49,0.031,Western sub-Saharan Africa,F
Diabetes -> Disability,50_59,0.031,Western sub-Saharan Africa,F
Diabetes -> Disability,60_69,0.031,Western sub-Saharan Africa,F
Diabetes -> Disability,70_79,0.031,Western sub-Saharan Africa,F
Diabetes -> Disability,80_100,0.031,Western sub-Saharan Africa,F
Diabetes -> Deceased,0_4,0.0,Western sub-Saharan Africa,F
Diabetes -> Deceased,5_9,0.0,Western sub-Saharan Africa,F
Diabetes -> Deceased,10_14,0.0,Western sub-Saharan Africa,F
Diabetes -> Deceased,15_19,0.0,Western sub-Saharan Africa,F
Diabetes -> Deceased,20_24,0.0004886480939670284,Western sub-Saharan Africa,F
Diabetes -> Deceased,25_29,0.0022599974345975066,Western sub-Saharan Africa,F
Diabetes -> Deceased,30_39,0.0061691821863337345,Western sub-Saharan Africa,F
Diabetes -> Deceased,40_49,0.008184855573947727,Western sub-Saharan Africa,F
Diabetes -> Deceased,50_59,0.010322690985053475,Western sub-Saharan Africa,F
Diabetes -> Deceased,60_69,0.012399445384413347,Western sub-Saharan Africa,F
Diabetes -> Deceased,70_79,0.020950787028836345,Western sub-Saharan Africa,F
Diabetes -> Deceased,80_100,0.03951941459958342,Western sub-Saharan Africa,F
Diabetes -> DiabeticRetinopathy,0_4,0.0,Western sub-Saharan Africa,F
Diabetes -> DiabeticRetinopathy,5_9,0.0,Western sub-Saharan Africa,F
Diabetes -> DiabeticRetinopathy,10_14,0.0027328147992432207,Western sub-Saharan Africa,F
Diabetes -> DiabeticRetinopathy,15_19,0.0006666944456019001,Western sub-Saharan Africa,F
Diabetes -> DiabeticRetinopathy,20_24,0.0003114338698489546,Western sub-Saharan Africa,F
Diabetes -> DiabeticRetinopathy,25_29,0.0004868581203329057,Western sub-Saharan Africa,F
Diabetes -> DiabeticRetinopathy,30_39,0.001786041024324568,Western sub-Saharan Africa,F
Diabetes -> DiabeticRetinopathy,40_49,0.002189136785142595,Western sub-Saharan Africa,F
Diabetes -> DiabeticRetinopathy,50_59,0.003532043483379773,Western sub-Saharan Africa,F
Diabetes -> DiabeticRetinopathy,60_69,0.005626708915107249,Western sub-Saharan Africa,F
Diabetes -> DiabeticRetinopathy,70_79,0.006507364350337781,Western sub-Saharan Africa,F
Diabetes -> DiabeticRetinopathy,80_100,0.00771193320190189,Western sub-Saharan Africa,F
Diabetes -> LowerExtrmAmpt,0_4,0.0,Western sub-Saharan Africa,F
Diabetes -> LowerExtrmAmpt,5_9,0.0,Western sub-Saharan Africa,F
Diabetes -> LowerExtrmAmpt,10_14,5.733177900510253e-05,Western sub-Saharan Africa,F
Diabetes -> LowerExtrmAmpt,15_19,0.001048654805061322,Western sub-Saharan Africa,F
Diabetes -> LowerExtrmAmpt,20_24,0.001981851899038802,Western sub-Saharan Africa,F
Diabetes -> LowerExtrmAmpt,25_29,0.002467186420605941,Western sub-Saharan Africa,F
Diabetes -> LowerExtrmAmpt,30_39,0.003165170561455924,Western sub-Saharan Africa,F
Diabetes -> LowerExtrmAmpt,40_49,0.0007459280897522916,Western sub-Saharan Africa,F
Diabetes -> LowerExtrmAmpt,50_59,0.0005762807788672261,Western sub-Saharan Africa,F
Diabetes -> LowerExtrmAmpt,60_69,0.0036080235211999627,Western sub-Saharan Africa,F
Diabetes -> LowerExtrmAmpt,70_79,0.008292950753145067,Western sub-Saharan Africa,F
Diabetes -> LowerExtrmAmpt,80_100,0.012379682245158298,Western sub-Saharan Africa,F
Diabetes -> DiabeticNephropathy,0_4,0.0,Western sub-Saharan Africa,F
Diabetes -> DiabeticNephropathy,5_9,0.0,Western sub-Saharan Africa,F
Diabetes -> DiabeticNephropathy,10_14,0.014,Western sub-Saharan Africa,F
Diabetes -> DiabeticNephropathy,15_19,0.014,Western sub-Saharan Africa,F
Diabetes -> DiabeticNephropathy,20_24,0.014,Western sub-Saharan Africa,F
Diabetes -> DiabeticNephropathy,25_29,0.014,Western sub-Saharan Africa,F
Diabetes -> DiabeticNephropathy,30_39,0.014,Western sub-Saharan Africa,F
Diabetes -> DiabeticNephropathy,40_49,0.014,Western sub-Saharan Africa,F
Diabetes -> DiabeticNephropathy,50_59,0.014,Western sub-Saharan Africa,F
Diabetes -> DiabeticNephropathy,60_69,0.014,Western sub-Saharan Africa,F
Diabetes -> DiabeticNephropathy,70_79,0.014,Western sub-Saharan Africa,F
Diabetes -> DiabeticNephropathy,80_100,0.014,Western sub-Saharan Africa,F
Prevalence -> Diabetes,0_4,0.0051225,Western sub-Saharan Africa,F
Prevalence -> Diabetes,5_9,0.005190800000000001,Western sub-Saharan Africa,F
Prevalence -> Diabetes,10_14,0.005259100000000001,Western sub-Saharan Africa,F
Prevalence -> Diabetes,15_19,0.0056689,Western sub-Saharan Africa,F
Prevalence -> Diabetes,20_24,0.006420200000000001,Western sub-Saharan Africa,F
Prevalence -> Diabetes,25_29,0.007991100000000001,Western sub-Saharan Africa,F
Prevalence -> Diabetes,30_39,0.012772100000000002,Western sub-Saharan Africa,F
Prevalence -> Diabetes,40_49,0.022948800000000002,Western sub-Saharan Africa,F
Prevalence -> Diabetes,50_59,0.038521200000000005,Western sub-Saharan Africa,F
Prevalence -> Diabetes,60_69,0.051020100000000006,Western sub-Saharan Africa,F
Prevalence -> Diabetes,70_79,0.05969420000000001,Western sub-Saharan Africa,F
Prevalence -> Diabetes,80_100,0.09527850000000002,Western sub-Saharan Africa,F
DiabeticRetinopathy -> Disability,0_4,0.338,Western sub-Saharan Africa,F
DiabeticRetinopathy -> Disability,5_9,0.338,Western sub-Saharan Africa,F
DiabeticRetinopathy -> Disability,10_14,0.338,Western sub-Saharan Africa,F
DiabeticRetinopathy -> Disability,15_19,0.338,Western sub-Saharan Africa,F
DiabeticRetinopathy -> Disability,20_24,0.338,Western sub-Saharan Africa,F
DiabeticRetinopathy -> Disability,25_29,0.338,Western sub-Saharan Africa,F
DiabeticRetinopathy -> Disability,30_39,0.338,Western sub-Saharan Africa,F
DiabeticRetinopathy -> Disability,40_49,0.338,Western sub-Saharan Africa,F
DiabeticRetinopathy -> Disability,50_59,0.338,Western sub-Saharan Africa,F
DiabeticRetinopathy -> Disability,60_69,0.338,Western sub-Saharan Africa,F
DiabeticRetinopathy -> Disability,70_79,0.338,Western sub-Saharan Africa,F
DiabeticRetinopathy -> Disability,80_100,0.338,Western sub-Saharan Africa,F
DiabeticRetinopathy -> Deceased,0_4,0.0,Western sub-Saharan Africa,F
DiabeticRetinopathy -> Deceased,5_9,0.0,Western sub-Saharan Africa,F
DiabeticRetinopathy -> Deceased,10_14,0.0,Western sub-Saharan Africa,F
DiabeticRetinopathy -> Deceased,15_19,0.0001,Western sub-Saharan Africa,F
DiabeticRetinopathy -> Deceased,20_24,0.001,Western sub-Saharan Africa,F
DiabeticRetinopathy -> Deceased,25_29,0.0056,Western sub-Saharan Africa,F
DiabeticRetinopathy -> Deceased,30_39,0.0199,Western sub-Saharan Africa,F
DiabeticRetinopathy -> Deceased,40_49,0.0268,Western sub-Saharan Africa,F
DiabeticRetinopathy -> Deceased,50_59,0.034,Western sub-Saharan Africa,F
DiabeticRetinopathy -> Deceased,60_69,0.0416,Western sub-Saharan Africa,F
DiabeticRetinopathy -> Deceased,70_79,0.0681,Western sub-Saharan Africa,F
DiabeticRetinopathy -> Deceased,80_100,0.1277,Western sub-Saharan Africa,F
Prevalence -> DiabeticRetinopathy,0_4,0.0,Western sub-Saharan Africa,F
Prevalence -> DiabeticRetinopathy,5_9,0.0,Western sub-Saharan Africa,F
Prevalence -> DiabeticRetinopathy,10_14,0.0002,Western sub-Saharan Africa,F
Prevalence -> DiabeticRetinopathy,15_19,0.0003,Western sub-Saharan Africa,F
Prevalence -> DiabeticRetinopathy,20_24,0.0003,Western sub-Saharan Africa,F
Prevalence -> DiabeticRetinopathy,25_29,0.0003,Western sub-Saharan Africa,F
Prevalence -> DiabeticRetinopathy,30_39,0.0004,Western sub-Saharan Africa,F
Prevalence -> DiabeticRetinopathy,40_49,0.0008,Western sub-Saharan Africa,F
Prevalence -> DiabeticRetinopathy,50_59,0.0017,Western sub-Saharan Africa,F
Prevalence -> DiabeticRetinopathy,60_69,0.0038,Western sub-Saharan Africa,F
Prevalence -> DiabeticRetinopathy,70_79,0.0059,Western sub-Saharan Africa,F
Prevalence -> DiabeticRetinopathy,80_100,0.0075,Western sub-Saharan Africa,F
LowerExtrmAmpt -> Disability,0_4,0.164,Western sub-Saharan Africa,F
LowerExtrmAmpt -> Disability,5_9,0.164,Western sub-Saharan Africa,F
LowerExtrmAmpt -> Disability,10_14,0.164,Western sub-Saharan Africa,F
LowerExtrmAmpt -> Disability,15_19,0.164,Western sub-Saharan Africa,F
LowerExtrmAmpt -> Disability,20_24,0.164,Western sub-Saharan Africa,F
LowerExtrmAmpt -> Disability,25_29,0.164,Western sub-Saharan Africa,F
LowerExtrmAmpt -> Disability,30_39,0.164,Western sub-Saharan Africa,F
LowerExtrmAmpt -> Disability,40_49,0.164,Western sub-Saharan Africa,F
LowerExtrmAmpt -> Disability,50_59,0.164,Western sub-Saharan Africa,F
LowerExtrmAmpt -> Disability,60_69,0.164,Western sub-Saharan Africa,F
LowerExtrmAmpt -> Disability,70_79,0.164,Western sub-Saharan Africa,F
LowerExtrmAmpt -> Disability,80_100,0.164,Western sub-Saharan Africa,F
LowerExtrmAmpt -> Deceased,0_4,0.0,Western sub-Saharan Africa,F
LowerExtrmAmpt -> Deceased,5_9,0.0,Western sub-Saharan Africa,F
LowerExtrmAmpt -> Deceased,10_14,0.0,Western sub-Saharan Africa,F
LowerExtrmAmpt -> Deceased,15_19,0.0,Western sub-Saharan Africa,F
LowerExtrmAmpt -> Deceased,20_24,0.001,Western sub-Saharan Africa,F
LowerExtrmAmpt -> Deceased,25_29,0.0059,Western sub-Saharan Africa,F
LowerExtrmAmpt -> Deceased,30_39,0.0203,Western sub-Saharan Africa,F
LowerExtrmAmpt -> Deceased,40_49,0.0269,Western sub-Saharan Africa,F
LowerExtrmAmpt -> Deceased,50_59,0.0341,Western sub-Saharan Africa,F
LowerExtrmAmpt -> Deceased,60_69,0.0425,Western sub-Saharan Africa,F
LowerExtrmAmpt -> Deceased,70_79,0.0695,Western sub-Saharan Africa,F
LowerExtrmAmpt -> Deceased,80_100,0.1304,Western sub-Saharan Africa,F
Prevalence -> LowerExtrmAmpt,0_4,0.0,Western sub-Saharan Africa,F
Prevalence -> LowerExtrmAmpt,5_9,0.0,Western sub-Saharan Africa,F
Prevalence -> LowerExtrmAmpt,10_14,0.0,Western sub-Saharan Africa,F
Prevalence -> LowerExtrmAmpt,15_19,0.0,Western sub-Saharan Africa,F
Prevalence -> LowerExtrmAmpt,20_24,0.0001,Western sub-Saharan Africa,F
Prevalence -> LowerExtrmAmpt,25_29,0.0002,Western sub-Saharan Africa,F
Prevalence -> LowerExtrmAmpt,30_39,0.0005,Western sub-Saharan Africa,F
Prevalence -> LowerExtrmAmpt,40_49,0.0008,Western sub-Saharan Africa,F
Prevalence -> LowerExtrmAmpt,50_59,0.0008,Western sub-Saharan Africa,F
Prevalence -> LowerExtrmAmpt,60_69,0.0017,Western sub-Saharan Africa,F
Prevalence -> LowerExtrmAmpt,70_79,0.0044,Western sub-Saharan Africa,F
Prevalence -> LowerExtrmAmpt,80_100,0.0097,Western sub-Saharan Africa,F
Disability -> Disability,0_4,0.0,Western sub-Saharan Africa,F
Disability -> Disability,5_9,0.0,Western sub-Saharan Africa,F
Disability -> Disability,10_14,0.0,Western sub-Saharan Africa,F
Disability -> Disability,15_19,0.0,Western sub-Saharan Africa,F
Disability -> Disability,20_24,0.0,Western sub-Saharan Africa,F
Disability -> Disability,25_29,0.0,Western sub-Saharan Africa,F
Disability -> Disability,30_39,0.0,Western sub-Saharan Africa,F
Disability -> Disability,40_49,0.0,Western sub-Saharan Africa,F
Disability -> Disability,50_59,0.0,Western sub-Saharan Africa,F
Disability -> Disability,60_69,0.0,Western sub-Saharan Africa,F
Disability -> Disability,70_79,0.0,Western sub-Saharan Africa,F
Disability -> Disability,80_100,0.0,Western sub-Saharan Africa,F
StdGlycControl -> DiabeticRetinopathy,0_4,-75.0,Western sub-Saharan Africa,F
StdGlycControl -> DiabeticRetinopathy,5_9,-75.0,Western sub-Saharan Africa,F
StdGlycControl -> DiabeticRetinopathy,10_14,-75.0,Western sub-Saharan Africa,F
StdGlycControl -> DiabeticRetinopathy,15_19,-75.0,Western sub-Saharan Africa,F
StdGlycControl -> DiabeticRetinopathy,20_24,-75.0,Western sub-Saharan Africa,F
StdGlycControl -> DiabeticRetinopathy,25_29,-75.0,Western sub-Saharan Africa,F
StdGlycControl -> DiabeticRetinopathy,30_39,-75.0,Western sub-Saharan Africa,F
StdGlycControl -> DiabeticRetinopathy,40_49,-75.0,Western sub-Saharan Africa,F
StdGlycControl -> DiabeticRetinopathy,50_59,-75.0,Western sub-Saharan Africa,F
StdGlycControl -> DiabeticRetinopathy,60_69,-75.0,Western sub-Saharan Africa,F
StdGlycControl -> DiabeticRetinopathy,70_79,-75.0,Western sub-Saharan Africa,F
StdGlycControl -> DiabeticRetinopathy,80_100,-75.0,Western sub-Saharan Africa,F
StdGlycControl -> LowerExtrmAmpt,0_4,-28.6,Western sub-Saharan Africa,F
StdGlycControl -> LowerExtrmAmpt,5_9,-28.6,Western sub-Saharan Africa,F
StdGlycControl -> LowerExtrmAmpt,10_14,-28.6,Western sub-Saharan Africa,F
StdGlycControl -> LowerExtrmAmpt,15_19,-28.6,Western sub-Saharan Africa,F
StdGlycControl -> LowerExtrmAmpt,20_24,-28.6,Western sub-Saharan Africa,F
StdGlycControl -> LowerExtrmAmpt,25_29,-28.6,Western sub-Saharan Africa,F
StdGlycControl -> LowerExtrmAmpt,30_39,-28.6,Western sub-Saharan Africa,F
StdGlycControl -> LowerExtrmAmpt,40_49,-28.6,Western sub-Saharan Africa,F
StdGlycControl -> LowerExtrmAmpt,50_59,-28.6,Western sub-Saharan Africa,F
StdGlycControl -> LowerExtrmAmpt,60_69,-28.6,Western sub-Saharan Africa,F
StdGlycControl -> LowerExtrmAmpt,70_79,-28.6,Western sub-Saharan Africa,F
StdGlycControl -> LowerExtrmAmpt,80_100,-28.6,Western sub-Saharan Africa,F
StdGlycControl -> DiabeticNephropathy,0_4,-39.0,Western sub-Saharan Africa,F
StdGlycControl -> DiabeticNephropathy,5_9,-39.0,Western sub-Saharan Africa,F
StdGlycControl -> DiabeticNephropathy,10_14,-39.0,Western sub-Saharan Africa,F
StdGlycControl -> DiabeticNephropathy,15_19,-39.0,Western sub-Saharan Africa,F
StdGlycControl -> DiabeticNephropathy,20_24,-39.0,Western sub-Saharan Africa,F
StdGlycControl -> DiabeticNephropathy,25_29,-39.0,Western sub-Saharan Africa,F
StdGlycControl -> DiabeticNephropathy,30_39,-39.0,Western sub-Saharan Africa,F
StdGlycControl -> DiabeticNephropathy,40_49,-39.0,Western sub-Saharan Africa,F
StdGlycControl -> DiabeticNephropathy,50_59,-39.0,Western sub-Saharan Africa,F
StdGlycControl -> DiabeticNephropathy,60_69,-39.0,Western sub-Saharan Africa,F
StdGlycControl -> DiabeticNephropathy,70_79,-39.0,Western sub-Saharan Africa,F
StdGlycControl -> DiabeticNephropathy,80_100,-39.0,Western sub-Saharan Africa,F
IntsvGlycControl -> DiabeticRetinopathy,0_4,-65.0,Western sub-Saharan Africa,F
IntsvGlycControl -> DiabeticRetinopathy,5_9,-65.0,Western sub-Saharan Africa,F
IntsvGlycControl -> DiabeticRetinopathy,10_14,-65.0,Western sub-Saharan Africa,F
IntsvGlycControl -> DiabeticRetinopathy,15_19,-65.0,Western sub-Saharan Africa,F
IntsvGlycControl -> DiabeticRetinopathy,20_24,-65.0,Western sub-Saharan Africa,F
IntsvGlycControl -> DiabeticRetinopathy,25_29,-65.0,Western sub-Saharan Africa,F
IntsvGlycControl -> DiabeticRetinopathy,30_39,-65.0,Western sub-Saharan Africa,F
IntsvGlycControl -> DiabeticRetinopathy,40_49,-65.0,Western sub-Saharan Africa,F
IntsvGlycControl -> DiabeticRetinopathy,50_59,-65.0,Western sub-Saharan Africa,F
IntsvGlycControl -> DiabeticRetinopathy,60_69,-65.0,Western sub-Saharan Africa,F
IntsvGlycControl -> DiabeticRetinopathy,70_79,-65.0,Western sub-Saharan Africa,F
IntsvGlycControl -> DiabeticRetinopathy,80_100,-65.0,Western sub-Saharan Africa,F
IntsvGlycControl -> LowerExtrmAmpt,0_4,-15.1,Western sub-Saharan Africa,F
IntsvGlycControl -> LowerExtrmAmpt,5_9,-15.1,Western sub-Saharan Africa,F
IntsvGlycControl -> LowerExtrmAmpt,10_14,-15.1,Western sub-Saharan Africa,F
IntsvGlycControl -> LowerExtrmAmpt,15_19,-15.1,Western sub-Saharan Africa,F
IntsvGlycControl -> LowerExtrmAmpt,20_24,-15.1,Western sub-Saharan Africa,F
IntsvGlycControl -> LowerExtrmAmpt,25_29,-15.1,Western sub-Saharan Africa,F
IntsvGlycControl -> LowerExtrmAmpt,30_39,-15.1,Western sub-Saharan Africa,F
IntsvGlycControl -> LowerExtrmAmpt,40_49,-15.1,Western sub-Saharan Africa,F
IntsvGlycControl -> LowerExtrmAmpt,50_59,-15.1,Western sub-Saharan Africa,F
IntsvGlycControl -> LowerExtrmAmpt,60_69,-15.1,Western sub-Saharan Africa,F
IntsvGlycControl -> LowerExtrmAmpt,70_79,-15.1,Western sub-Saharan Africa,F
IntsvGlycControl -> LowerExtrmAmpt,80_100,-15.1,Western sub-Saharan Africa,F
IntsvGlycControl -> DiabeticNephropathy,0_4,-39.0,Western sub-Saharan Africa,F
IntsvGlycControl -> DiabeticNephropathy,5_9,-39.0,Western sub-Saharan Africa,F
IntsvGlycControl -> DiabeticNephropathy,10_14,-39.0,Western sub-Saharan Africa,F
IntsvGlycControl -> DiabeticNephropathy,15_19,-39.0,Western sub-Saharan Africa,F
IntsvGlycControl -> DiabeticNephropathy,20_24,-39.0,Western sub-Saharan Africa,F
IntsvGlycControl -> DiabeticNephropathy,25_29,-39.0,Western sub-Saharan Africa,F
IntsvGlycControl -> DiabeticNephropathy,30_39,-39.0,Western sub-Saharan Africa,F
IntsvGlycControl -> DiabeticNephropathy,40_49,-39.0,Western sub-Saharan Africa,F
IntsvGlycControl -> DiabeticNephropathy,50_59,-39.0,Western sub-Saharan Africa,F
IntsvGlycControl -> DiabeticNephropathy,60_69,-39.0,Western sub-Saharan Africa,F
IntsvGlycControl -> DiabeticNephropathy,70_79,-39.0,Western sub-Saharan Africa,F
IntsvGlycControl -> DiabeticNephropathy,80_100,-39.0,Western sub-Saharan Africa,F
RetinopathyScrn -> DiabeticRetinopathy,0_4,-20.0,Western sub-Saharan Africa,F
RetinopathyScrn -> DiabeticRetinopathy,5_9,-20.0,Western sub-Saharan Africa,F
RetinopathyScrn -> DiabeticRetinopathy,10_14,-20.0,Western sub-Saharan Africa,F
RetinopathyScrn -> DiabeticRetinopathy,15_19,-20.0,Western sub-Saharan Africa,F
RetinopathyScrn -> DiabeticRetinopathy,20_24,-20.0,Western sub-Saharan Africa,F
RetinopathyScrn -> DiabeticRetinopathy,25_29,-20.0,Western sub-Saharan Africa,F
RetinopathyScrn -> DiabeticRetinopathy,30_39,-20.0,Western sub-Saharan Africa,F
RetinopathyScrn -> DiabeticRetinopathy,40_49,-20.0,Western sub-Saharan Africa,F
RetinopathyScrn -> DiabeticRetinopathy,50_59,-20.0,Western sub-Saharan Africa,F
RetinopathyScrn -> DiabeticRetinopathy,60_69,-20.0,Western sub-Saharan Africa,F
RetinopathyScrn -> DiabeticRetinopathy,70_79,-20.0,Western sub-Saharan Africa,F
RetinopathyScrn -> DiabeticRetinopathy,80_100,-20.0,Western sub-Saharan Africa,F
NeuropathyScr -> LowerExtrmAmpt,0_4,-35.0,Western sub-Saharan Africa,F
NeuropathyScr -> LowerExtrmAmpt,5_9,-35.0,Western sub-Saharan Africa,F
NeuropathyScr -> LowerExtrmAmpt,10_14,-35.0,Western sub-Saharan Africa,F
NeuropathyScr -> LowerExtrmAmpt,15_19,-35.0,Western sub-Saharan Africa,F
NeuropathyScr -> LowerExtrmAmpt,20_24,-35.0,Western sub-Saharan Africa,F
NeuropathyScr -> LowerExtrmAmpt,25_29,-35.0,Western sub-Saharan Africa,F
NeuropathyScr -> LowerExtrmAmpt,30_39,-35.0,Western sub-Saharan Africa,F
NeuropathyScr -> LowerExtrmAmpt,40_49,-35.0,Western sub-Saharan Africa,F
NeuropathyScr -> LowerExtrmAmpt,50_59,-35.0,Western sub-Saharan Africa,F
NeuropathyScr -> LowerExtrmAmpt,60_69,-35.0,Western sub-Saharan Africa,F
NeuropathyScr -> LowerExtrmAmpt,70_79,-35.0,Western sub-Saharan Africa,F
NeuropathyScr -> LowerExtrmAmpt,80_100,-35.0,Western sub-Saharan Africa,F
NephropathyScr -> DiabeticNephropathy,0_4,-24.0,Western sub-Saharan Africa,F
NephropathyScr -> DiabeticNephropathy,5_9,-24.0,Western sub-Saharan Africa,F
NephropathyScr -> DiabeticNephropathy,10_14,-24.0,Western sub-Saharan Africa,F
NephropathyScr -> DiabeticNephropathy,15_19,-24.0,Western sub-Saharan Africa,F
NephropathyScr -> DiabeticNephropathy,20_24,-24.0,Western sub-Saharan Africa,F
NephropathyScr -> DiabeticNephropathy,25_29,-24.0,Western sub-Saharan Africa,F
NephropathyScr -> DiabeticNephropathy,30_39,-24.0,Western sub-Saharan Africa,F
NephropathyScr -> DiabeticNephropathy,40_49,-24.0,Western sub-Saharan Africa,F
NephropathyScr -> DiabeticNephropathy,50_59,-24.0,Western sub-Saharan Africa,F
NephropathyScr -> DiabeticNephropathy,60_69,-24.0,Western sub-Saharan Africa,F
NephropathyScr -> DiabeticNephropathy,70_79,-24.0,Western sub-Saharan Africa,F
NephropathyScr -> DiabeticNephropathy,80_100,-24.0,Western sub-Saharan Africa,F
DiabeticNephropathy -> Disability,0_4,0.338,Western sub-Saharan Africa,F
DiabeticNephropathy -> Disability,5_9,0.338,Western sub-Saharan Africa,F
DiabeticNephropathy -> Disability,10_14,0.338,Western sub-Saharan Africa,F
DiabeticNephropathy -> Disability,15_19,0.338,Western sub-Saharan Africa,F
DiabeticNephropathy -> Disability,20_24,0.338,Western sub-Saharan Africa,F
DiabeticNephropathy -> Disability,25_29,0.338,Western sub-Saharan Africa,F
DiabeticNephropathy -> Disability,30_39,0.338,Western sub-Saharan Africa,F
DiabeticNephropathy -> Disability,40_49,0.338,Western sub-Saharan Africa,F
DiabeticNephropathy -> Disability,50_59,0.338,Western sub-Saharan Africa,F
DiabeticNephropathy -> Disability,60_69,0.338,Western sub-Saharan Africa,F
DiabeticNephropathy -> Disability,70_79,0.338,Western sub-Saharan Africa,F
DiabeticNephropathy -> Disability,80_100,0.338,Western sub-Saharan Africa,F
DiabeticNephropathy -> Deceased,0_4,0.0,Western sub-Saharan Africa,F
DiabeticNephropathy -> Deceased,5_9,0.0,Western sub-Saharan Africa,F
DiabeticNephropathy -> Deceased,10_14,0.0,Western sub-Saharan Africa,F
DiabeticNephropathy -> Deceased,15_19,0.0,Western sub-Saharan Africa,F
DiabeticNephropathy -> Deceased,20_24,0.0014708307628407554,Western sub-Saharan Africa,F
DiabeticNephropathy -> Deceased,25_29,0.0068025922781384945,Western sub-Saharan Africa,F
DiabeticNephropathy -> Deceased,30_39,0.01856923838086454,Western sub-Saharan Africa,F
DiabeticNephropathy -> Deceased,40_49,0.024636415277582657,Western sub-Saharan Africa,F
DiabeticNephropathy -> Deceased,50_59,0.03107129986501096,Western sub-Saharan Africa,F
DiabeticNephropathy -> Deceased,60_69,0.03732233060708417,Western sub-Saharan Africa,F
DiabeticNephropathy -> Deceased,70_79,0.0630618689567974,Western sub-Saharan Africa,F
DiabeticNephropathy -> Deceased,80_100,0.11895343794474608,Western sub-Saharan Africa,F
Prevalence -> DiabeticNephropathy,0_4,0.00428,Western sub-Saharan Africa,F
Prevalence -> DiabeticNephropathy,5_9,0.00428,Western sub-Saharan Africa,F
Prevalence -> DiabeticNephropathy,10_14,0.00436,Western sub-Saharan Africa,F
Prevalence -> DiabeticNephropathy,15_19,0.004560000000000001,Western sub-Saharan Africa,F
Prevalence -> DiabeticNephropathy,20_24,0.00496,Western sub-Saharan Africa,F
Prevalence -> DiabeticNephropathy,25_29,0.006200000000000001,Western sub-Saharan Africa,F
Prevalence -> DiabeticNephropathy,30_39,0.011000000000000001,Western sub-Saharan Africa,F
Prevalence -> DiabeticNephropathy,40_49,0.020680000000000004,Western sub-Saharan Africa,F
Prevalence -> DiabeticNephropathy,50_59,0.03332,Western sub-Saharan Africa,F
Prevalence -> DiabeticNephropathy,60_69,0.04012,Western sub-Saharan Africa,F
Prevalence -> DiabeticNephropathy,70_79,0.04916,Western sub-Saharan Africa,F
Prevalence -> DiabeticNephropathy,80_100,0.08984,Western sub-Saharan Africa,F
DsFreeSus -> Disability,0_4,0.01953223858281817,"North America, High Income",M
DsFreeSus -> Disability,5_9,0.03226556673804852,"North America, High Income",M
DsFreeSus -> Disability,10_14,0.04499889489327888,"North America, High Income",M
DsFreeSus -> Disability,15_19,0.05773222304850923,"North America, High Income",M
DsFreeSus -> Disability,20_24,0.07046555120373958,"North America, High Income",M
DsFreeSus -> Disability,25_29,0.08319887935896994,"North America, High Income",M
DsFreeSus -> Disability,30_39,0.10229887159181547,"North America, High Income",M
DsFreeSus -> Disability,40_49,0.1277655279022762,"North America, High Income",M
DsFreeSus -> Disability,50_59,0.15323218421273688,"North America, High Income",M
DsFreeSus -> Disability,60_69,0.17869884052319762,"North America, High Income",M
DsFreeSus -> Disability,70_79,0.2041654968336583,"North America, High Income",M
DsFreeSus -> Disability,80_100,0.23599881722173421,"North America, High Income",M
DsFreeSus -> Diabetes,0_4,0.0,"North America, High Income",M
DsFreeSus -> Diabetes,5_9,0.0,"North America, High Income",M
DsFreeSus -> Diabetes,10_14,0.0,"North America, High Income",M
DsFreeSus -> Diabetes,15_19,0.0001,"North America, High Income",M
DsFreeSus -> Diabetes,20_24,0.0005,"North America, High Income",M
DsFreeSus -> Diabetes,25_29,0.001,"North America, High Income",M
DsFreeSus -> Diabetes,30_39,0.002,"North America, High Income",M
DsFreeSus -> Diabetes,40_49,0.0035,"North America, High Income",M
DsFreeSus -> Diabetes,50_59,0.0042,"North America, High Income",M
DsFreeSus -> Diabetes,60_69,0.0029,"North America, High Income",M
DsFreeSus -> Diabetes,70_79,0.0072,"North America, High Income",M
DsFreeSus -> Diabetes,80_100,0.014,"North America, High Income",M
Diabetes -> Disability,0_4,0.031,"North America, High Income",M
Diabetes -> Disability,5_9,0.031,"North America, High Income",M
Diabetes -> Disability,10_14,0.031,"North America, High Income",M
Diabetes -> Disability,15_19,0.031,"North America, High Income",M
Diabetes -> Disability,20_24,0.031,"North America, High Income",M
Diabetes -> Disability,25_29,0.031,"North America, High Income",M
Diabetes -> Disability,30_39,0.031,"North America, High Income",M
Diabetes -> Disability,40_49,0.031,"North America, High Income",M
Diabetes -> Disability,50_59,0.031,"North America, High Income",M
Diabetes -> Disability,60_69,0.031,"North America, High Income",M
Diabetes -> Disability,70_79,0.031,"North America, High Income",M
Diabetes -> Disability,80_100,0.031,"North America, High Income",M
Diabetes -> Deceased,0_4,0.0,"North America, High Income",M
Diabetes -> Deceased,5_9,0.0,"North America, High Income",M
Diabetes -> Deceased,10_14,0.0,"North America, High Income",M
Diabetes -> Deceased,15_19,0.0,"North America, High Income",M
Diabetes -> Deceased,20_24,0.0001221620234917571,"North America, High Income",M
Diabetes -> Deceased,25_29,0.000549729105712907,"North America, High Income",M
Diabetes -> Deceased,30_39,0.0012827012466634497,"North America, High Income",M
Diabetes -> Deceased,40_49,0.002504321481581021,"North America, High Income",M
Diabetes -> Deceased,50_59,0.004825399927924407,"North America, High Income",M
Diabetes -> Deceased,60_69,0.0061691821863337345,"North America, High Income",M
Diabetes -> Deceased,70_79,0.009895123902832327,"North America, High Income",M
Diabetes -> Deceased,80_100,0.013254579548855647,"North America, High Income",M
Diabetes -> DiabeticRetinopathy,0_4,0.0,"North America, High Income",M
Diabetes -> DiabeticRetinopathy,5_9,0.0,"North America, High Income",M
Diabetes -> DiabeticRetinopathy,10_14,0.0,"North America, High Income",M
Diabetes -> DiabeticRetinopathy,15_19,0.0,"North America, High Income",M
Diabetes -> DiabeticRetinopathy,20_24,0.0006895963924035922,"North America, High Income",M
Diabetes -> DiabeticRetinopathy,25_29,0.002028082984383761,"North America, High Income",M
Diabetes -> DiabeticRetinopathy,30_39,0.002834263562108023,"North America, High Income",M
Diabetes -> DiabeticRetinopathy,40_49,0.002241628463829481,"North America, High Income",M
Diabetes -> DiabeticRetinopathy,50_59,0.0029946464073591643,"North America, High Income",M
Diabetes -> DiabeticRetinopathy,60_69,0.004118227017778473,"North America, High Income",M
Diabetes -> DiabeticRetinopathy,70_79,0.003150637691699813,"North America, High Income",M
Diabetes -> DiabeticRetinopathy,80_100,0.0022960658259151842,"North America, High Income",M
Diabetes -> LowerExtrmAmpt,0_4,0.0,"North America, High Income",M
Diabetes -> LowerExtrmAmpt,5_9,0.0,"North America, High Income",M
Diabetes -> LowerExtrmAmpt,10_14,9.801038910124473e-05,"North America, High Income",M
Diabetes -> LowerExtrmAmpt,15_19,0.001967364888323111,"North America, High Income",M
Diabetes -> LowerExtrmAmpt,20_24,0.005710477991027499,"North America, High Income",M
Diabetes -> LowerExtrmAmpt,25_29,0.00933514667811937,"North America, High Income",M
Diabetes -> LowerExtrmAmpt,30_39,0.008288390675168296,"North America, High Income",M
Diabetes -> LowerExtrmAmpt,40_49,0.001316511954947473,"North America, High Income",M
Diabetes -> LowerExtrmAmpt,50_59,0.0009192723102715437,"North America, High Income",M
Diabetes -> LowerExtrmAmpt,60_69,0.007738788422194358,"North America, High Income",M
Diabetes -> LowerExtrmAmpt,70_79,0.0166054486393436,"North America, High Income",M
Diabetes -> LowerExtrmAmpt,80_100,0.013897028886800136,"North America, High Income",M
Diabetes -> DiabeticNephropathy,0_4,0.0,"North America, High Income",M
Diabetes -> DiabeticNephropathy,5_9,0.0,"North America, High Income",M
Diabetes -> DiabeticNephropathy,10_14,0.014,"North America, High Income",M
Diabetes -> DiabeticNephropathy,15_19,0.014,"North America, High Income",M
Diabetes -> DiabeticNephropathy,20_24,0.014,"North America, High Income",M
Diabetes -> DiabeticNephropathy,25_29,0.014,"North America, High Income",M
Diabetes -> DiabeticNephropathy,30_39,0.014,"North America, High Income",M
Diabetes -> DiabeticNephropathy,40_49,0.014,"North America, High Income",M
Diabetes -> DiabeticNephropathy,50_59,0.014,"North America, High Income",M
Diabetes -> DiabeticNephropathy,60_69,0.014,"North America, High Income",M
Diabetes -> DiabeticNephropathy,70_79,0.014,"North America, High Income",M
Diabetes -> DiabeticNephropathy,80_100,0.014,"North America, High Income",M
Prevalence -> Diabetes,0_4,0.0,"North America, High Income",M
Prevalence -> Diabetes,5_9,0.0,"North America, High Income",M
Prevalence -> Diabetes,10_14,0.0059421,"North America, High Income",M
Prevalence -> Diabetes,15_19,0.006147,"North America, High Income",M
Prevalence -> Diabetes,20_24,0.0071032000000000005,"North America, High Income",M
Prevalence -> Diabetes,25_29,0.009562000000000001,"North America, High Income",M
Prevalence -> Diabetes,30_39,0.0172799,"North America, High Income",M
Prevalence -> Diabetes,40_49,0.0346281,"North America, High Income",M
Prevalence -> Diabetes,50_59,0.056893900000000004,"North America, High Income",M
Prevalence -> Diabetes,60_69,0.0740372,"North America, High Income",M
Prevalence -> Diabetes,70_79,0.08503350000000001,"North America, High Income",M
Prevalence -> Diabetes,80_100,0.14664010000000002,"North America, High Income",M
DiabeticRetinopathy -> Disability,0_4,0.338,"North America, High Income",M
DiabeticRetinopathy -> Disability,5_9,0.338,"North America, High Income",M
DiabeticRetinopathy -> Disability,10_14,0.338,"North America, High Income",M
DiabeticRetinopathy -> Disability,15_19,0.338,"North America, High Income",M
DiabeticRetinopathy -> Disability,20_24,0.338,"North America, High Income",M
DiabeticRetinopathy -> Disability,25_29,0.338,"North America, High Income",M
DiabeticRetinopathy -> Disability,30_39,0.338,"North America, High Income",M
DiabeticRetinopathy -> Disability,40_49,0.338,"North America, High Income",M
DiabeticRetinopathy -> Disability,50_59,0.338,"North America, High Income",M
DiabeticRetinopathy -> Disability,60_69,0.338,"North America, High Income",M
DiabeticRetinopathy -> Disability,70_79,0.338,"North America, High Income",M
DiabeticRetinopathy -> Disability,80_100,0.338,"North America, High Income",M
DiabeticRetinopathy -> Deceased,0_4,0.0,"North America, High Income",M
DiabeticRetinopathy -> Deceased,5_9,0.0,"North America, High Income",M
DiabeticRetinopathy -> Deceased,10_14,0.0,"North America, High Income",M
DiabeticRetinopathy -> Deceased,15_19,0.0,"North America, High Income",M
DiabeticRetinopathy -> Deceased,20_24,0.0002,"North America, High Income",M
DiabeticRetinopathy -> Deceased,25_29,0.0013,"North America, High Income",M
DiabeticRetinopathy -> Deceased,30_39,0.0041,"North America, High Income",M
DiabeticRetinopathy -> Deceased,40_49,0.0082,"North America, High Income",M
DiabeticRetinopathy -> Deceased,50_59,0.016,"North America, High Income",M
DiabeticRetinopathy -> Deceased,60_69,0.0205,"North America, High Income",M
DiabeticRetinopathy -> Deceased,70_79,0.0319,"North America, High Income",M
DiabeticRetinopathy -> Deceased,80_100,0.0429,"North America, High Income",M
Prevalence -> DiabeticRetinopathy,0_4,0.0,"North America, High Income",M
Prevalence -> DiabeticRetinopathy,5_9,0.0,"North America, High Income",M
Prevalence -> DiabeticRetinopathy,10_14,0.0,"North America, High Income",M
Prevalence -> DiabeticRetinopathy,15_19,0.0,"North America, High Income",M
Prevalence -> DiabeticRetinopathy,20_24,0.0004,"North America, High Income",M
Prevalence -> DiabeticRetinopathy,25_29,0.0005,"North America, High Income",M
Prevalence -> DiabeticRetinopathy,30_39,0.0009,"North America, High Income",M
Prevalence -> DiabeticRetinopathy,40_49,0.0017,"North America, High Income",M
Prevalence -> DiabeticRetinopathy,50_59,0.0031,"North America, High Income",M
Prevalence -> DiabeticRetinopathy,60_69,0.0058,"North America, High Income",M
Prevalence -> DiabeticRetinopathy,70_79,0.0082,"North America, High Income",M
Prevalence -> DiabeticRetinopathy,80_100,0.0094,"North America, High Income",M
LowerExtrmAmpt -> Disability,0_4,0.164,"North America, High Income",M
LowerExtrmAmpt -> Disability,5_9,0.164,"North America, High Income",M
LowerExtrmAmpt -> Disability,10_14,0.164,"North America, High Income",M
LowerExtrmAmpt -> Disability,15_19,0.164,"North America, High Income",M
LowerExtrmAmpt -> Disability,20_24,0.164,"North America, High Income",M
LowerExtrmAmpt -> Disability,25_29,0.164,"North America, High Income",M
LowerExtrmAmpt -> Disability,30_39,0.164,"North America, High Income",M
LowerExtrmAmpt -> Disability,40_49,0.164,"North America, High Income",M
LowerExtrmAmpt -> Disability,50_59,0.164,"North America, High Income",M
LowerExtrmAmpt -> Disability,60_69,0.164,"North America, High Income",M
LowerExtrmAmpt -> Disability,70_79,0.164,"North America, High Income",M
LowerExtrmAmpt -> Disability,80_100,0.164,"North America, High Income",M
LowerExtrmAmpt -> Deceased,0_4,0.0,"North America, High Income",M
LowerExtrmAmpt -> Deceased,5_9,0.0,"North America, High Income",M
LowerExtrmAmpt -> Deceased,10_14,0.0,"North America, High Income",M
LowerExtrmAmpt -> Deceased,15_19,0.0,"North America, High Income",M
LowerExtrmAmpt -> Deceased,20_24,0.0003,"North America, High Income",M
LowerExtrmAmpt -> Deceased,25_29,0.0014,"North America, High Income",M
LowerExtrmAmpt -> Deceased,30_39,0.0042,"North America, High Income",M
LowerExtrmAmpt -> Deceased,40_49,0.008,"North America, High Income",M
LowerExtrmAmpt -> Deceased,50_59,0.0157,"North America, High Income",M
LowerExtrmAmpt -> Deceased,60_69,0.0209,"North America, High Income",M
LowerExtrmAmpt -> Deceased,70_79,0.0324,"North America, High Income",M
LowerExtrmAmpt -> Deceased,80_100,0.0433,"North America, High Income",M
Prevalence -> LowerExtrmAmpt,0_4,0.0,"North America, High Income",M
Prevalence -> LowerExtrmAmpt,5_9,0.0,"North America, High Income",M
Prevalence -> LowerExtrmAmpt,10_14,0.0,"North America, High Income",M
Prevalence -> LowerExtrmAmpt,15_19,0.0,"North America, High Income",M
Prevalence -> LowerExtrmAmpt,20_24,0.0002,"North America, High Income",M
Prevalence -> LowerExtrmAmpt,25_29,0.0007,"North America, High Income",M
Prevalence -> LowerExtrmAmpt,30_39,0.0021,"North America, High Income",M
Prevalence -> LowerExtrmAmpt,40_49,0.0034,"North America, High Income",M
Prevalence -> LowerExtrmAmpt,50_59,0.0034,"North America, High Income",M
Prevalence -> LowerExtrmAmpt,60_69,0.0066,"North America, High Income",M
Prevalence -> LowerExtrmAmpt,70_79,0.0167,"North America, High Income",M
Prevalence -> LowerExtrmAmpt,80_100,0.0369,"North America, High Income",M
Disability -> Disability,0_4,0.0,"North America, High Income",M
Disability -> Disability,5_9,0.0,"North America, High Income",M
Disability -> Disability,10_14,0.0,"North America, High Income",M
Disability -> Disability,15_19,0.0,"North America, High Income",M
Disability -> Disability,20_24,0.0,"North America, High Income",M
Disability -> Disability,25_29,0.0,"North America, High Income",M
Disability -> Disability,30_39,0.0,"North America, High Income",M
Disability -> Disability,40_49,0.0,"North America, High Income",M
Disability -> Disability,50_59,0.0,"North America, High Income",M
Disability -> Disability,60_69,0.0,"North America, High Income",M
Disability -> Disability,70_79,0.0,"North America, High Income",M
Disability -> Disability,80_100,0.0,"North America, High Income",M
StdGlycControl -> DiabeticRetinopathy,0_4,-75.0,"North America, High Income",M
StdGlycControl -> DiabeticRetinopathy,5_9,-75.0,"North America, High Income",M
StdGlycControl -> DiabeticRetinopathy,10_14,-75.0,"North America, High Income",M
StdGlycControl -> DiabeticRetinopathy,15_19,-75.0,"North America, High Income",M
StdGlycControl -> DiabeticRetinopathy,20_24,-75.0,"North America, High Income",M
StdGlycControl -> DiabeticRetinopathy,25_29,-75.0,"North America, High Income",M
StdGlycControl -> DiabeticRetinopathy,30_39,-75.0,"North America, High Income",M
StdGlycControl -> DiabeticRetinopathy,40_49,-75.0,"North America, High Income",M
StdGlycControl -> DiabeticRetinopathy,50_59,-75.0,"North America, High Income",M
StdGlycControl -> DiabeticRetinopathy,60_69,-75.0,"North America, High Income",M
StdGlycControl -> DiabeticRetinopathy,70_79,-75.0,"North America, High Income",M
StdGlycControl -> DiabeticRetinopathy,80_100,-75.0,"North America, High Income",M
StdGlycControl -> LowerExtrmAmpt,0_4,-28.6,"North America, High Income",M
StdGlycControl -> LowerExtrmAmpt,5_9,-28.6,"North America, High Income",M
StdGlycControl -> LowerExtrmAmpt,10_14,-28.6,"North America, High Income",M
StdGlycControl -> LowerExtrmAmpt,15_19,-28.6,"North America, High Income",M
StdGlycControl -> LowerExtrmAmpt,20_24,-28.6,"North America, High Income",M
StdGlycControl -> LowerExtrmAmpt,25_29,-28.6,"North America, High Income",M
StdGlycControl -> LowerExtrmAmpt,30_39,-28.6,"North America, High Income",M
StdGlycControl -> LowerExtrmAmpt,40_49,-28.6,"North America, High Income",M
StdGlycControl -> LowerExtrmAmpt,50_59,-28.6,"North America, High Income",M
StdGlycControl -> LowerExtrmAmpt,60_69,-28.6,"North America, High Income",M
StdGlycControl -> LowerExtrmAmpt,70_79,-28.6,"North America, High Income",M
StdGlycControl -> LowerExtrmAmpt,80_100,-28.6,"North America, High Income",M
StdGlycControl -> DiabeticNephropathy,0_4,-39.0,"North America, High Income",M
StdGlycControl -> DiabeticNephropathy,5_9,-39.0,"North America, High Income",M
StdGlycControl -> DiabeticNephropathy,10_14,-39.0,"North America, High Income",M
StdGlycControl -> DiabeticNephropathy,15_19,-39.0,"North America, High Income",M
StdGlycControl -> DiabeticNephropathy,20_24,-39.0,"North America, High Income",M
StdGlycControl -> DiabeticNephropathy,25_29,-39.0,"North America, High Income",M
StdGlycControl -> DiabeticNephropathy,30_39,-39.0,"North America, High Income",M
StdGlycControl -> DiabeticNephropathy,40_49,-39.0,"North America, High Income",M
StdGlycControl -> DiabeticNephropathy,50_59,-39.0,"North America, High Income",M
StdGlycControl -> DiabeticNephropathy,60_69,-39.0,"North America, High Income",M
StdGlycControl -> DiabeticNephropathy,70_79,-39.0,"North America, High Income",M
StdGlycControl -> DiabeticNephropathy,80_100,-39.0,"North America, High Income",M
IntsvGlycControl -> DiabeticRetinopathy,0_4,-65.0,"North America, High Income",M
IntsvGlycControl -> DiabeticRetinopathy,5_9,-65.0,"North America, High Income",M
IntsvGlycControl -> DiabeticRetinopathy,10_14,-65.0,"North America, High Income",M
IntsvGlycControl -> DiabeticRetinopathy,15_19,-65.0,"North America, High Income",M
IntsvGlycControl -> DiabeticRetinopathy,20_24,-65.0,"North America, High Income",M
IntsvGlycControl -> DiabeticRetinopathy,25_29,-65.0,"North America, High Income",M
IntsvGlycControl -> DiabeticRetinopathy,30_39,-65.0,"North America, High Income",M
IntsvGlycControl -> DiabeticRetinopathy,40_49,-65.0,"North America, High Income",M
IntsvGlycControl -> DiabeticRetinopathy,50_59,-65.0,"North America, High Income",M
IntsvGlycControl -> DiabeticRetinopathy,60_69,-65.0,"North America, High Income",M
IntsvGlycControl -> DiabeticRetinopathy,70_79,-65.0,"North America, High Income",M
IntsvGlycControl -> DiabeticRetinopathy,80_100,-65.0,"North America, High Income",M
IntsvGlycControl -> LowerExtrmAmpt,0_4,-15.1,"North America, High Income",M
IntsvGlycControl -> LowerExtrmAmpt,5_9,-15.1,"North America, High Income",M
IntsvGlycControl -> LowerExtrmAmpt,10_14,-15.1,"North America, High Income",M
IntsvGlycControl -> LowerExtrmAmpt,15_19,-15.1,"North America, High Income",M
IntsvGlycControl -> LowerExtrmAmpt,20_24,-15.1,"North America, High Income",M
IntsvGlycControl -> LowerExtrmAmpt,25_29,-15.1,"North America, High Income",M
IntsvGlycControl -> LowerExtrmAmpt,30_39,-15.1,"North America, High Income",M
IntsvGlycControl -> LowerExtrmAmpt,40_49,-15.1,"North America, High Income",M
IntsvGlycControl -> LowerExtrmAmpt,50_59,-15.1,"North America, High Income",M
IntsvGlycControl -> LowerExtrmAmpt,60_69,-15.1,"North America, High Income",M
IntsvGlycControl -> LowerExtrmAmpt,70_79,-15.1,"North America, High Income",M
IntsvGlycControl -> LowerExtrmAmpt,80_100,-15.1,"North America, High Income",M
IntsvGlycControl -> DiabeticNephropathy,0_4,-39.0,"North America, High Income",M
IntsvGlycControl -> DiabeticNephropathy,5_9,-39.0,"North America, High Income",M
IntsvGlycControl -> DiabeticNephropathy,10_14,-39.0,"North America, High Income",M
IntsvGlycControl -> DiabeticNephropathy,15_19,-39.0,"North America, High Income",M
IntsvGlycControl -> DiabeticNephropathy,20_24,-39.0,"North America, High Income",M
IntsvGlycControl -> DiabeticNephropathy,25_29,-39.0,"North America, High Income",M
IntsvGlycControl -> DiabeticNephropathy,30_39,-39.0,"North America, High Income",M
IntsvGlycControl -> DiabeticNephropathy,40_49,-39.0,"North America, High Income",M
IntsvGlycControl -> DiabeticNephropathy,50_59,-39.0,"North America, High Income",M
IntsvGlycControl -> DiabeticNephropathy,60_69,-39.0,"North America, High Income",M
IntsvGlycControl -> DiabeticNephropathy,70_79,-39.0,"North America, High Income",M
IntsvGlycControl -> DiabeticNephropathy,80_100,-39.0,"North America, High Income",M
RetinopathyScrn -> DiabeticRetinopathy,0_4,-20.0,"North America, High Income",M
RetinopathyScrn -> DiabeticRetinopathy,5_9,-20.0,"North America, High Income",M
RetinopathyScrn -> DiabeticRetinopathy,10_14,-20.0,"North America, High Income",M
RetinopathyScrn -> DiabeticRetinopathy,15_19,-20.0,"North America, High Income",M
RetinopathyScrn -> DiabeticRetinopathy,20_24,-20.0,"North America, High Income",M
RetinopathyScrn -> DiabeticRetinopathy,25_29,-20.0,"North America, High Income",M
RetinopathyScrn -> DiabeticRetinopathy,30_39,-20.0,"North America, High Income",M
RetinopathyScrn -> DiabeticRetinopathy,40_49,-20.0,"North America, High Income",M
RetinopathyScrn -> DiabeticRetinopathy,50_59,-20.0,"North America, High Income",M
RetinopathyScrn -> DiabeticRetinopathy,60_69,-20.0,"North America, High Income",M
RetinopathyScrn -> DiabeticRetinopathy,70_79,-20.0,"North America, High Income",M
RetinopathyScrn -> DiabeticRetinopathy,80_100,-20.0,"North America, High Income",M
NeuropathyScr -> LowerExtrmAmpt,0_4,-35.0,"North America, High Income",M
NeuropathyScr -> LowerExtrmAmpt,5_9,-35.0,"North America, High Income",M
NeuropathyScr -> LowerExtrmAmpt,10_14,-35.0,"North America, High Income",M
NeuropathyScr -> LowerExtrmAmpt,15_19,-35.0,"North America, High Income",M
NeuropathyScr -> LowerExtrmAmpt,20_24,-35.0,"North America, High Income",M
NeuropathyScr -> LowerExtrmAmpt,25_29,-35.0,"North America, High Income",M
NeuropathyScr -> LowerExtrmAmpt,30_39,-35.0,"North America, High Income",M
NeuropathyScr -> LowerExtrmAmpt,40_49,-35.0,"North America, High Income",M
NeuropathyScr -> LowerExtrmAmpt,50_59,-35.0,"North America, High Income",M
NeuropathyScr -> LowerExtrmAmpt,60_69,-35.0,"North America, High Income",M
NeuropathyScr -> LowerExtrmAmpt,70_79,-35.0,"North America, High Income",M
NeuropathyScr -> LowerExtrmAmpt,80_100,-35.0,"North America, High Income",M
NephropathyScr -> DiabeticNephropathy,0_4,-24.0,"North America, High Income",M
NephropathyScr -> DiabeticNephropathy,5_9,-24.0,"North America, High Income",M
NephropathyScr -> DiabeticNephropathy,10_14,-24.0,"North America, High Income",M
NephropathyScr -> DiabeticNephropathy,15_19,-24.0,"North America, High Income",M
NephropathyScr -> DiabeticNephropathy,20_24,-24.0,"North America, High Income",M
NephropathyScr -> DiabeticNephropathy,25_29,-24.0,"North America, High Income",M
NephropathyScr -> DiabeticNephropathy,30_39,-24.0,"North America, High Income",M
NephropathyScr -> DiabeticNephropathy,40_49,-24.0,"North America, High Income",M
NephropathyScr -> DiabeticNephropathy,50_59,-24.0,"North America, High Income",M
NephropathyScr -> DiabeticNephropathy,60_69,-24.0,"North America, High Income",M
NephropathyScr -> DiabeticNephropathy,70_79,-24.0,"North America, High Income",M
NephropathyScr -> DiabeticNephropathy,80_100,-24.0,"North America, High Income",M
DiabeticNephropathy -> Disability,0_4,0.338,"North America, High Income",M
DiabeticNephropathy -> Disability,5_9,0.338,"North America, High Income",M
DiabeticNephropathy -> Disability,10_14,0.338,"North America, High Income",M
DiabeticNephropathy -> Disability,15_19,0.338,"North America, High Income",M
DiabeticNephropathy -> Disability,20_24,0.338,"North America, High Income",M
DiabeticNephropathy -> Disability,25_29,0.338,"North America, High Income",M
DiabeticNephropathy -> Disability,30_39,0.338,"North America, High Income",M
DiabeticNephropathy -> Disability,40_49,0.338,"North America, High Income",M
DiabeticNephropathy -> Disability,50_59,0.338,"North America, High Income",M
DiabeticNephropathy -> Disability,60_69,0.338,"North America, High Income",M
DiabeticNephropathy -> Disability,70_79,0.338,"North America, High Income",M
DiabeticNephropathy -> Disability,80_100,0.338,"North America, High Income",M
DiabeticNephropathy -> Deceased,0_4,0.0,"North America, High Income",M
DiabeticNephropathy -> Deceased,5_9,0.0,"North America, High Income",M
DiabeticNephropathy -> Deceased,10_14,0.0,"North America, High Income",M
DiabeticNephropathy -> Deceased,15_19,0.0,"North America, High Income",M
DiabeticNephropathy -> Deceased,20_24,0.00036770769071018885,"North America, High Income",M
DiabeticNephropathy -> Deceased,25_29,0.0016546846081958498,"North America, High Income",M
DiabeticNephropathy -> Deceased,30_39,0.0038609307524569833,"North America, High Income",M
DiabeticNephropathy -> Deceased,40_49,0.007538007659558873,"North America, High Income",M
DiabeticNephropathy -> Deceased,50_59,0.014524453783052463,"North America, High Income",M
DiabeticNephropathy -> Deceased,60_69,0.01856923838086454,"North America, High Income",M
DiabeticNephropathy -> Deceased,70_79,0.0297843229475253,"North America, High Income",M
DiabeticNephropathy -> Deceased,80_100,0.039896284442055494,"North America, High Income",M
Prevalence -> DiabeticNephropathy,0_4,0.00428,"North America, High Income",M
Prevalence -> DiabeticNephropathy,5_9,0.00428,"North America, High Income",M
Prevalence -> DiabeticNephropathy,10_14,0.00436,"North America, High Income",M
Prevalence -> DiabeticNephropathy,15_19,0.004560000000000001,"North America, High Income",M
Prevalence -> DiabeticNephropathy,20_24,0.00496,"North America, High Income",M
Prevalence -> DiabeticNephropathy,25_29,0.006200000000000001,"North America, High Income",M
Prevalence -> DiabeticNephropathy,30_39,0.011000000000000001,"North America, High Income",M
Prevalence -> DiabeticNephropathy,40_49,0.020680000000000004,"North America, High Income",M
Prevalence -> DiabeticNephropathy,50_59,0.03332,"North America, High Income",M
Prevalence -> DiabeticNephropathy,60_69,0.04012,"North America, High Income",M
Prevalence -> DiabeticNephropathy,70_79,0.04916,"North America, High Income",M
Prevalence -> DiabeticNephropathy,80_100,0.08984,"North America, High Income",M
DsFreeSus -> Disability,0_4,0.02081097574813464,"North America, High Income",F
DsFreeSus -> Disability,5_9,0.03373837072074272,"North America, High Income",F
DsFreeSus -> Disability,10_14,0.04666576569335079,"North America, High Income",F
DsFreeSus -> Disability,15_19,0.059593160665958864,"North America, High Income",F
DsFreeSus -> Disability,20_24,0.07252055563856694,"North America, High Income",F
DsFreeSus -> Disability,25_29,0.08544795061117501,"North America, High Income",F
DsFreeSus -> Disability,30_39,0.10483904307008712,"North America, High Income",F
DsFreeSus -> Disability,40_49,0.13069383301530327,"North America, High Income",F
DsFreeSus -> Disability,50_59,0.1565486229605194,"North America, High Income",F
DsFreeSus -> Disability,60_69,0.18240341290573556,"North America, High Income",F
DsFreeSus -> Disability,70_79,0.2082582028509517,"North America, High Income",F
DsFreeSus -> Disability,80_100,0.2405766902824719,"North America, High Income",F
DsFreeSus -> Diabetes,0_4,0.0,"North America, High Income",F
DsFreeSus -> Diabetes,5_9,0.0,"North America, High Income",F
DsFreeSus -> Diabetes,10_14,0.0,"North America, High Income",F
DsFreeSus -> Diabetes,15_19,0.0002,"North America, High Income",F
DsFreeSus -> Diabetes,20_24,0.0004,"North America, High Income",F
DsFreeSus -> Diabetes,25_29,0.0008,"North America, High Income",F
DsFreeSus -> Diabetes,30_39,0.0016,"North America, High Income",F
DsFreeSus -> Diabetes,40_49,0.0029,"North America, High Income",F
DsFreeSus -> Diabetes,50_59,0.0035,"North America, High Income",F
DsFreeSus -> Diabetes,60_69,0.0026,"North America, High Income",F
DsFreeSus -> Diabetes,70_79,0.0079,"North America, High Income",F
DsFreeSus -> Diabetes,80_100,0.0156,"North America, High Income",F
Diabetes -> Disability,0_4,0.031,"North America, High Income",F
Diabetes -> Disability,5_9,0.031,"North America, High Income",F
Diabetes -> Disability,10_14,0.031,"North America, High Income",F
Diabetes -> Disability,15_19,0.031,"North America, High Income",F
Diabetes -> Disability,20_24,0.031,"North America, High Income",F
Diabetes -> Disability,25_29,0.031,"North America, High Income",F
Diabetes -> Disability,30_39,0.031,"North America, High Income",F
Diabetes -> Disability,40_49,0.031,"North America, High Income",F
Diabetes -> Disability,50_59,0.031,"North America, High Income",F
Diabetes -> Disability,60_69,0.031,"North America, High Income",F
Diabetes -> Disability,70_79,0.031,"North America, High Income",F
Diabetes -> Disability,80_100,0.031,"North America, High Income",F
Diabetes -> Deceased,0_4,0.0,"North America, High Income",F
Diabetes -> Deceased,5_9,0.0,"North America, High Income",F
Diabetes -> Deceased,10_14,0.0,"North America, High Income",F
Diabetes -> Deceased,15_19,0.0,"North America, High Income",F
Diabetes -> Deceased,20_24,6.108101174587856e-05,"North America, High Income",F
Diabetes -> Deceased,25_29,0.0002443240469835142,"North America, High Income",F
Diabetes -> Deceased,30_39,0.0006718911292046642,"North America, High Income",F
Diabetes -> Deceased,40_49,0.0015881063053928425,"North America, High Income",F
Diabetes -> Deceased,50_59,0.002992969575548049,"North America, High Income",F
Diabetes -> Deceased,60_69,0.003970265763482106,"North America, High Income",F
Diabetes -> Deceased,70_79,0.00677999230379252,"North America, High Income",F
Diabetes -> Deceased,80_100,0.014903766865994369,"North America, High Income",F
Diabetes -> DiabeticRetinopathy,0_4,0.0,"North America, High Income",F
Diabetes -> DiabeticRetinopathy,5_9,0.0,"North America, High Income",F
Diabetes -> DiabeticRetinopathy,10_14,0.010822106516612575,"North America, High Income",F
Diabetes -> DiabeticRetinopathy,15_19,0.012020130599342845,"North America, High Income",F
Diabetes -> DiabeticRetinopathy,20_24,0.0021610808976522803,"North America, High Income",F
Diabetes -> DiabeticRetinopathy,25_29,0.0007048287680698747,"North America, High Income",F
Diabetes -> DiabeticRetinopathy,30_39,0.002872598319437847,"North America, High Income",F
Diabetes -> DiabeticRetinopathy,40_49,0.003446190082106517,"North America, High Income",F
Diabetes -> DiabeticRetinopathy,50_59,0.00470346536428721,"North America, High Income",F
Diabetes -> DiabeticRetinopathy,60_69,0.0072662403434774064,"North America, High Income",F
Diabetes -> DiabeticRetinopathy,70_79,0.005627602529248453,"North America, High Income",F
Diabetes -> DiabeticRetinopathy,80_100,0.0046406484636127305,"North America, High Income",F
Diabetes -> LowerExtrmAmpt,0_4,0.0,"North America, High Income",F
Diabetes -> LowerExtrmAmpt,5_9,0.0,"North America, High Income",F
Diabetes -> LowerExtrmAmpt,10_14,5.8371664059399e-05,"North America, High Income",F
Diabetes -> LowerExtrmAmpt,15_19,0.0010917938693174728,"North America, High Income",F
Diabetes -> LowerExtrmAmpt,20_24,0.0031433903965851348,"North America, High Income",F
Diabetes -> LowerExtrmAmpt,25_29,0.005272395588601122,"North America, High Income",F
Diabetes -> LowerExtrmAmpt,30_39,0.004872975053643675,"North America, High Income",F
Diabetes -> LowerExtrmAmpt,40_49,0.0008068161336804687,"North America, High Income",F
Diabetes -> LowerExtrmAmpt,50_59,0.000608466006299821,"North America, High Income",F
Diabetes -> LowerExtrmAmpt,60_69,0.004787518708331444,"North America, High Income",F
Diabetes -> LowerExtrmAmpt,70_79,0.010642917947758642,"North America, High Income",F
Diabetes -> LowerExtrmAmpt,80_100,0.009412087645928534,"North America, High Income",F
Diabetes -> DiabeticNephropathy,0_4,0.0,"North America, High Income",F
Diabetes -> DiabeticNephropathy,5_9,0.0,"North America, High Income",F
Diabetes -> DiabeticNephropathy,10_14,0.014,"North America, High Income",F
Diabetes -> DiabeticNephropathy,15_19,0.014,"North America, High Income",F
Diabetes -> DiabeticNephropathy,20_24,0.014,"North America, High Income",F
Diabetes -> DiabeticNephropathy,25_29,0.014,"North America, High Income",F
Diabetes -> DiabeticNephropathy,30_39,0.014,"North America, High Income",F
Diabetes -> DiabeticNephropathy,40_49,0.014,"North America, High Income",F
Diabetes -> DiabeticNephropathy,50_59,0.014,"North America, High Income",F
Diabetes -> DiabeticNephropathy,60_69,0.014,"North America, High Income",F
Diabetes -> DiabeticNephropathy,70_79,0.014,"North America, High Income",F
Diabetes -> DiabeticNephropathy,80_100,0.014,"North America, High Income",F
Prevalence -> Diabetes,0_4,0.0051225,"North America, High Income",F
Prevalence -> Diabetes,5_9,0.005190800000000001,"North America, High Income",F
Prevalence -> Diabetes,10_14,0.005259100000000001,"North America, High Income",F
Prevalence -> Diabetes,15_19,0.0055323,"North America, High Income",F
Prevalence -> Diabetes,20_24,0.0064885,"North America, High Income",F
Prevalence -> Diabetes,25_29,0.008400900000000001,"North America, High Income",F
Prevalence -> Diabetes,30_39,0.0146845,"North America, High Income",F
Prevalence -> Diabetes,40_49,0.029232400000000002,"North America, High Income",F
Prevalence -> Diabetes,50_59,0.04876620000000001,"North America, High Income",F
Prevalence -> Diabetes,60_69,0.06536310000000001,"North America, High Income",F
Prevalence -> Diabetes,70_79,0.07991100000000001,"North America, High Income",F
Prevalence -> Diabetes,80_100,0.1577047,"North America, High Income",F
DiabeticRetinopathy -> Disability,0_4,0.338,"North America, High Income",F
DiabeticRetinopathy -> Disability,5_9,0.338,"North America, High Income",F
DiabeticRetinopathy -> Disability,10_14,0.338,"North America, High Income",F
DiabeticRetinopathy -> Disability,15_19,0.338,"North America, High Income",F
DiabeticRetinopathy -> Disability,20_24,0.338,"North America, High Income",F
DiabeticRetinopathy -> Disability,25_29,0.338,"North America, High Income",F
DiabeticRetinopathy -> Disability,30_39,0.338,"North America, High Income",F
DiabeticRetinopathy -> Disability,40_49,0.338,"North America, High Income",F
DiabeticRetinopathy -> Disability,50_59,0.338,"North America, High Income",F
DiabeticRetinopathy -> Disability,60_69,0.338,"North America, High Income",F
DiabeticRetinopathy -> Disability,70_79,0.338,"North America, High Income",F
DiabeticRetinopathy -> Disability,80_100,0.338,"North America, High Income",F
DiabeticRetinopathy -> Deceased,0_4,0.0,"North America, High Income",F
DiabeticRetinopathy -> Deceased,5_9,0.0,"North America, High Income",F
DiabeticRetinopathy -> Deceased,10_14,0.0,"North America, High Income",F
DiabeticRetinopathy -> Deceased,15_19,0.0,"North America, High Income",F
DiabeticRetinopathy -> Deceased,20_24,0.0001,"North America, High Income",F
DiabeticRetinopathy -> Deceased,25_29,0.0005,"North America, High Income",F
DiabeticRetinopathy -> Deceased,30_39,0.0022,"North America, High Income",F
DiabeticRetinopathy -> Deceased,40_49,0.0051,"North America, High Income",F
DiabeticRetinopathy -> Deceased,50_59,0.0098,"North America, High Income",F
DiabeticRetinopathy -> Deceased,60_69,0.0132,"North America, High Income",F
DiabeticRetinopathy -> Deceased,70_79,0.0219,"North America, High Income",F
DiabeticRetinopathy -> Deceased,80_100,0.0475,"North America, High Income",F
Prevalence -> DiabeticRetinopathy,0_4,0.0,"North America, High Income",F
Prevalence -> DiabeticRetinopathy,5_9,0.0,"North America, High Income",F
Prevalence -> DiabeticRetinopathy,10_14,0.0003,"North America, High Income",F
Prevalence -> DiabeticRetinopathy,15_19,0.0009,"North America, High Income",F
Prevalence -> DiabeticRetinopathy,20_24,0.0011,"North America, High Income",F
Prevalence -> DiabeticRetinopathy,25_29,0.0012,"North America, High Income",F
Prevalence -> DiabeticRetinopathy,30_39,0.0014,"North America, High Income",F
Prevalence -> DiabeticRetinopathy,40_49,0.0024,"North America, High Income",F
Prevalence -> DiabeticRetinopathy,50_59,0.0044,"North America, High Income",F
Prevalence -> DiabeticRetinopathy,60_69,0.0087,"North America, High Income",F
Prevalence -> DiabeticRetinopathy,70_79,0.0136,"North America, High Income",F
Prevalence -> DiabeticRetinopathy,80_100,0.0176,"North America, High Income",F
LowerExtrmAmpt -> Disability,0_4,0.164,"North America, High Income",F
LowerExtrmAmpt -> Disability,5_9,0.164,"North America, High Income",F
LowerExtrmAmpt -> Disability,10_14,0.164,"North America, High Income",F
LowerExtrmAmpt -> Disability,15_19,0.164,"North America, High Income",F
LowerExtrmAmpt -> Disability,20_24,0.164,"North America, High Income",F
LowerExtrmAmpt -> Disability,25_29,0.164,"North America, High Income",F
LowerExtrmAmpt -> Disability,30_39,0.164,"North America, High Income",F
LowerExtrmAmpt -> Disability,40_49,0.164,"North America, High Income",F
LowerExtrmAmpt -> Disability,50_59,0.164,"North America, High Income",F
LowerExtrmAmpt -> Disability,60_69,0.164,"North America, High Income",F
LowerExtrmAmpt -> Disability,70_79,0.164,"North America, High Income",F
LowerExtrmAmpt -> Disability,80_100,0.164,"North America, High Income",F
LowerExtrmAmpt -> Deceased,0_4,0.0,"North America, High Income",F
LowerExtrmAmpt -> Deceased,5_9,0.0,"North America, High Income",F
LowerExtrmAmpt -> Deceased,10_14,0.0,"North America, High Income",F
LowerExtrmAmpt -> Deceased,15_19,0.0,"North America, High Income",F
LowerExtrmAmpt -> Deceased,20_24,0.0001,"North America, High Income",F
LowerExtrmAmpt -> Deceased,25_29,0.0006,"North America, High Income",F
LowerExtrmAmpt -> Deceased,30_39,0.0023,"North America, High Income",F
LowerExtrmAmpt -> Deceased,40_49,0.005,"North America, High Income",F
LowerExtrmAmpt -> Deceased,50_59,0.0097,"North America, High Income",F
LowerExtrmAmpt -> Deceased,60_69,0.0135,"North America, High Income",F
LowerExtrmAmpt -> Deceased,70_79,0.0224,"North America, High Income",F
LowerExtrmAmpt -> Deceased,80_100,0.0491,"North America, High Income",F
Prevalence -> LowerExtrmAmpt,0_4,0.0,"North America, High Income",F
Prevalence -> LowerExtrmAmpt,5_9,0.0,"North America, High Income",F
Prevalence -> LowerExtrmAmpt,10_14,0.0,"North America, High Income",F
Prevalence -> LowerExtrmAmpt,15_19,0.0,"North America, High Income",F
Prevalence -> LowerExtrmAmpt,20_24,0.0001,"North America, High Income",F
Prevalence -> LowerExtrmAmpt,25_29,0.0003,"North America, High Income",F
Prevalence -> LowerExtrmAmpt,30_39,0.0011,"North America, High Income",F
Prevalence -> LowerExtrmAmpt,40_49,0.0017,"North America, High Income",F
Prevalence -> LowerExtrmAmpt,50_59,0.0018,"North America, High Income",F
Prevalence -> LowerExtrmAmpt,60_69,0.0037,"North America, High Income",F
Prevalence -> LowerExtrmAmpt,70_79,0.0099,"North America, High Income",F
Prevalence -> LowerExtrmAmpt,80_100,0.0251,"North America, High Income",F
Disability -> Disability,0_4,0.0,"North America, High Income",F
Disability -> Disability,5_9,0.0,"North America, High Income",F
Disability -> Disability,10_14,0.0,"North America, High Income",F
Disability -> Disability,15_19,0.0,"North America, High Income",F
Disability -> Disability,20_24,0.0,"North America, High Income",F
Disability -> Disability,25_29,0.0,"North America, High Income",F
Disability -> Disability,30_39,0.0,"North America, High Income",F
Disability -> Disability,40_49,0.0,"North America, High Income",F
Disability -> Disability,50_59,0.0,"North America, High Income",F
Disability -> Disability,60_69,0.0,"North America, High Income",F
Disability -> Disability,70_79,0.0,"North America, High Income",F
Disability -> Disability,80_100,0.0,"North America, High Income",F
StdGlycControl -> DiabeticRetinopathy,0_4,-75.0,"North America, High Income",F
StdGlycControl -> DiabeticRetinopathy,5_9,-75.0,"North America, High Income",F
StdGlycControl -> DiabeticRetinopathy,10_14,-75.0,"North America, High Income",F
StdGlycControl -> DiabeticRetinopathy,15_19,-75.0,"North America, High Income",F
StdGlycControl -> DiabeticRetinopathy,20_24,-75.0,"North America, High Income",F
StdGlycControl -> DiabeticRetinopathy,25_29,-75.0,"North America, High Income",F
StdGlycControl -> DiabeticRetinopathy,30_39,-75.0,"North America, High Income",F
StdGlycControl -> DiabeticRetinopathy,40_49,-75.0,"North America, High Income",F
StdGlycControl -> DiabeticRetinopathy,50_59,-75.0,"North America, High Income",F
StdGlycControl -> DiabeticRetinopathy,60_69,-75.0,"North America, High Income",F
StdGlycControl -> DiabeticRetinopathy,70_79,-75.0,"North America, High Income",F
StdGlycControl -> DiabeticRetinopathy,80_100,-75.0,"North America, High Income",F
StdGlycControl -> LowerExtrmAmpt,0_4,-28.6,"North America, High Income",F
StdGlycControl -> LowerExtrmAmpt,5_9,-28.6,"North America, High Income",F
StdGlycControl -> LowerExtrmAmpt,10_14,-28.6,"North America, High Income",F
StdGlycControl -> LowerExtrmAmpt,15_19,-28.6,"North America, High Income",F
StdGlycControl -> LowerExtrmAmpt,20_24,-28.6,"North America, High Income",F
StdGlycControl -> LowerExtrmAmpt,25_29,-28.6,"North America, High Income",F
StdGlycControl -> LowerExtrmAmpt,30_39,-28.6,"North America, High Income",F
StdGlycControl -> LowerExtrmAmpt,40_49,-28.6,"North America, High Income",F
StdGlycControl -> LowerExtrmAmpt,50_59,-28.6,"North America, High Income",F
StdGlycControl -> LowerExtrmAmpt,60_69,-28.6,"North America, High Income",F
StdGlycControl -> LowerExtrmAmpt,70_79,-28.6,"North America, High Income",F
StdGlycControl -> LowerExtrmAmpt,80_100,-28.6,"North America, High Income",F
StdGlycControl -> DiabeticNephropathy,0_4,-39.0,"North America, High Income",F
StdGlycControl -> DiabeticNephropathy,5_9,-39.0,"North America, High Income",F
StdGlycControl -> DiabeticNephropathy,10_14,-39.0,"North America, High Income",F
StdGlycControl -> DiabeticNephropathy,15_19,-39.0,"North America, High Income",F
StdGlycControl -> DiabeticNephropathy,20_24,-39.0,"North America, High Income",F
StdGlycControl -> DiabeticNephropathy,25_29,-39.0,"North America, High Income",F
StdGlycControl -> DiabeticNephropathy,30_39,-39.0,"North America, High Income",F
StdGlycControl -> DiabeticNephropathy,40_49,-39.0,"North America, High Income",F
StdGlycControl -> DiabeticNephropathy,50_59,-39.0,"North America, High Income",F
StdGlycControl -> DiabeticNephropathy,60_69,-39.0,"North America, High Income",F
StdGlycControl -> DiabeticNephropathy,70_79,-39.0,"North America, High Income",F
StdGlycControl -> DiabeticNephropathy,80_100,-39.0,"North America, High Income",F
IntsvGlycControl -> DiabeticRetinopathy,0_4,-65.0,"North America, High Income",F
IntsvGlycControl -> DiabeticRetinopathy,5_9,-65.0,"North America, High Income",F
IntsvGlycControl -> DiabeticRetinopathy,10_14,-65.0,"North America, High Income",F
IntsvGlycControl -> DiabeticRetinopathy,15_19,-65.0,"North America, High Income",F
IntsvGlycControl -> DiabeticRetinopathy,20_24,-65.0,"North America, High Income",F
IntsvGlycControl -> DiabeticRetinopathy,25_29,-65.0,"North America, High Income",F
IntsvGlycControl -> DiabeticRetinopathy,30_39,-65.0,"North America, High Income",F
IntsvGlycControl -> DiabeticRetinopathy,40_49,-65.0,"North America, High Income",F
IntsvGlycControl -> DiabeticRetinopathy,50_59,-65.0,"North America, High Income",F
IntsvGlycControl -> DiabeticRetinopathy,60_69,-65.0,"North America, High Income",F
IntsvGlycControl -> DiabeticRetinopathy,70_79,-65.0,"North America, High Income",F
IntsvGlycControl -> DiabeticRetinopathy,80_100,-65.0,"North America, High Income",F
IntsvGlycControl -> LowerExtrmAmpt,0_4,-15.1,"North America, High Income",F
IntsvGlycControl -> LowerExtrmAmpt,5_9,-15.1,"North America, High Income",F
IntsvGlycControl -> LowerExtrmAmpt,10_14,-15.1,"North America, High Income",F
IntsvGlycControl -> LowerExtrmAmpt,15_19,-15.1,"North America, High Income",F
IntsvGlycControl -> LowerExtrmAmpt,20_24,-15.1,"North America, High Income",F
IntsvGlycControl -> LowerExtrmAmpt,25_29,-15.1,"North America, High Income",F
IntsvGlycControl -> LowerExtrmAmpt,30_39,-15.1,"North America, High Income",F
IntsvGlycControl -> LowerExtrmAmpt,40_49,-15.1,"North America, High Income",F
IntsvGlycControl -> LowerExtrmAmpt,50_59,-15.1,"North America, High Income",F
IntsvGlycControl -> LowerExtrmAmpt,60_69,-15.1,"North America, High Income",F
IntsvGlycControl -> LowerExtrmAmpt,70_79,-15.1,"North America, High Income",F
IntsvGlycControl -> LowerExtrmAmpt,80_100,-15.1,"North America, High Income",F
IntsvGlycControl -> DiabeticNephropathy,0_4,-39.0,"North America, High Income",F
IntsvGlycControl -> DiabeticNephropathy,5_9,-39.0,"North America, High Income",F
IntsvGlycControl -> DiabeticNephropathy,10_14,-39.0,"North America, High Income",F
IntsvGlycControl -> DiabeticNephropathy,15_19,-39.0,"North America, High Income",F
IntsvGlycControl -> DiabeticNephropathy,20_24,-39.0,"North America, High Income",F
IntsvGlycControl -> DiabeticNephropathy,25_29,-39.0,"North America, High Income",F
IntsvGlycControl -> DiabeticNephropathy,30_39,-39.0,"North America, High Income",F
IntsvGlycControl -> DiabeticNephropathy,40_49,-39.0,"North America, High Income",F
IntsvGlycControl -> DiabeticNephropathy,50_59,-39.0,"North America, High Income",F
IntsvGlycControl -> DiabeticNephropathy,60_69,-39.0,"North America, High Income",F
IntsvGlycControl -> DiabeticNephropathy,70_79,-39.0,"North America, High Income",F
IntsvGlycControl -> DiabeticNephropathy,80_100,-39.0,"North America, High Income",F
RetinopathyScrn -> DiabeticRetinopathy,0_4,-20.0,"North America, High Income",F
RetinopathyScrn -> DiabeticRetinopathy,5_9,-20.0,"North America, High Income",F
RetinopathyScrn -> DiabeticRetinopathy,10_14,-20.0,"North America, High Income",F
RetinopathyScrn -> DiabeticRetinopathy,15_19,-20.0,"North America, High Income",F
RetinopathyScrn -> DiabeticRetinopathy,20_24,-20.0,"North America, High Income",F
RetinopathyScrn -> DiabeticRetinopathy,25_29,-20.0,"North America, High Income",F
RetinopathyScrn -> DiabeticRetinopathy,30_39,-20.0,"North America, High Income",F
RetinopathyScrn -> DiabeticRetinopathy,40_49,-20.0,"North America, High Income",F
RetinopathyScrn -> DiabeticRetinopathy,50_59,-20.0,"North America, High Income",F
RetinopathyScrn -> DiabeticRetinopathy,60_69,-20.0,"North America, High Income",F
RetinopathyScrn -> DiabeticRetinopathy,70_79,-20.0,"North America, High Income",F
RetinopathyScrn -> DiabeticRetinopathy,80_100,-20.0,"North America, High Income",F
NeuropathyScr -> LowerExtrmAmpt,0_4,-35.0,"North America, High Income",F
NeuropathyScr -> LowerExtrmAmpt,5_9,-35.0,"North America, High Income",F
NeuropathyScr -> LowerExtrmAmpt,10_14,-35.0,"North America, High Income",F
NeuropathyScr -> LowerExtrmAmpt,15_19,-35.0,"North America, High Income",F
NeuropathyScr -> LowerExtrmAmpt,20_24,-35.0,"North America, High Income",F
NeuropathyScr -> LowerExtrmAmpt,25_29,-35.0,"North America, High Income",F
NeuropathyScr -> LowerExtrmAmpt,30_39,-35.0,"North America, High Income",F
NeuropathyScr -> LowerExtrmAmpt,40_49,-35.0,"North America, High Income",F
NeuropathyScr -> LowerExtrmAmpt,50_59,-35.0,"North America, High Income",F
NeuropathyScr -> LowerExtrmAmpt,60_69,-35.0,"North America, High Income",F
NeuropathyScr -> LowerExtrmAmpt,70_79,-35.0,"North America, High Income",F
NeuropathyScr -> LowerExtrmAmpt,80_100,-35.0,"North America, High Income",F
NephropathyScr -> DiabeticNephropathy,0_4,-24.0,"North America, High Income",F
NephropathyScr -> DiabeticNephropathy,5_9,-24.0,"North America, High Income",F
NephropathyScr -> DiabeticNephropathy,10_14,-24.0,"North America, High Income",F
NephropathyScr -> DiabeticNephropathy,15_19,-24.0,"North America, High Income",F
NephropathyScr -> DiabeticNephropathy,20_24,-24.0,"North America, High Income",F
NephropathyScr -> DiabeticNephropathy,25_29,-24.0,"North America, High Income",F
NephropathyScr -> DiabeticNephropathy,30_39,-24.0,"North America, High Income",F
NephropathyScr -> DiabeticNephropathy,40_49,-24.0,"North America, High Income",F
NephropathyScr -> DiabeticNephropathy,50_59,-24.0,"North America, High Income",F
NephropathyScr -> DiabeticNephropathy,60_69,-24.0,"North America, High Income",F
NephropathyScr -> DiabeticNephropathy,70_79,-24.0,"North America, High Income",F
NephropathyScr -> DiabeticNephropathy,80_100,-24.0,"North America, High Income",F
DiabeticNephropathy -> Disability,0_4,0.338,"North America, High Income",F
DiabeticNephropathy -> Disability,5_9,0.338,"North America, High Income",F
DiabeticNephropathy -> Disability,10_14,0.338,"North America, High Income",F
DiabeticNephropathy -> Disability,15_19,0.338,"North America, High Income",F
DiabeticNephropathy -> Disability,20_24,0.338,"North America, High Income",F
DiabeticNephropathy -> Disability,25_29,0.338,"North America, High Income",F
DiabeticNephropathy -> Disability,30_39,0.338,"North America, High Income",F
DiabeticNephropathy -> Disability,40_49,0.338,"North America, High Income",F
DiabeticNephropathy -> Disability,50_59,0.338,"North America, High Income",F
DiabeticNephropathy -> Disability,60_69,0.338,"North America, High Income",F
DiabeticNephropathy -> Disability,70_79,0.338,"North America, High Income",F
DiabeticNephropathy -> Disability,80_100,0.338,"North America, High Income",F
DiabeticNephropathy -> Deceased,0_4,0.0,"North America, High Income",F
DiabeticNephropathy -> Deceased,5_9,0.0,"North America, High Income",F
DiabeticNephropathy -> Deceased,10_14,0.0,"North America, High Income",F
DiabeticNephropathy -> Deceased,15_19,0.0,"North America, High Income",F
DiabeticNephropathy -> Deceased,20_24,0.00018385384535509443,"North America, High Income",F
DiabeticNephropathy -> Deceased,25_29,0.0007354153814203777,"North America, High Income",F
DiabeticNephropathy -> Deceased,30_39,0.0020223922989060393,"North America, High Income",F
DiabeticNephropathy -> Deceased,40_49,0.004780199979232455,"North America, High Income",F
DiabeticNephropathy -> Deceased,50_59,0.009008838422399627,"North America, High Income",F
DiabeticNephropathy -> Deceased,60_69,0.01195049994808114,"North America, High Income",F
DiabeticNephropathy -> Deceased,70_79,0.020407776834415484,"North America, High Income",F
DiabeticNephropathy -> Deceased,80_100,0.04486033826664305,"North America, High Income",F
Prevalence -> DiabeticNephropathy,0_4,0.00428,"North America, High Income",F
Prevalence -> DiabeticNephropathy,5_9,0.00428,"North America, High Income",F
Prevalence -> DiabeticNephropathy,10_14,0.00436,"North America, High Income",F
Prevalence -> DiabeticNephropathy,15_19,0.004560000000000001,"North America, High Income",F
Prevalence -> DiabeticNephropathy,20_24,0.00496,"North America, High Income",F
Prevalence -> DiabeticNephropathy,25_29,0.006200000000000001,"North America, High Income",F
Prevalence -> DiabeticNephropathy,30_39,0.011000000000000001,"North America, High Income",F
Prevalence -> DiabeticNephropathy,40_49,0.020680000000000004,"North America, High Income",F
Prevalence -> DiabeticNephropathy,50_59,0.03332,"North America, High Income",F
Prevalence -> DiabeticNephropathy,60_69,0.04012,"North America, High Income",F
Prevalence -> DiabeticNephropathy,70_79,0.04916,"North America, High Income",F
Prevalence -> DiabeticNephropathy,80_100,0.08984,"North America, High Income",F
